asset_code,updated_at,update_type,component_name,old_value,new_value,detail,made_by,model,source_sn
AL25070877,"2025-07-25 08:32:35",hardware,"IC boost",,SDB628,"เปลี่ยน IC boost : SDB628",Admin,bitScan,"AL25070877 - AL25070886"
AL25070878,"2025-07-25 08:32:35",hardware,"IC boost",,SDB628,"เปลี่ยน IC boost : SDB628",Admin,bitScan,"AL25070877 - AL25070886"
AL25070879,"2025-07-25 08:32:35",hardware,"IC boost",,SDB628,"เปลี่ยน IC boost : SDB628",Admin,bitScan,"AL25070877 - AL25070886"
AL25070880,"2025-07-25 08:32:35",hardware,"IC boost",,SDB628,"เปลี่ยน IC boost : SDB628",Admin,bitScan,"AL25070877 - AL25070886"
AL25070881,"2025-07-25 08:32:35",hardware,"IC boost",,SDB628,"เปลี่ยน IC boost : SDB628",Admin,bitScan,"AL25070877 - AL25070886"
AL25070882,"2025-07-25 08:32:35",hardware,"IC boost",,SDB628,"เปลี่ยน IC boost : SDB628",Admin,bitScan,"AL25070877 - AL25070886"
AL25070883,"2025-07-25 08:32:35",hardware,"IC boost",,SDB628,"เปลี่ยน IC boost : SDB628",Admin,bitScan,"AL25070877 - AL25070886"
AL25070884,"2025-07-25 08:32:35",hardware,"IC boost",,SDB628,"เปลี่ยน IC boost : SDB628",Admin,bitScan,"AL25070877 - AL25070886"
AL25070885,"2025-07-25 08:32:35",hardware,"IC boost",,SDB628,"เปลี่ยน IC boost : SDB628",Admin,bitScan,"AL25070877 - AL25070886"
AL25070886,"2025-07-25 08:32:35",hardware,"IC boost",,SDB628,"เปลี่ยน IC boost : SDB628",Admin,bitScan,"AL25070877 - AL25070886"
BS25070476,"2025-07-03 15:19:18",hardware,image,,,"เปลี่ยน image",Admin,"bitVisitor S","BS25070476 - BS25070485"
BS25070477,"2025-07-03 15:19:18",hardware,image,,,"เปลี่ยน image",Admin,"bitVisitor S","BS25070476 - BS25070485"
BS25070478,"2025-07-03 15:19:18",hardware,image,,,"เปลี่ยน image",Admin,"bitVisitor S","BS25070476 - BS25070485"
BS25070479,"2025-07-03 15:19:18",hardware,image,,,"เปลี่ยน image",Admin,"bitVisitor S","BS25070476 - BS25070485"
BS25070480,"2025-07-03 15:19:18",hardware,image,,,"เปลี่ยน image",Admin,"bitVisitor S","BS25070476 - BS25070485"
BS25070481,"2025-07-03 15:19:18",hardware,image,,,"เปลี่ยน image",Admin,"bitVisitor S","BS25070476 - BS25070485"
BS25070482,"2025-07-03 15:19:18",hardware,image,,,"เปลี่ยน image",Admin,"bitVisitor S","BS25070476 - BS25070485"
BS25070483,"2025-07-03 15:19:18",hardware,image,,,"เปลี่ยน image",Admin,"bitVisitor S","BS25070476 - BS25070485"
BS25070484,"2025-07-03 15:19:18",hardware,image,,,"เปลี่ยน image",Admin,"bitVisitor S","BS25070476 - BS25070485"
BS25070485,"2025-07-03 15:19:18",hardware,image,,,"เปลี่ยน image",Admin,"bitVisitor S","BS25070476 - BS25070485"
AL25060817,"2025-06-09 13:28:01",firmware,,,6.5,"FW 6.5",Admin,bitScan,"AL25060817 - AL25060836"
AL25060818,"2025-06-09 13:28:01",firmware,,,6.5,"FW 6.5",Admin,bitScan,"AL25060817 - AL25060836"
AL25060819,"2025-06-09 13:28:01",firmware,,,6.5,"FW 6.5",Admin,bitScan,"AL25060817 - AL25060836"
AL25060820,"2025-06-09 13:28:01",firmware,,,6.5,"FW 6.5",Admin,bitScan,"AL25060817 - AL25060836"
AL25060821,"2025-06-09 13:28:01",firmware,,,6.5,"FW 6.5",Admin,bitScan,"AL25060817 - AL25060836"
AL25060822,"2025-06-09 13:28:01",firmware,,,6.5,"FW 6.5",Admin,bitScan,"AL25060817 - AL25060836"
AL25060823,"2025-06-09 13:28:01",firmware,,,6.5,"FW 6.5",Admin,bitScan,"AL25060817 - AL25060836"
AL25060824,"2025-06-09 13:28:01",firmware,,,6.5,"FW 6.5",Admin,bitScan,"AL25060817 - AL25060836"
AL25060825,"2025-06-09 13:28:01",firmware,,,6.5,"FW 6.5",Admin,bitScan,"AL25060817 - AL25060836"
AL25060826,"2025-06-09 13:28:01",firmware,,,6.5,"FW 6.5",Admin,bitScan,"AL25060817 - AL25060836"
AL25060827,"2025-06-09 13:28:01",firmware,,,6.5,"FW 6.5",Admin,bitScan,"AL25060817 - AL25060836"
AL25060828,"2025-06-09 13:28:01",firmware,,,6.5,"FW 6.5",Admin,bitScan,"AL25060817 - AL25060836"
AL25060829,"2025-06-09 13:28:01",firmware,,,6.5,"FW 6.5",Admin,bitScan,"AL25060817 - AL25060836"
AL25060830,"2025-06-09 13:28:01",firmware,,,6.5,"FW 6.5",Admin,bitScan,"AL25060817 - AL25060836"
AL25060831,"2025-06-09 13:28:01",firmware,,,6.5,"FW 6.5",Admin,bitScan,"AL25060817 - AL25060836"
AL25060832,"2025-06-09 13:28:01",firmware,,,6.5,"FW 6.5",Admin,bitScan,"AL25060817 - AL25060836"
AL25060833,"2025-06-09 13:28:01",firmware,,,6.5,"FW 6.5",Admin,bitScan,"AL25060817 - AL25060836"
AL25060834,"2025-06-09 13:28:01",firmware,,,6.5,"FW 6.5",Admin,bitScan,"AL25060817 - AL25060836"
AL25060835,"2025-06-09 13:28:01",firmware,,,6.5,"FW 6.5",Admin,bitScan,"AL25060817 - AL25060836"
AL25060836,"2025-06-09 13:28:01",firmware,,,6.5,"FW 6.5",Admin,bitScan,"AL25060817 - AL25060836"
BP25051745,"2025-05-31 17:45:25",hardware,,,,"ติดกาว UV ตรงแพรทัชสกรีน แทนการพ่นเคลือบ",Admin,"bitVisitor Plus","BP25051745 - BP25051754"
BP25051746,"2025-05-31 17:45:25",hardware,,,,"ติดกาว UV ตรงแพรทัชสกรีน แทนการพ่นเคลือบ",Admin,"bitVisitor Plus","BP25051745 - BP25051754"
BP25051747,"2025-05-31 17:45:25",hardware,,,,"ติดกาว UV ตรงแพรทัชสกรีน แทนการพ่นเคลือบ",Admin,"bitVisitor Plus","BP25051745 - BP25051754"
BP25051748,"2025-05-31 17:45:25",hardware,,,,"ติดกาว UV ตรงแพรทัชสกรีน แทนการพ่นเคลือบ",Admin,"bitVisitor Plus","BP25051745 - BP25051754"
BP25051749,"2025-05-31 17:45:25",hardware,,,,"ติดกาว UV ตรงแพรทัชสกรีน แทนการพ่นเคลือบ",Admin,"bitVisitor Plus","BP25051745 - BP25051754"
BP25051750,"2025-05-31 17:45:25",hardware,,,,"ติดกาว UV ตรงแพรทัชสกรีน แทนการพ่นเคลือบ",Admin,"bitVisitor Plus","BP25051745 - BP25051754"
BP25051751,"2025-05-31 17:45:25",hardware,,,,"ติดกาว UV ตรงแพรทัชสกรีน แทนการพ่นเคลือบ",Admin,"bitVisitor Plus","BP25051745 - BP25051754"
BP25051752,"2025-05-31 17:45:25",hardware,,,,"ติดกาว UV ตรงแพรทัชสกรีน แทนการพ่นเคลือบ",Admin,"bitVisitor Plus","BP25051745 - BP25051754"
BP25051753,"2025-05-31 17:45:25",hardware,,,,"ติดกาว UV ตรงแพรทัชสกรีน แทนการพ่นเคลือบ",Admin,"bitVisitor Plus","BP25051745 - BP25051754"
BP25051754,"2025-05-31 17:45:25",hardware,,,,"ติดกาว UV ตรงแพรทัชสกรีน แทนการพ่นเคลือบ",Admin,"bitVisitor Plus","BP25051745 - BP25051754"
BS25050446,"2025-05-27 11:16:39",firmware,,,3.7,"EXP. v3.7",Admin,"bitVisitor S","BS25050446 - BS25050455"
BS25050447,"2025-05-27 11:16:39",firmware,,,3.7,"EXP. v3.7",Admin,"bitVisitor S","BS25050446 - BS25050455"
BS25050448,"2025-05-27 11:16:39",firmware,,,3.7,"EXP. v3.7",Admin,"bitVisitor S","BS25050446 - BS25050455"
BS25050449,"2025-05-27 11:16:39",firmware,,,3.7,"EXP. v3.7",Admin,"bitVisitor S","BS25050446 - BS25050455"
BS25050450,"2025-05-27 11:16:39",firmware,,,3.7,"EXP. v3.7",Admin,"bitVisitor S","BS25050446 - BS25050455"
BS25050451,"2025-05-27 11:16:39",firmware,,,3.7,"EXP. v3.7",Admin,"bitVisitor S","BS25050446 - BS25050455"
BS25050452,"2025-05-27 11:16:39",firmware,,,3.7,"EXP. v3.7",Admin,"bitVisitor S","BS25050446 - BS25050455"
BS25050453,"2025-05-27 11:16:39",firmware,,,3.7,"EXP. v3.7",Admin,"bitVisitor S","BS25050446 - BS25050455"
BS25050454,"2025-05-27 11:16:39",firmware,,,3.7,"EXP. v3.7",Admin,"bitVisitor S","BS25050446 - BS25050455"
BS25050455,"2025-05-27 11:16:39",firmware,,,3.7,"EXP. v3.7",Admin,"bitVisitor S","BS25050446 - BS25050455"
BM25051331,"2025-05-26 09:31:05",hardware,,,,"ติดกาว UV ตรงแพรทัชสกรีน แทนการพ่นเคลือบ",Admin,"bitVisitor M","BM25051331 - BM25051340"
BM25051332,"2025-05-26 09:31:05",hardware,,,,"ติดกาว UV ตรงแพรทัชสกรีน แทนการพ่นเคลือบ",Admin,"bitVisitor M","BM25051331 - BM25051340"
BM25051333,"2025-05-26 09:31:05",hardware,,,,"ติดกาว UV ตรงแพรทัชสกรีน แทนการพ่นเคลือบ",Admin,"bitVisitor M","BM25051331 - BM25051340"
BM25051334,"2025-05-26 09:31:05",hardware,,,,"ติดกาว UV ตรงแพรทัชสกรีน แทนการพ่นเคลือบ",Admin,"bitVisitor M","BM25051331 - BM25051340"
BM25051335,"2025-05-26 09:31:05",hardware,,,,"ติดกาว UV ตรงแพรทัชสกรีน แทนการพ่นเคลือบ",Admin,"bitVisitor M","BM25051331 - BM25051340"
BM25051336,"2025-05-26 09:31:05",hardware,,,,"ติดกาว UV ตรงแพรทัชสกรีน แทนการพ่นเคลือบ",Admin,"bitVisitor M","BM25051331 - BM25051340"
BM25051337,"2025-05-26 09:31:05",hardware,,,,"ติดกาว UV ตรงแพรทัชสกรีน แทนการพ่นเคลือบ",Admin,"bitVisitor M","BM25051331 - BM25051340"
BM25051338,"2025-05-26 09:31:05",hardware,,,,"ติดกาว UV ตรงแพรทัชสกรีน แทนการพ่นเคลือบ",Admin,"bitVisitor M","BM25051331 - BM25051340"
BM25051339,"2025-05-26 09:31:05",hardware,,,,"ติดกาว UV ตรงแพรทัชสกรีน แทนการพ่นเคลือบ",Admin,"bitVisitor M","BM25051331 - BM25051340"
BM25051340,"2025-05-26 09:31:05",hardware,,,,"ติดกาว UV ตรงแพรทัชสกรีน แทนการพ่นเคลือบ",Admin,"bitVisitor M","BM25051331 - BM25051340"
AL25050797,"2025-05-17 15:18:43",firmware,,,6.5,"FW 6.5",Admin,,"AL25050797 - AL25050816"
AL25050798,"2025-05-17 15:18:43",firmware,,,6.5,"FW 6.5",Admin,,"AL25050797 - AL25050816"
AL25050799,"2025-05-17 15:18:43",firmware,,,6.5,"FW 6.5",Admin,,"AL25050797 - AL25050816"
AL25050800,"2025-05-17 15:18:43",firmware,,,6.5,"FW 6.5",Admin,,"AL25050797 - AL25050816"
AL25050801,"2025-05-17 15:18:43",firmware,,,6.5,"FW 6.5",Admin,,"AL25050797 - AL25050816"
AL25050802,"2025-05-17 15:18:43",firmware,,,6.5,"FW 6.5",Admin,,"AL25050797 - AL25050816"
AL25050803,"2025-05-17 15:18:43",firmware,,,6.5,"FW 6.5",Admin,,"AL25050797 - AL25050816"
AL25050804,"2025-05-17 15:18:43",firmware,,,6.5,"FW 6.5",Admin,,"AL25050797 - AL25050816"
AL25050805,"2025-05-17 15:18:43",firmware,,,6.5,"FW 6.5",Admin,,"AL25050797 - AL25050816"
AL25050806,"2025-05-17 15:18:43",firmware,,,6.5,"FW 6.5",Admin,,"AL25050797 - AL25050816"
AL25050807,"2025-05-17 15:18:43",firmware,,,6.5,"FW 6.5",Admin,,"AL25050797 - AL25050816"
AL25050808,"2025-05-17 15:18:43",firmware,,,6.5,"FW 6.5",Admin,,"AL25050797 - AL25050816"
AL25050809,"2025-05-17 15:18:43",firmware,,,6.5,"FW 6.5",Admin,,"AL25050797 - AL25050816"
AL25050810,"2025-05-17 15:18:43",firmware,,,6.5,"FW 6.5",Admin,,"AL25050797 - AL25050816"
AL25050811,"2025-05-17 15:18:43",firmware,,,6.5,"FW 6.5",Admin,,"AL25050797 - AL25050816"
AL25050812,"2025-05-17 15:18:43",firmware,,,6.5,"FW 6.5",Admin,,"AL25050797 - AL25050816"
AL25050813,"2025-05-17 15:18:43",firmware,,,6.5,"FW 6.5",Admin,,"AL25050797 - AL25050816"
AL25050814,"2025-05-17 15:18:43",firmware,,,6.5,"FW 6.5",Admin,,"AL25050797 - AL25050816"
AL25050815,"2025-05-17 15:18:43",firmware,,,6.5,"FW 6.5",Admin,,"AL25050797 - AL25050816"
AL25050816,"2025-05-17 15:18:43",firmware,,,6.5,"FW 6.5",Admin,,"AL25050797 - AL25050816"
AL25040777,"2025-04-22 12:51:56",firmware,,,6.5,"FW 6.5",Admin,bitScan,"AL25040777 - AL25040796"
AL25040778,"2025-04-22 12:51:56",firmware,,,6.5,"FW 6.5",Admin,bitScan,"AL25040777 - AL25040796"
AL25040779,"2025-04-22 12:51:56",firmware,,,6.5,"FW 6.5",Admin,bitScan,"AL25040777 - AL25040796"
AL25040780,"2025-04-22 12:51:56",firmware,,,6.5,"FW 6.5",Admin,bitScan,"AL25040777 - AL25040796"
AL25040781,"2025-04-22 12:51:56",firmware,,,6.5,"FW 6.5",Admin,bitScan,"AL25040777 - AL25040796"
AL25040782,"2025-04-22 12:51:56",firmware,,,6.5,"FW 6.5",Admin,bitScan,"AL25040777 - AL25040796"
AL25040783,"2025-04-22 12:51:56",firmware,,,6.5,"FW 6.5",Admin,bitScan,"AL25040777 - AL25040796"
AL25040784,"2025-04-22 12:51:56",firmware,,,6.5,"FW 6.5",Admin,bitScan,"AL25040777 - AL25040796"
AL25040785,"2025-04-22 12:51:56",firmware,,,6.5,"FW 6.5",Admin,bitScan,"AL25040777 - AL25040796"
AL25040786,"2025-04-22 12:51:56",firmware,,,6.5,"FW 6.5",Admin,bitScan,"AL25040777 - AL25040796"
AL25040787,"2025-04-22 12:51:56",firmware,,,6.5,"FW 6.5",Admin,bitScan,"AL25040777 - AL25040796"
AL25040788,"2025-04-22 12:51:56",firmware,,,6.5,"FW 6.5",Admin,bitScan,"AL25040777 - AL25040796"
AL25040789,"2025-04-22 12:51:56",firmware,,,6.5,"FW 6.5",Admin,bitScan,"AL25040777 - AL25040796"
AL25040790,"2025-04-22 12:51:56",firmware,,,6.5,"FW 6.5",Admin,bitScan,"AL25040777 - AL25040796"
AL25040791,"2025-04-22 12:51:56",firmware,,,6.5,"FW 6.5",Admin,bitScan,"AL25040777 - AL25040796"
AL25040792,"2025-04-22 12:51:56",firmware,,,6.5,"FW 6.5",Admin,bitScan,"AL25040777 - AL25040796"
AL25040793,"2025-04-22 12:51:56",firmware,,,6.5,"FW 6.5",Admin,bitScan,"AL25040777 - AL25040796"
AL25040794,"2025-04-22 12:51:56",firmware,,,6.5,"FW 6.5",Admin,bitScan,"AL25040777 - AL25040796"
AL25040795,"2025-04-22 12:51:56",firmware,,,6.5,"FW 6.5",Admin,bitScan,"AL25040777 - AL25040796"
AL25040796,"2025-04-22 12:51:56",firmware,,,6.5,"FW 6.5",Admin,bitScan,"AL25040777 - AL25040796"
AL25040767,"2025-04-02 18:32:48",firmware,,,6.5,"FW 6.5",Admin,bitScan,"AL25040767 - AL25040776"
AL25040768,"2025-04-02 18:32:48",firmware,,,6.5,"FW 6.5",Admin,bitScan,"AL25040767 - AL25040776"
AL25040769,"2025-04-02 18:32:48",firmware,,,6.5,"FW 6.5",Admin,bitScan,"AL25040767 - AL25040776"
AL25040770,"2025-04-02 18:32:48",firmware,,,6.5,"FW 6.5",Admin,bitScan,"AL25040767 - AL25040776"
AL25040771,"2025-04-02 18:32:48",firmware,,,6.5,"FW 6.5",Admin,bitScan,"AL25040767 - AL25040776"
AL25040772,"2025-04-02 18:32:48",firmware,,,6.5,"FW 6.5",Admin,bitScan,"AL25040767 - AL25040776"
AL25040773,"2025-04-02 18:32:48",firmware,,,6.5,"FW 6.5",Admin,bitScan,"AL25040767 - AL25040776"
AL25040774,"2025-04-02 18:32:48",firmware,,,6.5,"FW 6.5",Admin,bitScan,"AL25040767 - AL25040776"
AL25040775,"2025-04-02 18:32:48",firmware,,,6.5,"FW 6.5",Admin,bitScan,"AL25040767 - AL25040776"
AL25040776,"2025-04-02 18:32:48",firmware,,,6.5,"FW 6.5",Admin,bitScan,"AL25040767 - AL25040776"
AL25030757,"2025-03-31 19:56:15",firmware,,,6.5,"FW 6.5",Admin,bitScan,"AL25030757 - AL25030766"
AL25030758,"2025-03-31 19:56:15",firmware,,,6.5,"FW 6.5",Admin,bitScan,"AL25030757 - AL25030766"
AL25030759,"2025-03-31 19:56:15",firmware,,,6.5,"FW 6.5",Admin,bitScan,"AL25030757 - AL25030766"
AL25030760,"2025-03-31 19:56:15",firmware,,,6.5,"FW 6.5",Admin,bitScan,"AL25030757 - AL25030766"
AL25030761,"2025-03-31 19:56:15",firmware,,,6.5,"FW 6.5",Admin,bitScan,"AL25030757 - AL25030766"
AL25030762,"2025-03-31 19:56:15",firmware,,,6.5,"FW 6.5",Admin,bitScan,"AL25030757 - AL25030766"
AL25030763,"2025-03-31 19:56:15",firmware,,,6.5,"FW 6.5",Admin,bitScan,"AL25030757 - AL25030766"
AL25030764,"2025-03-31 19:56:15",firmware,,,6.5,"FW 6.5",Admin,bitScan,"AL25030757 - AL25030766"
AL25030765,"2025-03-31 19:56:15",firmware,,,6.5,"FW 6.5",Admin,bitScan,"AL25030757 - AL25030766"
AL25030766,"2025-03-31 19:56:15",firmware,,,6.5,"FW 6.5",Admin,bitScan,"AL25030757 - AL25030766"
AL25030737,"2025-03-20 11:22:15",firmware,,,6.5,"FW 6.5",Admin,bitScan,"AL25030737 - AL25030756"
AL25030738,"2025-03-20 11:22:15",firmware,,,6.5,"FW 6.5",Admin,bitScan,"AL25030737 - AL25030756"
AL25030739,"2025-03-20 11:22:15",firmware,,,6.5,"FW 6.5",Admin,bitScan,"AL25030737 - AL25030756"
AL25030740,"2025-03-20 11:22:15",firmware,,,6.5,"FW 6.5",Admin,bitScan,"AL25030737 - AL25030756"
AL25030741,"2025-03-20 11:22:15",firmware,,,6.5,"FW 6.5",Admin,bitScan,"AL25030737 - AL25030756"
AL25030742,"2025-03-20 11:22:15",firmware,,,6.5,"FW 6.5",Admin,bitScan,"AL25030737 - AL25030756"
AL25030743,"2025-03-20 11:22:15",firmware,,,6.5,"FW 6.5",Admin,bitScan,"AL25030737 - AL25030756"
AL25030744,"2025-03-20 11:22:15",firmware,,,6.5,"FW 6.5",Admin,bitScan,"AL25030737 - AL25030756"
AL25030745,"2025-03-20 11:22:15",firmware,,,6.5,"FW 6.5",Admin,bitScan,"AL25030737 - AL25030756"
AL25030746,"2025-03-20 11:22:15",firmware,,,6.5,"FW 6.5",Admin,bitScan,"AL25030737 - AL25030756"
AL25030747,"2025-03-20 11:22:15",firmware,,,6.5,"FW 6.5",Admin,bitScan,"AL25030737 - AL25030756"
AL25030748,"2025-03-20 11:22:15",firmware,,,6.5,"FW 6.5",Admin,bitScan,"AL25030737 - AL25030756"
AL25030749,"2025-03-20 11:22:15",firmware,,,6.5,"FW 6.5",Admin,bitScan,"AL25030737 - AL25030756"
AL25030750,"2025-03-20 11:22:15",firmware,,,6.5,"FW 6.5",Admin,bitScan,"AL25030737 - AL25030756"
AL25030751,"2025-03-20 11:22:15",firmware,,,6.5,"FW 6.5",Admin,bitScan,"AL25030737 - AL25030756"
AL25030752,"2025-03-20 11:22:15",firmware,,,6.5,"FW 6.5",Admin,bitScan,"AL25030737 - AL25030756"
AL25030753,"2025-03-20 11:22:15",firmware,,,6.5,"FW 6.5",Admin,bitScan,"AL25030737 - AL25030756"
AL25030754,"2025-03-20 11:22:15",firmware,,,6.5,"FW 6.5",Admin,bitScan,"AL25030737 - AL25030756"
AL25030755,"2025-03-20 11:22:15",firmware,,,6.5,"FW 6.5",Admin,bitScan,"AL25030737 - AL25030756"
AL25030756,"2025-03-20 11:22:15",firmware,,,6.5,"FW 6.5",Admin,bitScan,"AL25030737 - AL25030756"
BP25031685,"2025-03-05 13:15:18",hardware,Lot.ใหม่,,,"จอ Lot.ใหม่ / กล้อง logitech brio 100",Admin,"bitVisitor Plus","BP25031685 - BP25031694"
BP25031686,"2025-03-05 13:15:18",hardware,Lot.ใหม่,,,"จอ Lot.ใหม่ / กล้อง logitech brio 100",Admin,"bitVisitor Plus","BP25031685 - BP25031694"
BP25031687,"2025-03-05 13:15:18",hardware,Lot.ใหม่,,,"จอ Lot.ใหม่ / กล้อง logitech brio 100",Admin,"bitVisitor Plus","BP25031685 - BP25031694"
BP25031688,"2025-03-05 13:15:18",hardware,Lot.ใหม่,,,"จอ Lot.ใหม่ / กล้อง logitech brio 100",Admin,"bitVisitor Plus","BP25031685 - BP25031694"
BP25031689,"2025-03-05 13:15:18",hardware,Lot.ใหม่,,,"จอ Lot.ใหม่ / กล้อง logitech brio 100",Admin,"bitVisitor Plus","BP25031685 - BP25031694"
BP25031690,"2025-03-05 13:15:18",hardware,Lot.ใหม่,,,"จอ Lot.ใหม่ / กล้อง logitech brio 100",Admin,"bitVisitor Plus","BP25031685 - BP25031694"
BP25031691,"2025-03-05 13:15:18",hardware,Lot.ใหม่,,,"จอ Lot.ใหม่ / กล้อง logitech brio 100",Admin,"bitVisitor Plus","BP25031685 - BP25031694"
BP25031692,"2025-03-05 13:15:18",hardware,Lot.ใหม่,,,"จอ Lot.ใหม่ / กล้อง logitech brio 100",Admin,"bitVisitor Plus","BP25031685 - BP25031694"
BP25031693,"2025-03-05 13:15:18",hardware,Lot.ใหม่,,,"จอ Lot.ใหม่ / กล้อง logitech brio 100",Admin,"bitVisitor Plus","BP25031685 - BP25031694"
BP25031694,"2025-03-05 13:15:18",hardware,Lot.ใหม่,,,"จอ Lot.ใหม่ / กล้อง logitech brio 100",Admin,"bitVisitor Plus","BP25031685 - BP25031694"
AL25020727,"2025-02-25 13:26:58",firmware,,,6.4,"FW 6.4",Admin,bitScan,"AL25020727 - AL25020736"
AL25020728,"2025-02-25 13:26:58",firmware,,,6.4,"FW 6.4",Admin,bitScan,"AL25020727 - AL25020736"
AL25020729,"2025-02-25 13:26:58",firmware,,,6.4,"FW 6.4",Admin,bitScan,"AL25020727 - AL25020736"
AL25020730,"2025-02-25 13:26:58",firmware,,,6.4,"FW 6.4",Admin,bitScan,"AL25020727 - AL25020736"
AL25020731,"2025-02-25 13:26:58",firmware,,,6.4,"FW 6.4",Admin,bitScan,"AL25020727 - AL25020736"
AL25020732,"2025-02-25 13:26:58",firmware,,,6.4,"FW 6.4",Admin,bitScan,"AL25020727 - AL25020736"
AL25020733,"2025-02-25 13:26:58",firmware,,,6.4,"FW 6.4",Admin,bitScan,"AL25020727 - AL25020736"
AL25020734,"2025-02-25 13:26:58",firmware,,,6.4,"FW 6.4",Admin,bitScan,"AL25020727 - AL25020736"
AL25020735,"2025-02-25 13:26:58",firmware,,,6.4,"FW 6.4",Admin,bitScan,"AL25020727 - AL25020736"
AL25020736,"2025-02-25 13:26:58",firmware,,,6.4,"FW 6.4",Admin,bitScan,"AL25020727 - AL25020736"
AL25010697,"2025-01-31 09:15:25",firmware,,,5.35,fw.5.35,Admin,bitScan,"AL25010697 - AL25010726"
AL25010698,"2025-01-31 09:15:25",firmware,,,5.35,fw.5.35,Admin,bitScan,"AL25010697 - AL25010726"
AL25010699,"2025-01-31 09:15:25",firmware,,,5.35,fw.5.35,Admin,bitScan,"AL25010697 - AL25010726"
AL25010700,"2025-01-31 09:15:25",firmware,,,5.35,fw.5.35,Admin,bitScan,"AL25010697 - AL25010726"
AL25010701,"2025-01-31 09:15:25",firmware,,,5.35,fw.5.35,Admin,bitScan,"AL25010697 - AL25010726"
AL25010702,"2025-01-31 09:15:25",firmware,,,5.35,fw.5.35,Admin,bitScan,"AL25010697 - AL25010726"
AL25010703,"2025-01-31 09:15:25",firmware,,,5.35,fw.5.35,Admin,bitScan,"AL25010697 - AL25010726"
AL25010704,"2025-01-31 09:15:25",firmware,,,5.35,fw.5.35,Admin,bitScan,"AL25010697 - AL25010726"
AL25010705,"2025-01-31 09:15:25",firmware,,,5.35,fw.5.35,Admin,bitScan,"AL25010697 - AL25010726"
AL25010706,"2025-01-31 09:15:25",firmware,,,5.35,fw.5.35,Admin,bitScan,"AL25010697 - AL25010726"
AL25010707,"2025-01-31 09:15:25",firmware,,,5.35,fw.5.35,Admin,bitScan,"AL25010697 - AL25010726"
AL25010708,"2025-01-31 09:15:25",firmware,,,5.35,fw.5.35,Admin,bitScan,"AL25010697 - AL25010726"
AL25010709,"2025-01-31 09:15:25",firmware,,,5.35,fw.5.35,Admin,bitScan,"AL25010697 - AL25010726"
AL25010710,"2025-01-31 09:15:25",firmware,,,5.35,fw.5.35,Admin,bitScan,"AL25010697 - AL25010726"
AL25010711,"2025-01-31 09:15:25",firmware,,,5.35,fw.5.35,Admin,bitScan,"AL25010697 - AL25010726"
AL25010712,"2025-01-31 09:15:25",firmware,,,5.35,fw.5.35,Admin,bitScan,"AL25010697 - AL25010726"
AL25010713,"2025-01-31 09:15:25",firmware,,,5.35,fw.5.35,Admin,bitScan,"AL25010697 - AL25010726"
AL25010714,"2025-01-31 09:15:25",firmware,,,5.35,fw.5.35,Admin,bitScan,"AL25010697 - AL25010726"
AL25010715,"2025-01-31 09:15:25",firmware,,,5.35,fw.5.35,Admin,bitScan,"AL25010697 - AL25010726"
AL25010716,"2025-01-31 09:15:25",firmware,,,5.35,fw.5.35,Admin,bitScan,"AL25010697 - AL25010726"
AL25010717,"2025-01-31 09:15:25",firmware,,,5.35,fw.5.35,Admin,bitScan,"AL25010697 - AL25010726"
AL25010718,"2025-01-31 09:15:25",firmware,,,5.35,fw.5.35,Admin,bitScan,"AL25010697 - AL25010726"
AL25010719,"2025-01-31 09:15:25",firmware,,,5.35,fw.5.35,Admin,bitScan,"AL25010697 - AL25010726"
AL25010720,"2025-01-31 09:15:25",firmware,,,5.35,fw.5.35,Admin,bitScan,"AL25010697 - AL25010726"
AL25010721,"2025-01-31 09:15:25",firmware,,,5.35,fw.5.35,Admin,bitScan,"AL25010697 - AL25010726"
AL25010722,"2025-01-31 09:15:25",firmware,,,5.35,fw.5.35,Admin,bitScan,"AL25010697 - AL25010726"
AL25010723,"2025-01-31 09:15:25",firmware,,,5.35,fw.5.35,Admin,bitScan,"AL25010697 - AL25010726"
AL25010724,"2025-01-31 09:15:25",firmware,,,5.35,fw.5.35,Admin,bitScan,"AL25010697 - AL25010726"
AL25010725,"2025-01-31 09:15:25",firmware,,,5.35,fw.5.35,Admin,bitScan,"AL25010697 - AL25010726"
AL25010726,"2025-01-31 09:15:25",firmware,,,5.35,fw.5.35,Admin,bitScan,"AL25010697 - AL25010726"
BM25011311,"2025-01-22 08:35:54",hardware,Pi,,,"BM25011320 ใส่บอร์ด Pi จาก Mouser",Admin,"bitVisitor M","BM25011311 - BM25011320"
BM25011312,"2025-01-22 08:35:54",hardware,Pi,,,"BM25011320 ใส่บอร์ด Pi จาก Mouser",Admin,"bitVisitor M","BM25011311 - BM25011320"
BM25011313,"2025-01-22 08:35:54",hardware,Pi,,,"BM25011320 ใส่บอร์ด Pi จาก Mouser",Admin,"bitVisitor M","BM25011311 - BM25011320"
BM25011314,"2025-01-22 08:35:54",hardware,Pi,,,"BM25011320 ใส่บอร์ด Pi จาก Mouser",Admin,"bitVisitor M","BM25011311 - BM25011320"
BM25011315,"2025-01-22 08:35:54",hardware,Pi,,,"BM25011320 ใส่บอร์ด Pi จาก Mouser",Admin,"bitVisitor M","BM25011311 - BM25011320"
BM25011316,"2025-01-22 08:35:54",hardware,Pi,,,"BM25011320 ใส่บอร์ด Pi จาก Mouser",Admin,"bitVisitor M","BM25011311 - BM25011320"
BM25011317,"2025-01-22 08:35:54",hardware,Pi,,,"BM25011320 ใส่บอร์ด Pi จาก Mouser",Admin,"bitVisitor M","BM25011311 - BM25011320"
BM25011318,"2025-01-22 08:35:54",hardware,Pi,,,"BM25011320 ใส่บอร์ด Pi จาก Mouser",Admin,"bitVisitor M","BM25011311 - BM25011320"
BM25011319,"2025-01-22 08:35:54",hardware,Pi,,,"BM25011320 ใส่บอร์ด Pi จาก Mouser",Admin,"bitVisitor M","BM25011311 - BM25011320"
BM25011320,"2025-01-22 08:35:54",hardware,Pi,,,"BM25011320 ใส่บอร์ด Pi จาก Mouser",Admin,"bitVisitor M","BM25011311 - BM25011320"
AL25010692,"2025-01-20 18:39:20",firmware,,,5.35,"FW 5.35",Admin,bitScan,"AL25010692 - AL25010696"
AL25010693,"2025-01-20 18:39:20",firmware,,,5.35,"FW 5.35",Admin,bitScan,"AL25010692 - AL25010696"
AL25010694,"2025-01-20 18:39:20",firmware,,,5.35,"FW 5.35",Admin,bitScan,"AL25010692 - AL25010696"
AL25010695,"2025-01-20 18:39:20",firmware,,,5.35,"FW 5.35",Admin,bitScan,"AL25010692 - AL25010696"
AL25010696,"2025-01-20 18:39:20",firmware,,,5.35,"FW 5.35",Admin,bitScan,"AL25010692 - AL25010696"
AL25010677,"2025-01-09 13:07:35",firmware,,,5.35,"FW 5.35",Admin,bitScan,"AL25010677 - AL25010691"
AL25010678,"2025-01-09 13:07:35",firmware,,,5.35,"FW 5.35",Admin,bitScan,"AL25010677 - AL25010691"
AL25010679,"2025-01-09 13:07:35",firmware,,,5.35,"FW 5.35",Admin,bitScan,"AL25010677 - AL25010691"
AL25010680,"2025-01-09 13:07:35",firmware,,,5.35,"FW 5.35",Admin,bitScan,"AL25010677 - AL25010691"
AL25010681,"2025-01-09 13:07:35",firmware,,,5.35,"FW 5.35",Admin,bitScan,"AL25010677 - AL25010691"
AL25010682,"2025-01-09 13:07:35",firmware,,,5.35,"FW 5.35",Admin,bitScan,"AL25010677 - AL25010691"
AL25010683,"2025-01-09 13:07:35",firmware,,,5.35,"FW 5.35",Admin,bitScan,"AL25010677 - AL25010691"
AL25010684,"2025-01-09 13:07:35",firmware,,,5.35,"FW 5.35",Admin,bitScan,"AL25010677 - AL25010691"
AL25010685,"2025-01-09 13:07:35",firmware,,,5.35,"FW 5.35",Admin,bitScan,"AL25010677 - AL25010691"
AL25010686,"2025-01-09 13:07:35",firmware,,,5.35,"FW 5.35",Admin,bitScan,"AL25010677 - AL25010691"
AL25010687,"2025-01-09 13:07:35",firmware,,,5.35,"FW 5.35",Admin,bitScan,"AL25010677 - AL25010691"
AL25010688,"2025-01-09 13:07:35",firmware,,,5.35,"FW 5.35",Admin,bitScan,"AL25010677 - AL25010691"
AL25010689,"2025-01-09 13:07:35",firmware,,,5.35,"FW 5.35",Admin,bitScan,"AL25010677 - AL25010691"
AL25010690,"2025-01-09 13:07:35",firmware,,,5.35,"FW 5.35",Admin,bitScan,"AL25010677 - AL25010691"
AL25010691,"2025-01-09 13:07:35",firmware,,,5.35,"FW 5.35",Admin,bitScan,"AL25010677 - AL25010691"
BS24120366,"2024-12-26 11:07:15",firmware,,,3.6,"EXP Ver3.6",Admin,"bitVisitor S","BS24120366 - BS24120375"
BS24120367,"2024-12-26 11:07:15",firmware,,,3.6,"EXP Ver3.6",Admin,"bitVisitor S","BS24120366 - BS24120375"
BS24120368,"2024-12-26 11:07:15",firmware,,,3.6,"EXP Ver3.6",Admin,"bitVisitor S","BS24120366 - BS24120375"
BS24120369,"2024-12-26 11:07:15",firmware,,,3.6,"EXP Ver3.6",Admin,"bitVisitor S","BS24120366 - BS24120375"
BS24120370,"2024-12-26 11:07:15",firmware,,,3.6,"EXP Ver3.6",Admin,"bitVisitor S","BS24120366 - BS24120375"
BS24120371,"2024-12-26 11:07:15",firmware,,,3.6,"EXP Ver3.6",Admin,"bitVisitor S","BS24120366 - BS24120375"
BS24120372,"2024-12-26 11:07:15",firmware,,,3.6,"EXP Ver3.6",Admin,"bitVisitor S","BS24120366 - BS24120375"
BS24120373,"2024-12-26 11:07:15",firmware,,,3.6,"EXP Ver3.6",Admin,"bitVisitor S","BS24120366 - BS24120375"
BS24120374,"2024-12-26 11:07:15",firmware,,,3.6,"EXP Ver3.6",Admin,"bitVisitor S","BS24120366 - BS24120375"
BS24120375,"2024-12-26 11:07:15",firmware,,,3.6,"EXP Ver3.6",Admin,"bitVisitor S","BS24120366 - BS24120375"
AL24120657,"2024-12-24 12:48:46",firmware,,,5.35,"FW 5.35",Admin,bitScan,"AL24120657 - AL24120676"
AL24120658,"2024-12-24 12:48:46",firmware,,,5.35,"FW 5.35",Admin,bitScan,"AL24120657 - AL24120676"
AL24120659,"2024-12-24 12:48:46",firmware,,,5.35,"FW 5.35",Admin,bitScan,"AL24120657 - AL24120676"
AL24120660,"2024-12-24 12:48:46",firmware,,,5.35,"FW 5.35",Admin,bitScan,"AL24120657 - AL24120676"
AL24120661,"2024-12-24 12:48:46",firmware,,,5.35,"FW 5.35",Admin,bitScan,"AL24120657 - AL24120676"
AL24120662,"2024-12-24 12:48:46",firmware,,,5.35,"FW 5.35",Admin,bitScan,"AL24120657 - AL24120676"
AL24120663,"2024-12-24 12:48:46",firmware,,,5.35,"FW 5.35",Admin,bitScan,"AL24120657 - AL24120676"
AL24120664,"2024-12-24 12:48:46",firmware,,,5.35,"FW 5.35",Admin,bitScan,"AL24120657 - AL24120676"
AL24120665,"2024-12-24 12:48:46",firmware,,,5.35,"FW 5.35",Admin,bitScan,"AL24120657 - AL24120676"
AL24120666,"2024-12-24 12:48:46",firmware,,,5.35,"FW 5.35",Admin,bitScan,"AL24120657 - AL24120676"
AL24120667,"2024-12-24 12:48:46",firmware,,,5.35,"FW 5.35",Admin,bitScan,"AL24120657 - AL24120676"
AL24120668,"2024-12-24 12:48:46",firmware,,,5.35,"FW 5.35",Admin,bitScan,"AL24120657 - AL24120676"
AL24120669,"2024-12-24 12:48:46",firmware,,,5.35,"FW 5.35",Admin,bitScan,"AL24120657 - AL24120676"
AL24120670,"2024-12-24 12:48:46",firmware,,,5.35,"FW 5.35",Admin,bitScan,"AL24120657 - AL24120676"
AL24120671,"2024-12-24 12:48:46",firmware,,,5.35,"FW 5.35",Admin,bitScan,"AL24120657 - AL24120676"
AL24120672,"2024-12-24 12:48:46",firmware,,,5.35,"FW 5.35",Admin,bitScan,"AL24120657 - AL24120676"
AL24120673,"2024-12-24 12:48:46",firmware,,,5.35,"FW 5.35",Admin,bitScan,"AL24120657 - AL24120676"
AL24120674,"2024-12-24 12:48:46",firmware,,,5.35,"FW 5.35",Admin,bitScan,"AL24120657 - AL24120676"
AL24120675,"2024-12-24 12:48:46",firmware,,,5.35,"FW 5.35",Admin,bitScan,"AL24120657 - AL24120676"
AL24120676,"2024-12-24 12:48:46",firmware,,,5.35,"FW 5.35",Admin,bitScan,"AL24120657 - AL24120676"
BS24120356,"2024-12-20 15:35:23",firmware,,,3.5,"EXP Ver3.5",Admin,"bitVisitor S","BS24120356 - BS24120365"
BS24120357,"2024-12-20 15:35:23",firmware,,,3.5,"EXP Ver3.5",Admin,"bitVisitor S","BS24120356 - BS24120365"
BS24120358,"2024-12-20 15:35:23",firmware,,,3.5,"EXP Ver3.5",Admin,"bitVisitor S","BS24120356 - BS24120365"
BS24120359,"2024-12-20 15:35:23",firmware,,,3.5,"EXP Ver3.5",Admin,"bitVisitor S","BS24120356 - BS24120365"
BS24120360,"2024-12-20 15:35:23",firmware,,,3.5,"EXP Ver3.5",Admin,"bitVisitor S","BS24120356 - BS24120365"
BS24120361,"2024-12-20 15:35:23",firmware,,,3.5,"EXP Ver3.5",Admin,"bitVisitor S","BS24120356 - BS24120365"
BS24120362,"2024-12-20 15:35:23",firmware,,,3.5,"EXP Ver3.5",Admin,"bitVisitor S","BS24120356 - BS24120365"
BS24120363,"2024-12-20 15:35:23",firmware,,,3.5,"EXP Ver3.5",Admin,"bitVisitor S","BS24120356 - BS24120365"
BS24120364,"2024-12-20 15:35:23",firmware,,,3.5,"EXP Ver3.5",Admin,"bitVisitor S","BS24120356 - BS24120365"
BS24120365,"2024-12-20 15:35:23",firmware,,,3.5,"EXP Ver3.5",Admin,"bitVisitor S","BS24120356 - BS24120365"
AL24120637,"2024-12-02 16:04:53",firmware,,,5.35,"FW 5.35",Admin,bitScan,"AL24120637 - AL24120656"
AL24120638,"2024-12-02 16:04:53",firmware,,,5.35,"FW 5.35",Admin,bitScan,"AL24120637 - AL24120656"
AL24120639,"2024-12-02 16:04:53",firmware,,,5.35,"FW 5.35",Admin,bitScan,"AL24120637 - AL24120656"
AL24120640,"2024-12-02 16:04:53",firmware,,,5.35,"FW 5.35",Admin,bitScan,"AL24120637 - AL24120656"
AL24120641,"2024-12-02 16:04:53",firmware,,,5.35,"FW 5.35",Admin,bitScan,"AL24120637 - AL24120656"
AL24120642,"2024-12-02 16:04:53",firmware,,,5.35,"FW 5.35",Admin,bitScan,"AL24120637 - AL24120656"
AL24120643,"2024-12-02 16:04:53",firmware,,,5.35,"FW 5.35",Admin,bitScan,"AL24120637 - AL24120656"
AL24120644,"2024-12-02 16:04:53",firmware,,,5.35,"FW 5.35",Admin,bitScan,"AL24120637 - AL24120656"
AL24120645,"2024-12-02 16:04:53",firmware,,,5.35,"FW 5.35",Admin,bitScan,"AL24120637 - AL24120656"
AL24120646,"2024-12-02 16:04:53",firmware,,,5.35,"FW 5.35",Admin,bitScan,"AL24120637 - AL24120656"
AL24120647,"2024-12-02 16:04:53",firmware,,,5.35,"FW 5.35",Admin,bitScan,"AL24120637 - AL24120656"
AL24120648,"2024-12-02 16:04:53",firmware,,,5.35,"FW 5.35",Admin,bitScan,"AL24120637 - AL24120656"
AL24120649,"2024-12-02 16:04:53",firmware,,,5.35,"FW 5.35",Admin,bitScan,"AL24120637 - AL24120656"
AL24120650,"2024-12-02 16:04:53",firmware,,,5.35,"FW 5.35",Admin,bitScan,"AL24120637 - AL24120656"
AL24120651,"2024-12-02 16:04:53",firmware,,,5.35,"FW 5.35",Admin,bitScan,"AL24120637 - AL24120656"
AL24120652,"2024-12-02 16:04:53",firmware,,,5.35,"FW 5.35",Admin,bitScan,"AL24120637 - AL24120656"
AL24120653,"2024-12-02 16:04:53",firmware,,,5.35,"FW 5.35",Admin,bitScan,"AL24120637 - AL24120656"
AL24120654,"2024-12-02 16:04:53",firmware,,,5.35,"FW 5.35",Admin,bitScan,"AL24120637 - AL24120656"
AL24120655,"2024-12-02 16:04:53",firmware,,,5.35,"FW 5.35",Admin,bitScan,"AL24120637 - AL24120656"
AL24120656,"2024-12-02 16:04:53",firmware,,,5.35,"FW 5.35",Admin,bitScan,"AL24120637 - AL24120656"
BS24110336,"2024-11-27 17:29:25",firmware,,,3.6,"EXP Ver3.6",Admin,"bitVisitor S","BS24110336 - BS24110345"
BS24110337,"2024-11-27 17:29:25",firmware,,,3.6,"EXP Ver3.6",Admin,"bitVisitor S","BS24110336 - BS24110345"
BS24110338,"2024-11-27 17:29:25",firmware,,,3.6,"EXP Ver3.6",Admin,"bitVisitor S","BS24110336 - BS24110345"
BS24110339,"2024-11-27 17:29:25",firmware,,,3.6,"EXP Ver3.6",Admin,"bitVisitor S","BS24110336 - BS24110345"
BS24110340,"2024-11-27 17:29:25",firmware,,,3.6,"EXP Ver3.6",Admin,"bitVisitor S","BS24110336 - BS24110345"
BS24110341,"2024-11-27 17:29:25",firmware,,,3.6,"EXP Ver3.6",Admin,"bitVisitor S","BS24110336 - BS24110345"
BS24110342,"2024-11-27 17:29:25",firmware,,,3.6,"EXP Ver3.6",Admin,"bitVisitor S","BS24110336 - BS24110345"
BS24110343,"2024-11-27 17:29:25",firmware,,,3.6,"EXP Ver3.6",Admin,"bitVisitor S","BS24110336 - BS24110345"
BS24110344,"2024-11-27 17:29:25",firmware,,,3.6,"EXP Ver3.6",Admin,"bitVisitor S","BS24110336 - BS24110345"
BS24110345,"2024-11-27 17:29:25",firmware,,,3.6,"EXP Ver3.6",Admin,"bitVisitor S","BS24110336 - BS24110345"
BSF24111042,"2024-11-16 15:05:13",firmware,,,4.0.18,"FW 4.0.18",Admin,"bitStamp Factory Single","BSF24111042 - BSF24111051"
BSF24111043,"2024-11-16 15:05:13",firmware,,,4.0.18,"FW 4.0.18",Admin,"bitStamp Factory Single","BSF24111042 - BSF24111051"
BSF24111044,"2024-11-16 15:05:13",firmware,,,4.0.18,"FW 4.0.18",Admin,"bitStamp Factory Single","BSF24111042 - BSF24111051"
BSF24111045,"2024-11-16 15:05:13",firmware,,,4.0.18,"FW 4.0.18",Admin,"bitStamp Factory Single","BSF24111042 - BSF24111051"
BSF24111046,"2024-11-16 15:05:13",firmware,,,4.0.18,"FW 4.0.18",Admin,"bitStamp Factory Single","BSF24111042 - BSF24111051"
BSF24111047,"2024-11-16 15:05:13",firmware,,,4.0.18,"FW 4.0.18",Admin,"bitStamp Factory Single","BSF24111042 - BSF24111051"
BSF24111048,"2024-11-16 15:05:13",firmware,,,4.0.18,"FW 4.0.18",Admin,"bitStamp Factory Single","BSF24111042 - BSF24111051"
BSF24111049,"2024-11-16 15:05:13",firmware,,,4.0.18,"FW 4.0.18",Admin,"bitStamp Factory Single","BSF24111042 - BSF24111051"
BSF24111050,"2024-11-16 15:05:13",firmware,,,4.0.18,"FW 4.0.18",Admin,"bitStamp Factory Single","BSF24111042 - BSF24111051"
BSF24111051,"2024-11-16 15:05:13",firmware,,,4.0.18,"FW 4.0.18",Admin,"bitStamp Factory Single","BSF24111042 - BSF24111051"
AL24110627,"2024-11-13 16:44:51",firmware,,,5.35,"FW 5.35",Admin,bitScan,"AL24110627 - AL24110635"
AL24110628,"2024-11-13 16:44:51",firmware,,,5.35,"FW 5.35",Admin,bitScan,"AL24110627 - AL24110635"
AL24110629,"2024-11-13 16:44:51",firmware,,,5.35,"FW 5.35",Admin,bitScan,"AL24110627 - AL24110635"
AL24110630,"2024-11-13 16:44:51",firmware,,,5.35,"FW 5.35",Admin,bitScan,"AL24110627 - AL24110635"
AL24110631,"2024-11-13 16:44:51",firmware,,,5.35,"FW 5.35",Admin,bitScan,"AL24110627 - AL24110635"
AL24110632,"2024-11-13 16:44:51",firmware,,,5.35,"FW 5.35",Admin,bitScan,"AL24110627 - AL24110635"
AL24110633,"2024-11-13 16:44:51",firmware,,,5.35,"FW 5.35",Admin,bitScan,"AL24110627 - AL24110635"
AL24110634,"2024-11-13 16:44:51",firmware,,,5.35,"FW 5.35",Admin,bitScan,"AL24110627 - AL24110635"
AL24110635,"2024-11-13 16:44:51",firmware,,,5.35,"FW 5.35",Admin,bitScan,"AL24110627 - AL24110635"
BSF24111032,"2024-11-05 18:07:07",firmware,,,4.0.18,"FW 4.0.18",Admin,"bitStamp Factory Single","BSF24111032 - BSF24111041"
BSF24111033,"2024-11-05 18:07:07",firmware,,,4.0.18,"FW 4.0.18",Admin,"bitStamp Factory Single","BSF24111032 - BSF24111041"
BSF24111034,"2024-11-05 18:07:07",firmware,,,4.0.18,"FW 4.0.18",Admin,"bitStamp Factory Single","BSF24111032 - BSF24111041"
BSF24111035,"2024-11-05 18:07:07",firmware,,,4.0.18,"FW 4.0.18",Admin,"bitStamp Factory Single","BSF24111032 - BSF24111041"
BSF24111036,"2024-11-05 18:07:07",firmware,,,4.0.18,"FW 4.0.18",Admin,"bitStamp Factory Single","BSF24111032 - BSF24111041"
BSF24111037,"2024-11-05 18:07:07",firmware,,,4.0.18,"FW 4.0.18",Admin,"bitStamp Factory Single","BSF24111032 - BSF24111041"
BSF24111038,"2024-11-05 18:07:07",firmware,,,4.0.18,"FW 4.0.18",Admin,"bitStamp Factory Single","BSF24111032 - BSF24111041"
BSF24111039,"2024-11-05 18:07:07",firmware,,,4.0.18,"FW 4.0.18",Admin,"bitStamp Factory Single","BSF24111032 - BSF24111041"
BSF24111040,"2024-11-05 18:07:07",firmware,,,4.0.18,"FW 4.0.18",Admin,"bitStamp Factory Single","BSF24111032 - BSF24111041"
BSF24111041,"2024-11-05 18:07:07",firmware,,,4.0.18,"FW 4.0.18",Admin,"bitStamp Factory Single","BSF24111032 - BSF24111041"
BS24110326,"2024-11-02 13:46:34",firmware,,,2.5.9e,"image ใหม่ 2.5.9e",Admin,"bitVisitor S","BS24110326 - BS24110335"
BS24110327,"2024-11-02 13:46:34",firmware,,,2.5.9e,"image ใหม่ 2.5.9e",Admin,"bitVisitor S","BS24110326 - BS24110335"
BS24110328,"2024-11-02 13:46:34",firmware,,,2.5.9e,"image ใหม่ 2.5.9e",Admin,"bitVisitor S","BS24110326 - BS24110335"
BS24110329,"2024-11-02 13:46:34",firmware,,,2.5.9e,"image ใหม่ 2.5.9e",Admin,"bitVisitor S","BS24110326 - BS24110335"
BS24110330,"2024-11-02 13:46:34",firmware,,,2.5.9e,"image ใหม่ 2.5.9e",Admin,"bitVisitor S","BS24110326 - BS24110335"
BS24110331,"2024-11-02 13:46:34",firmware,,,2.5.9e,"image ใหม่ 2.5.9e",Admin,"bitVisitor S","BS24110326 - BS24110335"
BS24110332,"2024-11-02 13:46:34",firmware,,,2.5.9e,"image ใหม่ 2.5.9e",Admin,"bitVisitor S","BS24110326 - BS24110335"
BS24110333,"2024-11-02 13:46:34",firmware,,,2.5.9e,"image ใหม่ 2.5.9e",Admin,"bitVisitor S","BS24110326 - BS24110335"
BS24110334,"2024-11-02 13:46:34",firmware,,,2.5.9e,"image ใหม่ 2.5.9e",Admin,"bitVisitor S","BS24110326 - BS24110335"
BS24110335,"2024-11-02 13:46:34",firmware,,,2.5.9e,"image ใหม่ 2.5.9e",Admin,"bitVisitor S","BS24110326 - BS24110335"
AL24110617,"2024-11-02 13:46:25",firmware,,,5.35,"FW 5.35",Admin,bitScan,"AL24110617 - AL24110626"
AL24110618,"2024-11-02 13:46:25",firmware,,,5.35,"FW 5.35",Admin,bitScan,"AL24110617 - AL24110626"
AL24110619,"2024-11-02 13:46:25",firmware,,,5.35,"FW 5.35",Admin,bitScan,"AL24110617 - AL24110626"
AL24110620,"2024-11-02 13:46:25",firmware,,,5.35,"FW 5.35",Admin,bitScan,"AL24110617 - AL24110626"
AL24110621,"2024-11-02 13:46:25",firmware,,,5.35,"FW 5.35",Admin,bitScan,"AL24110617 - AL24110626"
AL24110622,"2024-11-02 13:46:25",firmware,,,5.35,"FW 5.35",Admin,bitScan,"AL24110617 - AL24110626"
AL24110623,"2024-11-02 13:46:25",firmware,,,5.35,"FW 5.35",Admin,bitScan,"AL24110617 - AL24110626"
AL24110624,"2024-11-02 13:46:25",firmware,,,5.35,"FW 5.35",Admin,bitScan,"AL24110617 - AL24110626"
AL24110625,"2024-11-02 13:46:25",firmware,,,5.35,"FW 5.35",Admin,bitScan,"AL24110617 - AL24110626"
AL24110626,"2024-11-02 13:46:25",firmware,,,5.35,"FW 5.35",Admin,bitScan,"AL24110617 - AL24110626"
AL24100607,"2024-10-17 15:17:01",firmware,,,5.35,"FW 5.35",Admin,bitScan,"AL24100607 - AL24100616"
AL24100608,"2024-10-17 15:17:01",firmware,,,5.35,"FW 5.35",Admin,bitScan,"AL24100607 - AL24100616"
AL24100609,"2024-10-17 15:17:01",firmware,,,5.35,"FW 5.35",Admin,bitScan,"AL24100607 - AL24100616"
AL24100610,"2024-10-17 15:17:01",firmware,,,5.35,"FW 5.35",Admin,bitScan,"AL24100607 - AL24100616"
AL24100611,"2024-10-17 15:17:01",firmware,,,5.35,"FW 5.35",Admin,bitScan,"AL24100607 - AL24100616"
AL24100612,"2024-10-17 15:17:01",firmware,,,5.35,"FW 5.35",Admin,bitScan,"AL24100607 - AL24100616"
AL24100613,"2024-10-17 15:17:01",firmware,,,5.35,"FW 5.35",Admin,bitScan,"AL24100607 - AL24100616"
AL24100614,"2024-10-17 15:17:01",firmware,,,5.35,"FW 5.35",Admin,bitScan,"AL24100607 - AL24100616"
AL24100615,"2024-10-17 15:17:01",firmware,,,5.35,"FW 5.35",Admin,bitScan,"AL24100607 - AL24100616"
AL24100616,"2024-10-17 15:17:01",firmware,,,5.35,"FW 5.35",Admin,bitScan,"AL24100607 - AL24100616"
BM24101281,"2024-10-05 16:37:50",hardware,,,,สวิตช์ฟ้า,Admin,"bitVisitor M","BM24101281 - BM24101290"
BM24101282,"2024-10-05 16:37:50",hardware,,,,สวิตช์ฟ้า,Admin,"bitVisitor M","BM24101281 - BM24101290"
BM24101283,"2024-10-05 16:37:50",hardware,,,,สวิตช์ฟ้า,Admin,"bitVisitor M","BM24101281 - BM24101290"
BM24101284,"2024-10-05 16:37:50",hardware,,,,สวิตช์ฟ้า,Admin,"bitVisitor M","BM24101281 - BM24101290"
BM24101285,"2024-10-05 16:37:50",hardware,,,,สวิตช์ฟ้า,Admin,"bitVisitor M","BM24101281 - BM24101290"
BM24101286,"2024-10-05 16:37:50",hardware,,,,สวิตช์ฟ้า,Admin,"bitVisitor M","BM24101281 - BM24101290"
BM24101287,"2024-10-05 16:37:50",hardware,,,,สวิตช์ฟ้า,Admin,"bitVisitor M","BM24101281 - BM24101290"
BM24101288,"2024-10-05 16:37:50",hardware,,,,สวิตช์ฟ้า,Admin,"bitVisitor M","BM24101281 - BM24101290"
BM24101289,"2024-10-05 16:37:50",hardware,,,,สวิตช์ฟ้า,Admin,"bitVisitor M","BM24101281 - BM24101290"
BM24101290,"2024-10-05 16:37:50",hardware,,,,สวิตช์ฟ้า,Admin,"bitVisitor M","BM24101281 - BM24101290"
AL24090597,"2024-09-30 18:15:31",firmware,,,5.35,"FW 5.35",Admin,,"AL24090597 - AL24090606"
AL24090598,"2024-09-30 18:15:31",firmware,,,5.35,"FW 5.35",Admin,,"AL24090597 - AL24090606"
AL24090599,"2024-09-30 18:15:31",firmware,,,5.35,"FW 5.35",Admin,,"AL24090597 - AL24090606"
AL24090600,"2024-09-30 18:15:31",firmware,,,5.35,"FW 5.35",Admin,,"AL24090597 - AL24090606"
AL24090601,"2024-09-30 18:15:31",firmware,,,5.35,"FW 5.35",Admin,,"AL24090597 - AL24090606"
AL24090602,"2024-09-30 18:15:31",firmware,,,5.35,"FW 5.35",Admin,,"AL24090597 - AL24090606"
AL24090603,"2024-09-30 18:15:31",firmware,,,5.35,"FW 5.35",Admin,,"AL24090597 - AL24090606"
AL24090604,"2024-09-30 18:15:31",firmware,,,5.35,"FW 5.35",Admin,,"AL24090597 - AL24090606"
AL24090605,"2024-09-30 18:15:31",firmware,,,5.35,"FW 5.35",Admin,,"AL24090597 - AL24090606"
AL24090606,"2024-09-30 18:15:31",firmware,,,5.35,"FW 5.35",Admin,,"AL24090597 - AL24090606"
BSG24090314,"2024-09-27 16:07:28",hardware,,,,"ใช้สาย USB portable printer",Admin,"bitStamp Guard","BSG24090314 - BSG24090323"
BSG24090315,"2024-09-27 16:07:28",hardware,,,,"ใช้สาย USB portable printer",Admin,"bitStamp Guard","BSG24090314 - BSG24090323"
BSG24090316,"2024-09-27 16:07:28",hardware,,,,"ใช้สาย USB portable printer",Admin,"bitStamp Guard","BSG24090314 - BSG24090323"
BSG24090317,"2024-09-27 16:07:28",hardware,,,,"ใช้สาย USB portable printer",Admin,"bitStamp Guard","BSG24090314 - BSG24090323"
BSG24090318,"2024-09-27 16:07:28",hardware,,,,"ใช้สาย USB portable printer",Admin,"bitStamp Guard","BSG24090314 - BSG24090323"
BSG24090319,"2024-09-27 16:07:28",hardware,,,,"ใช้สาย USB portable printer",Admin,"bitStamp Guard","BSG24090314 - BSG24090323"
BSG24090320,"2024-09-27 16:07:28",hardware,,,,"ใช้สาย USB portable printer",Admin,"bitStamp Guard","BSG24090314 - BSG24090323"
BSG24090321,"2024-09-27 16:07:28",hardware,,,,"ใช้สาย USB portable printer",Admin,"bitStamp Guard","BSG24090314 - BSG24090323"
BSG24090322,"2024-09-27 16:07:28",hardware,,,,"ใช้สาย USB portable printer",Admin,"bitStamp Guard","BSG24090314 - BSG24090323"
BSG24090323,"2024-09-27 16:07:28",hardware,,,,"ใช้สาย USB portable printer",Admin,"bitStamp Guard","BSG24090314 - BSG24090323"
BP24091605,"2024-09-23 13:19:01",hardware,lot.ใหม่,,,"จอ lot.ใหม่ / สวิตช์ตูดฟ้า",Admin,"bitVisitor Plus","BP24091605 - BP24091614"
BP24091606,"2024-09-23 13:19:01",hardware,lot.ใหม่,,,"จอ lot.ใหม่ / สวิตช์ตูดฟ้า",Admin,"bitVisitor Plus","BP24091605 - BP24091614"
BP24091607,"2024-09-23 13:19:01",hardware,lot.ใหม่,,,"จอ lot.ใหม่ / สวิตช์ตูดฟ้า",Admin,"bitVisitor Plus","BP24091605 - BP24091614"
BP24091608,"2024-09-23 13:19:01",hardware,lot.ใหม่,,,"จอ lot.ใหม่ / สวิตช์ตูดฟ้า",Admin,"bitVisitor Plus","BP24091605 - BP24091614"
BP24091609,"2024-09-23 13:19:01",hardware,lot.ใหม่,,,"จอ lot.ใหม่ / สวิตช์ตูดฟ้า",Admin,"bitVisitor Plus","BP24091605 - BP24091614"
BP24091610,"2024-09-23 13:19:01",hardware,lot.ใหม่,,,"จอ lot.ใหม่ / สวิตช์ตูดฟ้า",Admin,"bitVisitor Plus","BP24091605 - BP24091614"
BP24091611,"2024-09-23 13:19:01",hardware,lot.ใหม่,,,"จอ lot.ใหม่ / สวิตช์ตูดฟ้า",Admin,"bitVisitor Plus","BP24091605 - BP24091614"
BP24091612,"2024-09-23 13:19:01",hardware,lot.ใหม่,,,"จอ lot.ใหม่ / สวิตช์ตูดฟ้า",Admin,"bitVisitor Plus","BP24091605 - BP24091614"
BP24091613,"2024-09-23 13:19:01",hardware,lot.ใหม่,,,"จอ lot.ใหม่ / สวิตช์ตูดฟ้า",Admin,"bitVisitor Plus","BP24091605 - BP24091614"
BP24091614,"2024-09-23 13:19:01",hardware,lot.ใหม่,,,"จอ lot.ใหม่ / สวิตช์ตูดฟ้า",Admin,"bitVisitor Plus","BP24091605 - BP24091614"
BSF24090992,"2024-09-17 17:54:07",firmware,,,4.0.17,"FW 4.0.17",Admin,"bitStamp Factory Dual","BSF24090992 - BSF24091001"
BSF24090993,"2024-09-17 17:54:07",firmware,,,4.0.17,"FW 4.0.17",Admin,"bitStamp Factory Dual","BSF24090992 - BSF24091001"
BSF24090994,"2024-09-17 17:54:07",firmware,,,4.0.17,"FW 4.0.17",Admin,"bitStamp Factory Dual","BSF24090992 - BSF24091001"
BSF24090995,"2024-09-17 17:54:07",firmware,,,4.0.17,"FW 4.0.17",Admin,"bitStamp Factory Dual","BSF24090992 - BSF24091001"
BSF24090996,"2024-09-17 17:54:07",firmware,,,4.0.17,"FW 4.0.17",Admin,"bitStamp Factory Dual","BSF24090992 - BSF24091001"
BSF24090997,"2024-09-17 17:54:07",firmware,,,4.0.17,"FW 4.0.17",Admin,"bitStamp Factory Dual","BSF24090992 - BSF24091001"
BSF24090998,"2024-09-17 17:54:07",firmware,,,4.0.17,"FW 4.0.17",Admin,"bitStamp Factory Dual","BSF24090992 - BSF24091001"
BSF24090999,"2024-09-17 17:54:07",firmware,,,4.0.17,"FW 4.0.17",Admin,"bitStamp Factory Dual","BSF24090992 - BSF24091001"
BSF24091000,"2024-09-17 17:54:07",firmware,,,4.0.17,"FW 4.0.17",Admin,"bitStamp Factory Dual","BSF24090992 - BSF24091001"
BSF24091001,"2024-09-17 17:54:07",firmware,,,4.0.17,"FW 4.0.17",Admin,"bitStamp Factory Dual","BSF24090992 - BSF24091001"
BSF24090982,"2024-09-17 17:53:07",firmware,,,4.0.17,"FW 4.0.17",Admin,"bitStamp Factory Single","BSF24090982 - BSF24090991"
BSF24090983,"2024-09-17 17:53:07",firmware,,,4.0.17,"FW 4.0.17",Admin,"bitStamp Factory Single","BSF24090982 - BSF24090991"
BSF24090984,"2024-09-17 17:53:07",firmware,,,4.0.17,"FW 4.0.17",Admin,"bitStamp Factory Single","BSF24090982 - BSF24090991"
BSF24090985,"2024-09-17 17:53:07",firmware,,,4.0.17,"FW 4.0.17",Admin,"bitStamp Factory Single","BSF24090982 - BSF24090991"
BSF24090986,"2024-09-17 17:53:07",firmware,,,4.0.17,"FW 4.0.17",Admin,"bitStamp Factory Single","BSF24090982 - BSF24090991"
BSF24090987,"2024-09-17 17:53:07",firmware,,,4.0.17,"FW 4.0.17",Admin,"bitStamp Factory Single","BSF24090982 - BSF24090991"
BSF24090988,"2024-09-17 17:53:07",firmware,,,4.0.17,"FW 4.0.17",Admin,"bitStamp Factory Single","BSF24090982 - BSF24090991"
BSF24090989,"2024-09-17 17:53:07",firmware,,,4.0.17,"FW 4.0.17",Admin,"bitStamp Factory Single","BSF24090982 - BSF24090991"
BSF24090990,"2024-09-17 17:53:07",firmware,,,4.0.17,"FW 4.0.17",Admin,"bitStamp Factory Single","BSF24090982 - BSF24090991"
BSF24090991,"2024-09-17 17:53:07",firmware,,,4.0.17,"FW 4.0.17",Admin,"bitStamp Factory Single","BSF24090982 - BSF24090991"
AL24090577,"2024-09-10 17:07:59",firmware,,,5.35,"FW 5.35",Admin,bitScan,"AL24090577 - AL24090596"
AL24090578,"2024-09-10 17:07:59",firmware,,,5.35,"FW 5.35",Admin,bitScan,"AL24090577 - AL24090596"
AL24090579,"2024-09-10 17:07:59",firmware,,,5.35,"FW 5.35",Admin,bitScan,"AL24090577 - AL24090596"
AL24090580,"2024-09-10 17:07:59",firmware,,,5.35,"FW 5.35",Admin,bitScan,"AL24090577 - AL24090596"
AL24090581,"2024-09-10 17:07:59",firmware,,,5.35,"FW 5.35",Admin,bitScan,"AL24090577 - AL24090596"
AL24090582,"2024-09-10 17:07:59",firmware,,,5.35,"FW 5.35",Admin,bitScan,"AL24090577 - AL24090596"
AL24090583,"2024-09-10 17:07:59",firmware,,,5.35,"FW 5.35",Admin,bitScan,"AL24090577 - AL24090596"
AL24090584,"2024-09-10 17:07:59",firmware,,,5.35,"FW 5.35",Admin,bitScan,"AL24090577 - AL24090596"
AL24090585,"2024-09-10 17:07:59",firmware,,,5.35,"FW 5.35",Admin,bitScan,"AL24090577 - AL24090596"
AL24090586,"2024-09-10 17:07:59",firmware,,,5.35,"FW 5.35",Admin,bitScan,"AL24090577 - AL24090596"
AL24090587,"2024-09-10 17:07:59",firmware,,,5.35,"FW 5.35",Admin,bitScan,"AL24090577 - AL24090596"
AL24090588,"2024-09-10 17:07:59",firmware,,,5.35,"FW 5.35",Admin,bitScan,"AL24090577 - AL24090596"
AL24090589,"2024-09-10 17:07:59",firmware,,,5.35,"FW 5.35",Admin,bitScan,"AL24090577 - AL24090596"
AL24090590,"2024-09-10 17:07:59",firmware,,,5.35,"FW 5.35",Admin,bitScan,"AL24090577 - AL24090596"
AL24090591,"2024-09-10 17:07:59",firmware,,,5.35,"FW 5.35",Admin,bitScan,"AL24090577 - AL24090596"
AL24090592,"2024-09-10 17:07:59",firmware,,,5.35,"FW 5.35",Admin,bitScan,"AL24090577 - AL24090596"
AL24090593,"2024-09-10 17:07:59",firmware,,,5.35,"FW 5.35",Admin,bitScan,"AL24090577 - AL24090596"
AL24090594,"2024-09-10 17:07:59",firmware,,,5.35,"FW 5.35",Admin,bitScan,"AL24090577 - AL24090596"
AL24090595,"2024-09-10 17:07:59",firmware,,,5.35,"FW 5.35",Admin,bitScan,"AL24090577 - AL24090596"
AL24090596,"2024-09-10 17:07:59",firmware,,,5.35,"FW 5.35",Admin,bitScan,"AL24090577 - AL24090596"
BM24091271,"2024-09-09 15:03:28",hardware,"SW สีเทาปนอยู่",,,"ยังมีใช้ SW สีเทาปนอยู่",Admin,,"BM24091271 - BM24091280"
BM24091272,"2024-09-09 15:03:28",hardware,"SW สีเทาปนอยู่",,,"ยังมีใช้ SW สีเทาปนอยู่",Admin,,"BM24091271 - BM24091280"
BM24091273,"2024-09-09 15:03:28",hardware,"SW สีเทาปนอยู่",,,"ยังมีใช้ SW สีเทาปนอยู่",Admin,,"BM24091271 - BM24091280"
BM24091274,"2024-09-09 15:03:28",hardware,"SW สีเทาปนอยู่",,,"ยังมีใช้ SW สีเทาปนอยู่",Admin,,"BM24091271 - BM24091280"
BM24091275,"2024-09-09 15:03:28",hardware,"SW สีเทาปนอยู่",,,"ยังมีใช้ SW สีเทาปนอยู่",Admin,,"BM24091271 - BM24091280"
BM24091276,"2024-09-09 15:03:28",hardware,"SW สีเทาปนอยู่",,,"ยังมีใช้ SW สีเทาปนอยู่",Admin,,"BM24091271 - BM24091280"
BM24091277,"2024-09-09 15:03:28",hardware,"SW สีเทาปนอยู่",,,"ยังมีใช้ SW สีเทาปนอยู่",Admin,,"BM24091271 - BM24091280"
BM24091278,"2024-09-09 15:03:28",hardware,"SW สีเทาปนอยู่",,,"ยังมีใช้ SW สีเทาปนอยู่",Admin,,"BM24091271 - BM24091280"
BM24091279,"2024-09-09 15:03:28",hardware,"SW สีเทาปนอยู่",,,"ยังมีใช้ SW สีเทาปนอยู่",Admin,,"BM24091271 - BM24091280"
BM24091280,"2024-09-09 15:03:28",hardware,"SW สีเทาปนอยู่",,,"ยังมีใช้ SW สีเทาปนอยู่",Admin,,"BM24091271 - BM24091280"
BS24090316,"2024-09-03 18:40:36",hardware,"SW on/off ใหม่ สีฟ้า",,,"ใช้ SW on/off ใหม่ สีฟ้า",Admin,"bitVisitor S","BS24090316 - BS24090325"
BS24090317,"2024-09-03 18:40:36",hardware,"SW on/off ใหม่ สีฟ้า",,,"ใช้ SW on/off ใหม่ สีฟ้า",Admin,"bitVisitor S","BS24090316 - BS24090325"
BS24090318,"2024-09-03 18:40:36",hardware,"SW on/off ใหม่ สีฟ้า",,,"ใช้ SW on/off ใหม่ สีฟ้า",Admin,"bitVisitor S","BS24090316 - BS24090325"
BS24090319,"2024-09-03 18:40:36",hardware,"SW on/off ใหม่ สีฟ้า",,,"ใช้ SW on/off ใหม่ สีฟ้า",Admin,"bitVisitor S","BS24090316 - BS24090325"
BS24090320,"2024-09-03 18:40:36",hardware,"SW on/off ใหม่ สีฟ้า",,,"ใช้ SW on/off ใหม่ สีฟ้า",Admin,"bitVisitor S","BS24090316 - BS24090325"
BS24090321,"2024-09-03 18:40:36",hardware,"SW on/off ใหม่ สีฟ้า",,,"ใช้ SW on/off ใหม่ สีฟ้า",Admin,"bitVisitor S","BS24090316 - BS24090325"
BS24090322,"2024-09-03 18:40:36",hardware,"SW on/off ใหม่ สีฟ้า",,,"ใช้ SW on/off ใหม่ สีฟ้า",Admin,"bitVisitor S","BS24090316 - BS24090325"
BS24090323,"2024-09-03 18:40:36",hardware,"SW on/off ใหม่ สีฟ้า",,,"ใช้ SW on/off ใหม่ สีฟ้า",Admin,"bitVisitor S","BS24090316 - BS24090325"
BS24090324,"2024-09-03 18:40:36",hardware,"SW on/off ใหม่ สีฟ้า",,,"ใช้ SW on/off ใหม่ สีฟ้า",Admin,"bitVisitor S","BS24090316 - BS24090325"
BS24090325,"2024-09-03 18:40:36",hardware,"SW on/off ใหม่ สีฟ้า",,,"ใช้ SW on/off ใหม่ สีฟ้า",Admin,"bitVisitor S","BS24090316 - BS24090325"
BSF24080961,"2024-08-27 19:35:01",firmware,,,4.0.15,"FW 4.0.15 / ปรับตำแหน่ง connector ที่บอร์ด EXP.",Admin,"bitStamp Factory Single","BSF24080961 - BSF24080970"
BSF24080962,"2024-08-27 19:35:01",firmware,,,4.0.15,"FW 4.0.15 / ปรับตำแหน่ง connector ที่บอร์ด EXP.",Admin,"bitStamp Factory Single","BSF24080961 - BSF24080970"
BSF24080963,"2024-08-27 19:35:01",firmware,,,4.0.15,"FW 4.0.15 / ปรับตำแหน่ง connector ที่บอร์ด EXP.",Admin,"bitStamp Factory Single","BSF24080961 - BSF24080970"
BSF24080964,"2024-08-27 19:35:01",firmware,,,4.0.15,"FW 4.0.15 / ปรับตำแหน่ง connector ที่บอร์ด EXP.",Admin,"bitStamp Factory Single","BSF24080961 - BSF24080970"
BSF24080965,"2024-08-27 19:35:01",firmware,,,4.0.15,"FW 4.0.15 / ปรับตำแหน่ง connector ที่บอร์ด EXP.",Admin,"bitStamp Factory Single","BSF24080961 - BSF24080970"
BSF24080966,"2024-08-27 19:35:01",firmware,,,4.0.15,"FW 4.0.15 / ปรับตำแหน่ง connector ที่บอร์ด EXP.",Admin,"bitStamp Factory Single","BSF24080961 - BSF24080970"
BSF24080967,"2024-08-27 19:35:01",firmware,,,4.0.15,"FW 4.0.15 / ปรับตำแหน่ง connector ที่บอร์ด EXP.",Admin,"bitStamp Factory Single","BSF24080961 - BSF24080970"
BSF24080968,"2024-08-27 19:35:01",firmware,,,4.0.15,"FW 4.0.15 / ปรับตำแหน่ง connector ที่บอร์ด EXP.",Admin,"bitStamp Factory Single","BSF24080961 - BSF24080970"
BSF24080969,"2024-08-27 19:35:01",firmware,,,4.0.15,"FW 4.0.15 / ปรับตำแหน่ง connector ที่บอร์ด EXP.",Admin,"bitStamp Factory Single","BSF24080961 - BSF24080970"
BSF24080970,"2024-08-27 19:35:01",firmware,,,4.0.15,"FW 4.0.15 / ปรับตำแหน่ง connector ที่บอร์ด EXP.",Admin,"bitStamp Factory Single","BSF24080961 - BSF24080970"
AL24080557,"2024-08-20 12:42:04",firmware,,,5.35,"FW 5.35",Admin,bitScan,"AL24080557 - AL24080576"
AL24080558,"2024-08-20 12:42:04",firmware,,,5.35,"FW 5.35",Admin,bitScan,"AL24080557 - AL24080576"
AL24080559,"2024-08-20 12:42:04",firmware,,,5.35,"FW 5.35",Admin,bitScan,"AL24080557 - AL24080576"
AL24080560,"2024-08-20 12:42:04",firmware,,,5.35,"FW 5.35",Admin,bitScan,"AL24080557 - AL24080576"
AL24080561,"2024-08-20 12:42:04",firmware,,,5.35,"FW 5.35",Admin,bitScan,"AL24080557 - AL24080576"
AL24080562,"2024-08-20 12:42:04",firmware,,,5.35,"FW 5.35",Admin,bitScan,"AL24080557 - AL24080576"
AL24080563,"2024-08-20 12:42:04",firmware,,,5.35,"FW 5.35",Admin,bitScan,"AL24080557 - AL24080576"
AL24080564,"2024-08-20 12:42:04",firmware,,,5.35,"FW 5.35",Admin,bitScan,"AL24080557 - AL24080576"
AL24080565,"2024-08-20 12:42:04",firmware,,,5.35,"FW 5.35",Admin,bitScan,"AL24080557 - AL24080576"
AL24080566,"2024-08-20 12:42:04",firmware,,,5.35,"FW 5.35",Admin,bitScan,"AL24080557 - AL24080576"
AL24080567,"2024-08-20 12:42:04",firmware,,,5.35,"FW 5.35",Admin,bitScan,"AL24080557 - AL24080576"
AL24080568,"2024-08-20 12:42:04",firmware,,,5.35,"FW 5.35",Admin,bitScan,"AL24080557 - AL24080576"
AL24080569,"2024-08-20 12:42:04",firmware,,,5.35,"FW 5.35",Admin,bitScan,"AL24080557 - AL24080576"
AL24080570,"2024-08-20 12:42:04",firmware,,,5.35,"FW 5.35",Admin,bitScan,"AL24080557 - AL24080576"
AL24080571,"2024-08-20 12:42:04",firmware,,,5.35,"FW 5.35",Admin,bitScan,"AL24080557 - AL24080576"
AL24080572,"2024-08-20 12:42:04",firmware,,,5.35,"FW 5.35",Admin,bitScan,"AL24080557 - AL24080576"
AL24080573,"2024-08-20 12:42:04",firmware,,,5.35,"FW 5.35",Admin,bitScan,"AL24080557 - AL24080576"
AL24080574,"2024-08-20 12:42:04",firmware,,,5.35,"FW 5.35",Admin,bitScan,"AL24080557 - AL24080576"
AL24080575,"2024-08-20 12:42:04",firmware,,,5.35,"FW 5.35",Admin,bitScan,"AL24080557 - AL24080576"
AL24080576,"2024-08-20 12:42:04",firmware,,,5.35,"FW 5.35",Admin,bitScan,"AL24080557 - AL24080576"
BP24081575,"2024-08-14 13:36:44",hardware,"SW om/off ใหม่ สีฟ้า",,,"ใช้ SW om/off ใหม่ สีฟ้า",Admin,"bitVisitor Plus","BP24081575 - BP24081584"
BP24081576,"2024-08-14 13:36:44",hardware,"SW om/off ใหม่ สีฟ้า",,,"ใช้ SW om/off ใหม่ สีฟ้า",Admin,"bitVisitor Plus","BP24081575 - BP24081584"
BP24081577,"2024-08-14 13:36:44",hardware,"SW om/off ใหม่ สีฟ้า",,,"ใช้ SW om/off ใหม่ สีฟ้า",Admin,"bitVisitor Plus","BP24081575 - BP24081584"
BP24081578,"2024-08-14 13:36:44",hardware,"SW om/off ใหม่ สีฟ้า",,,"ใช้ SW om/off ใหม่ สีฟ้า",Admin,"bitVisitor Plus","BP24081575 - BP24081584"
BP24081579,"2024-08-14 13:36:44",hardware,"SW om/off ใหม่ สีฟ้า",,,"ใช้ SW om/off ใหม่ สีฟ้า",Admin,"bitVisitor Plus","BP24081575 - BP24081584"
BP24081580,"2024-08-14 13:36:44",hardware,"SW om/off ใหม่ สีฟ้า",,,"ใช้ SW om/off ใหม่ สีฟ้า",Admin,"bitVisitor Plus","BP24081575 - BP24081584"
BP24081581,"2024-08-14 13:36:44",hardware,"SW om/off ใหม่ สีฟ้า",,,"ใช้ SW om/off ใหม่ สีฟ้า",Admin,"bitVisitor Plus","BP24081575 - BP24081584"
BP24081582,"2024-08-14 13:36:44",hardware,"SW om/off ใหม่ สีฟ้า",,,"ใช้ SW om/off ใหม่ สีฟ้า",Admin,"bitVisitor Plus","BP24081575 - BP24081584"
BP24081583,"2024-08-14 13:36:44",hardware,"SW om/off ใหม่ สีฟ้า",,,"ใช้ SW om/off ใหม่ สีฟ้า",Admin,"bitVisitor Plus","BP24081575 - BP24081584"
BP24081584,"2024-08-14 13:36:44",hardware,"SW om/off ใหม่ สีฟ้า",,,"ใช้ SW om/off ใหม่ สีฟ้า",Admin,"bitVisitor Plus","BP24081575 - BP24081584"
BS24080306,"2024-08-07 16:52:10",hardware,Pi,,,"12VDC ปิด-เปิดตามบอร์ด Pi",Admin,"bitVisitor S","BS24080306 - BS24080315"
BS24080307,"2024-08-07 16:52:10",hardware,Pi,,,"12VDC ปิด-เปิดตามบอร์ด Pi",Admin,"bitVisitor S","BS24080306 - BS24080315"
BS24080308,"2024-08-07 16:52:10",hardware,Pi,,,"12VDC ปิด-เปิดตามบอร์ด Pi",Admin,"bitVisitor S","BS24080306 - BS24080315"
BS24080309,"2024-08-07 16:52:10",hardware,Pi,,,"12VDC ปิด-เปิดตามบอร์ด Pi",Admin,"bitVisitor S","BS24080306 - BS24080315"
BS24080310,"2024-08-07 16:52:10",hardware,Pi,,,"12VDC ปิด-เปิดตามบอร์ด Pi",Admin,"bitVisitor S","BS24080306 - BS24080315"
BS24080311,"2024-08-07 16:52:10",hardware,Pi,,,"12VDC ปิด-เปิดตามบอร์ด Pi",Admin,"bitVisitor S","BS24080306 - BS24080315"
BS24080312,"2024-08-07 16:52:10",hardware,Pi,,,"12VDC ปิด-เปิดตามบอร์ด Pi",Admin,"bitVisitor S","BS24080306 - BS24080315"
BS24080313,"2024-08-07 16:52:10",hardware,Pi,,,"12VDC ปิด-เปิดตามบอร์ด Pi",Admin,"bitVisitor S","BS24080306 - BS24080315"
BS24080314,"2024-08-07 16:52:10",hardware,Pi,,,"12VDC ปิด-เปิดตามบอร์ด Pi",Admin,"bitVisitor S","BS24080306 - BS24080315"
BS24080315,"2024-08-07 16:52:10",hardware,Pi,,,"12VDC ปิด-เปิดตามบอร์ด Pi",Admin,"bitVisitor S","BS24080306 - BS24080315"
AL24080546,"2024-08-07 10:21:57",firmware,,,5.35,"FW 5.35",Admin,bitScan,"AL24080546 - AL24080556"
AL24080547,"2024-08-07 10:21:57",firmware,,,5.35,"FW 5.35",Admin,bitScan,"AL24080546 - AL24080556"
AL24080548,"2024-08-07 10:21:57",firmware,,,5.35,"FW 5.35",Admin,bitScan,"AL24080546 - AL24080556"
AL24080549,"2024-08-07 10:21:57",firmware,,,5.35,"FW 5.35",Admin,bitScan,"AL24080546 - AL24080556"
AL24080550,"2024-08-07 10:21:57",firmware,,,5.35,"FW 5.35",Admin,bitScan,"AL24080546 - AL24080556"
AL24080551,"2024-08-07 10:21:57",firmware,,,5.35,"FW 5.35",Admin,bitScan,"AL24080546 - AL24080556"
AL24080552,"2024-08-07 10:21:57",firmware,,,5.35,"FW 5.35",Admin,bitScan,"AL24080546 - AL24080556"
AL24080553,"2024-08-07 10:21:57",firmware,,,5.35,"FW 5.35",Admin,bitScan,"AL24080546 - AL24080556"
AL24080554,"2024-08-07 10:21:57",firmware,,,5.35,"FW 5.35",Admin,bitScan,"AL24080546 - AL24080556"
AL24080555,"2024-08-07 10:21:57",firmware,,,5.35,"FW 5.35",Admin,bitScan,"AL24080546 - AL24080556"
AL24080556,"2024-08-07 10:21:57",firmware,,,5.35,"FW 5.35",Admin,bitScan,"AL24080546 - AL24080556"
AL24080543,"2024-08-03 12:39:09",firmware,,,5.35,"FW 5.35",Admin,bitScan,"AL24080543 - AL24080545"
AL24080544,"2024-08-03 12:39:09",firmware,,,5.35,"FW 5.35",Admin,bitScan,"AL24080543 - AL24080545"
AL24080545,"2024-08-03 12:39:09",firmware,,,5.35,"FW 5.35",Admin,bitScan,"AL24080543 - AL24080545"
BP24081565,"2024-08-01 08:35:55",hardware,"SW om/off ใหม่ สีฟ้า",,,"ใช้ SW om/off ใหม่ สีฟ้า",Admin,,"BP24081565 - BP24081574"
BP24081566,"2024-08-01 08:35:55",hardware,"SW om/off ใหม่ สีฟ้า",,,"ใช้ SW om/off ใหม่ สีฟ้า",Admin,,"BP24081565 - BP24081574"
BP24081567,"2024-08-01 08:35:55",hardware,"SW om/off ใหม่ สีฟ้า",,,"ใช้ SW om/off ใหม่ สีฟ้า",Admin,,"BP24081565 - BP24081574"
BP24081568,"2024-08-01 08:35:55",hardware,"SW om/off ใหม่ สีฟ้า",,,"ใช้ SW om/off ใหม่ สีฟ้า",Admin,,"BP24081565 - BP24081574"
BP24081569,"2024-08-01 08:35:55",hardware,"SW om/off ใหม่ สีฟ้า",,,"ใช้ SW om/off ใหม่ สีฟ้า",Admin,,"BP24081565 - BP24081574"
BP24081570,"2024-08-01 08:35:55",hardware,"SW om/off ใหม่ สีฟ้า",,,"ใช้ SW om/off ใหม่ สีฟ้า",Admin,,"BP24081565 - BP24081574"
BP24081571,"2024-08-01 08:35:55",hardware,"SW om/off ใหม่ สีฟ้า",,,"ใช้ SW om/off ใหม่ สีฟ้า",Admin,,"BP24081565 - BP24081574"
BP24081572,"2024-08-01 08:35:55",hardware,"SW om/off ใหม่ สีฟ้า",,,"ใช้ SW om/off ใหม่ สีฟ้า",Admin,,"BP24081565 - BP24081574"
BP24081573,"2024-08-01 08:35:55",hardware,"SW om/off ใหม่ สีฟ้า",,,"ใช้ SW om/off ใหม่ สีฟ้า",Admin,,"BP24081565 - BP24081574"
BP24081574,"2024-08-01 08:35:55",hardware,"SW om/off ใหม่ สีฟ้า",,,"ใช้ SW om/off ใหม่ สีฟ้า",Admin,,"BP24081565 - BP24081574"
AL24070535,"2024-07-31 14:43:53",firmware,,,5.35,"FW 5.35",Admin,bitScan,"AL24070535 - AL24070542"
AL24070536,"2024-07-31 14:43:53",firmware,,,5.35,"FW 5.35",Admin,bitScan,"AL24070535 - AL24070542"
AL24070537,"2024-07-31 14:43:53",firmware,,,5.35,"FW 5.35",Admin,,"AL24070535 - AL24070542"
AL24070538,"2024-07-31 14:43:53",firmware,,,5.35,"FW 5.35",Admin,,"AL24070535 - AL24070542"
AL24070539,"2024-07-31 14:43:53",firmware,,,5.35,"FW 5.35",Admin,,"AL24070535 - AL24070542"
AL24070540,"2024-07-31 14:43:53",firmware,,,5.35,"FW 5.35",Admin,,"AL24070535 - AL24070542"
AL24070541,"2024-07-31 14:43:53",firmware,,,5.35,"FW 5.35",Admin,,"AL24070535 - AL24070542"
AL24070542,"2024-07-31 14:43:53",firmware,,,5.35,"FW 5.35",Admin,,"AL24070535 - AL24070542"
BSF24070932,"2024-07-26 15:07:56",hardware,"SW.reset ตัวยาว",,,"ใช้ SW.reset ตัวยาว",Admin,"bitStamp Factory Single","BSF24070932 - BSF24070941"
BSF24070933,"2024-07-26 15:07:56",hardware,"SW.reset ตัวยาว",,,"ใช้ SW.reset ตัวยาว",Admin,"bitStamp Factory Single","BSF24070932 - BSF24070941"
BSF24070934,"2024-07-26 15:07:56",hardware,"SW.reset ตัวยาว",,,"ใช้ SW.reset ตัวยาว",Admin,"bitStamp Factory Single","BSF24070932 - BSF24070941"
BSF24070935,"2024-07-26 15:07:56",hardware,"SW.reset ตัวยาว",,,"ใช้ SW.reset ตัวยาว",Admin,"bitStamp Factory Single","BSF24070932 - BSF24070941"
BSF24070936,"2024-07-26 15:07:56",hardware,"SW.reset ตัวยาว",,,"ใช้ SW.reset ตัวยาว",Admin,"bitStamp Factory Single","BSF24070932 - BSF24070941"
BSF24070937,"2024-07-26 15:07:56",hardware,"SW.reset ตัวยาว",,,"ใช้ SW.reset ตัวยาว",Admin,"bitStamp Factory Single","BSF24070932 - BSF24070941"
BSF24070938,"2024-07-26 15:07:56",hardware,"SW.reset ตัวยาว",,,"ใช้ SW.reset ตัวยาว",Admin,"bitStamp Factory Single","BSF24070932 - BSF24070941"
BSF24070939,"2024-07-26 15:07:56",hardware,"SW.reset ตัวยาว",,,"ใช้ SW.reset ตัวยาว",Admin,"bitStamp Factory Single","BSF24070932 - BSF24070941"
BSF24070940,"2024-07-26 15:07:56",hardware,"SW.reset ตัวยาว",,,"ใช้ SW.reset ตัวยาว",Admin,"bitStamp Factory Single","BSF24070932 - BSF24070941"
BSF24070941,"2024-07-26 15:07:56",hardware,"SW.reset ตัวยาว",,,"ใช้ SW.reset ตัวยาว",Admin,"bitStamp Factory Single","BSF24070932 - BSF24070941"
BS24070296,"2024-07-26 13:49:44",hardware,,,,"SW on/off ไม่ดี // ต่อตรง 12VDC ไม่ให้ auto reboot",Admin,"bitVisitor S","BS24070296 - BS24070305"
BS24070297,"2024-07-26 13:49:44",hardware,,,,"SW on/off ไม่ดี // ต่อตรง 12VDC ไม่ให้ auto reboot",Admin,"bitVisitor S","BS24070296 - BS24070305"
BS24070298,"2024-07-26 13:49:44",hardware,,,,"SW on/off ไม่ดี // ต่อตรง 12VDC ไม่ให้ auto reboot",Admin,"bitVisitor S","BS24070296 - BS24070305"
BS24070299,"2024-07-26 13:49:44",hardware,,,,"SW on/off ไม่ดี // ต่อตรง 12VDC ไม่ให้ auto reboot",Admin,"bitVisitor S","BS24070296 - BS24070305"
BS24070300,"2024-07-26 13:49:44",hardware,,,,"SW on/off ไม่ดี // ต่อตรง 12VDC ไม่ให้ auto reboot",Admin,"bitVisitor S","BS24070296 - BS24070305"
BS24070301,"2024-07-26 13:49:44",hardware,,,,"SW on/off ไม่ดี // ต่อตรง 12VDC ไม่ให้ auto reboot",Admin,"bitVisitor S","BS24070296 - BS24070305"
BS24070302,"2024-07-26 13:49:44",hardware,,,,"SW on/off ไม่ดี // ต่อตรง 12VDC ไม่ให้ auto reboot",Admin,"bitVisitor S","BS24070296 - BS24070305"
BS24070303,"2024-07-26 13:49:44",hardware,,,,"SW on/off ไม่ดี // ต่อตรง 12VDC ไม่ให้ auto reboot",Admin,"bitVisitor S","BS24070296 - BS24070305"
BS24070304,"2024-07-26 13:49:44",hardware,,,,"SW on/off ไม่ดี // ต่อตรง 12VDC ไม่ให้ auto reboot",Admin,"bitVisitor S","BS24070296 - BS24070305"
BS24070305,"2024-07-26 13:49:44",hardware,,,,"SW on/off ไม่ดี // ต่อตรง 12VDC ไม่ให้ auto reboot",Admin,"bitVisitor S","BS24070296 - BS24070305"
AL24070517,"2024-07-23 13:03:20",firmware,,,5.35,"FW 5.35",Admin,bitScan,"AL24070517 - AL24070534"
AL24070518,"2024-07-23 13:03:20",firmware,,,5.35,"FW 5.35",Admin,bitScan,"AL24070517 - AL24070534"
AL24070519,"2024-07-23 13:03:20",firmware,,,5.35,"FW 5.35",Admin,bitScan,"AL24070517 - AL24070534"
AL24070520,"2024-07-23 13:03:20",firmware,,,5.35,"FW 5.35",Admin,bitScan,"AL24070517 - AL24070534"
AL24070521,"2024-07-23 13:03:20",firmware,,,5.35,"FW 5.35",Admin,bitScan,"AL24070517 - AL24070534"
AL24070522,"2024-07-23 13:03:20",firmware,,,5.35,"FW 5.35",Admin,bitScan,"AL24070517 - AL24070534"
AL24070523,"2024-07-23 13:03:20",firmware,,,5.35,"FW 5.35",Admin,bitScan,"AL24070517 - AL24070534"
AL24070524,"2024-07-23 13:03:20",firmware,,,5.35,"FW 5.35",Admin,bitScan,"AL24070517 - AL24070534"
AL24070525,"2024-07-23 13:03:20",firmware,,,5.35,"FW 5.35",Admin,bitScan,"AL24070517 - AL24070534"
AL24070526,"2024-07-23 13:03:20",firmware,,,5.35,"FW 5.35",Admin,bitScan,"AL24070517 - AL24070534"
AL24070527,"2024-07-23 13:03:20",firmware,,,5.35,"FW 5.35",Admin,bitScan,"AL24070517 - AL24070534"
AL24070528,"2024-07-23 13:03:20",firmware,,,5.35,"FW 5.35",Admin,bitScan,"AL24070517 - AL24070534"
AL24070529,"2024-07-23 13:03:20",firmware,,,5.35,"FW 5.35",Admin,bitScan,"AL24070517 - AL24070534"
AL24070530,"2024-07-23 13:03:20",firmware,,,5.35,"FW 5.35",Admin,bitScan,"AL24070517 - AL24070534"
AL24070531,"2024-07-23 13:03:20",firmware,,,5.35,"FW 5.35",Admin,bitScan,"AL24070517 - AL24070534"
AL24070532,"2024-07-23 13:03:20",firmware,,,5.35,"FW 5.35",Admin,bitScan,"AL24070517 - AL24070534"
AL24070533,"2024-07-23 13:03:20",firmware,,,5.35,"FW 5.35",Admin,bitScan,"AL24070517 - AL24070534"
AL24070534,"2024-07-23 13:03:20",firmware,,,5.35,"FW 5.35",Admin,bitScan,"AL24070517 - AL24070534"
BP24071555,"2024-07-19 13:27:26",hardware,,,,"SW on/off ไม่ดี",Admin,"bitVisitor Plus","BP24071555 - BP24071564"
BP24071556,"2024-07-19 13:27:26",hardware,,,,"SW on/off ไม่ดี",Admin,"bitVisitor Plus","BP24071555 - BP24071564"
BP24071557,"2024-07-19 13:27:26",hardware,,,,"SW on/off ไม่ดี",Admin,"bitVisitor Plus","BP24071555 - BP24071564"
BP24071558,"2024-07-19 13:27:26",hardware,,,,"SW on/off ไม่ดี",Admin,"bitVisitor Plus","BP24071555 - BP24071564"
BP24071559,"2024-07-19 13:27:26",hardware,,,,"SW on/off ไม่ดี",Admin,"bitVisitor Plus","BP24071555 - BP24071564"
BP24071560,"2024-07-19 13:27:26",hardware,,,,"SW on/off ไม่ดี",Admin,"bitVisitor Plus","BP24071555 - BP24071564"
BP24071561,"2024-07-19 13:27:26",hardware,,,,"SW on/off ไม่ดี",Admin,"bitVisitor Plus","BP24071555 - BP24071564"
BP24071562,"2024-07-19 13:27:26",hardware,,,,"SW on/off ไม่ดี",Admin,"bitVisitor Plus","BP24071555 - BP24071564"
BP24071563,"2024-07-19 13:27:26",hardware,,,,"SW on/off ไม่ดี",Admin,"bitVisitor Plus","BP24071555 - BP24071564"
BP24071564,"2024-07-19 13:27:26",hardware,,,,"SW on/off ไม่ดี",Admin,"bitVisitor Plus","BP24071555 - BP24071564"
BM24071251,"2024-07-11 08:34:04",hardware,,,,"SW on/off ไม่ดี",Admin,"bitVisitor M","BM24071251 - BM24071260"
BM24071252,"2024-07-11 08:34:04",hardware,,,,"SW on/off ไม่ดี",Admin,"bitVisitor M","BM24071251 - BM24071260"
BM24071253,"2024-07-11 08:34:04",hardware,,,,"SW on/off ไม่ดี",Admin,"bitVisitor M","BM24071251 - BM24071260"
BM24071254,"2024-07-11 08:34:04",hardware,,,,"SW on/off ไม่ดี",Admin,"bitVisitor M","BM24071251 - BM24071260"
BM24071255,"2024-07-11 08:34:04",hardware,,,,"SW on/off ไม่ดี",Admin,"bitVisitor M","BM24071251 - BM24071260"
BM24071256,"2024-07-11 08:34:04",hardware,,,,"SW on/off ไม่ดี",Admin,"bitVisitor M","BM24071251 - BM24071260"
BM24071257,"2024-07-11 08:34:04",hardware,,,,"SW on/off ไม่ดี",Admin,"bitVisitor M","BM24071251 - BM24071260"
BM24071258,"2024-07-11 08:34:04",hardware,,,,"SW on/off ไม่ดี",Admin,"bitVisitor M","BM24071251 - BM24071260"
BM24071259,"2024-07-11 08:34:04",hardware,,,,"SW on/off ไม่ดี",Admin,"bitVisitor M","BM24071251 - BM24071260"
BM24071260,"2024-07-11 08:34:04",hardware,,,,"SW on/off ไม่ดี",Admin,"bitVisitor M","BM24071251 - BM24071260"
BSF24070927,"2024-07-06 11:39:03",hardware,,,,"บอร์ดย้ายตำแหน่ง connector",Admin,"bitStamp Factory Single","BSF24070927 - BSF24070931"
BSF24070928,"2024-07-06 11:39:03",hardware,,,,"บอร์ดย้ายตำแหน่ง connector",Admin,"bitStamp Factory Single","BSF24070927 - BSF24070931"
BSF24070929,"2024-07-06 11:39:03",hardware,,,,"บอร์ดย้ายตำแหน่ง connector",Admin,"bitStamp Factory Single","BSF24070927 - BSF24070931"
BSF24070930,"2024-07-06 11:39:03",hardware,,,,"บอร์ดย้ายตำแหน่ง connector",Admin,"bitStamp Factory Single","BSF24070927 - BSF24070931"
BSF24070931,"2024-07-06 11:39:03",hardware,,,,"บอร์ดย้ายตำแหน่ง connector",Admin,"bitStamp Factory Single","BSF24070927 - BSF24070931"
BSF24070922,"2024-07-06 11:38:55",hardware,,,,"บอร์ดย้ายตำแหน่ง connector",Admin,"bitStamp Factory Dual","BSF24070922 - BSF24070926"
BSF24070923,"2024-07-06 11:38:55",hardware,,,,"บอร์ดย้ายตำแหน่ง connector",Admin,"bitStamp Factory Dual","BSF24070922 - BSF24070926"
BSF24070924,"2024-07-06 11:38:55",hardware,,,,"บอร์ดย้ายตำแหน่ง connector",Admin,"bitStamp Factory Dual","BSF24070922 - BSF24070926"
BSF24070925,"2024-07-06 11:38:55",hardware,,,,"บอร์ดย้ายตำแหน่ง connector",Admin,"bitStamp Factory Dual","BSF24070922 - BSF24070926"
BSF24070926,"2024-07-06 11:38:55",hardware,,,,"บอร์ดย้ายตำแหน่ง connector",Admin,"bitStamp Factory Dual","BSF24070922 - BSF24070926"
BP24071545,"2024-07-03 17:32:49",hardware,,,,"SW on/off ไม่ดี",Admin,"bitVisitor Plus","BP24071545 - BP24071554"
BP24071546,"2024-07-03 17:32:49",hardware,,,,"SW on/off ไม่ดี",Admin,"bitVisitor Plus","BP24071545 - BP24071554"
BP24071547,"2024-07-03 17:32:49",hardware,,,,"SW on/off ไม่ดี",Admin,"bitVisitor Plus","BP24071545 - BP24071554"
BP24071548,"2024-07-03 17:32:49",hardware,,,,"SW on/off ไม่ดี",Admin,"bitVisitor Plus","BP24071545 - BP24071554"
BP24071549,"2024-07-03 17:32:49",hardware,,,,"SW on/off ไม่ดี",Admin,"bitVisitor Plus","BP24071545 - BP24071554"
BP24071550,"2024-07-03 17:32:49",hardware,,,,"SW on/off ไม่ดี",Admin,"bitVisitor Plus","BP24071545 - BP24071554"
BP24071551,"2024-07-03 17:32:49",hardware,,,,"SW on/off ไม่ดี",Admin,"bitVisitor Plus","BP24071545 - BP24071554"
BP24071552,"2024-07-03 17:32:49",hardware,,,,"SW on/off ไม่ดี",Admin,"bitVisitor Plus","BP24071545 - BP24071554"
BP24071553,"2024-07-03 17:32:49",hardware,,,,"SW on/off ไม่ดี",Admin,"bitVisitor Plus","BP24071545 - BP24071554"
BP24071554,"2024-07-03 17:32:49",hardware,,,,"SW on/off ไม่ดี",Admin,"bitVisitor Plus","BP24071545 - BP24071554"
AL24070497,"2024-07-01 11:19:26",firmware,,,5.35,"FW 5.35",Admin,bitScan,"AL24070497 - AL24070516"
AL24070498,"2024-07-01 11:19:26",firmware,,,5.35,"FW 5.35",Admin,bitScan,"AL24070497 - AL24070516"
AL24070499,"2024-07-01 11:19:26",firmware,,,5.35,"FW 5.35",Admin,bitScan,"AL24070497 - AL24070516"
AL24070500,"2024-07-01 11:19:26",firmware,,,5.35,"FW 5.35",Admin,bitScan,"AL24070497 - AL24070516"
AL24070501,"2024-07-01 11:19:26",firmware,,,5.35,"FW 5.35",Admin,bitScan,"AL24070497 - AL24070516"
AL24070502,"2024-07-01 11:19:26",firmware,,,5.35,"FW 5.35",Admin,bitScan,"AL24070497 - AL24070516"
AL24070503,"2024-07-01 11:19:26",firmware,,,5.35,"FW 5.35",Admin,bitScan,"AL24070497 - AL24070516"
AL24070504,"2024-07-01 11:19:26",firmware,,,5.35,"FW 5.35",Admin,bitScan,"AL24070497 - AL24070516"
AL24070505,"2024-07-01 11:19:26",firmware,,,5.35,"FW 5.35",Admin,bitScan,"AL24070497 - AL24070516"
AL24070506,"2024-07-01 11:19:26",firmware,,,5.35,"FW 5.35",Admin,bitScan,"AL24070497 - AL24070516"
AL24070507,"2024-07-01 11:19:26",firmware,,,5.35,"FW 5.35",Admin,bitScan,"AL24070497 - AL24070516"
AL24070508,"2024-07-01 11:19:26",firmware,,,5.35,"FW 5.35",Admin,bitScan,"AL24070497 - AL24070516"
AL24070509,"2024-07-01 11:19:26",firmware,,,5.35,"FW 5.35",Admin,bitScan,"AL24070497 - AL24070516"
AL24070510,"2024-07-01 11:19:26",firmware,,,5.35,"FW 5.35",Admin,bitScan,"AL24070497 - AL24070516"
AL24070511,"2024-07-01 11:19:26",firmware,,,5.35,"FW 5.35",Admin,bitScan,"AL24070497 - AL24070516"
AL24070512,"2024-07-01 11:19:26",firmware,,,5.35,"FW 5.35",Admin,bitScan,"AL24070497 - AL24070516"
AL24070513,"2024-07-01 11:19:26",firmware,,,5.35,"FW 5.35",Admin,bitScan,"AL24070497 - AL24070516"
AL24070514,"2024-07-01 11:19:26",firmware,,,5.35,"FW 5.35",Admin,bitScan,"AL24070497 - AL24070516"
AL24070515,"2024-07-01 11:19:26",firmware,,,5.35,"FW 5.35",Admin,bitScan,"AL24070497 - AL24070516"
AL24070516,"2024-07-01 11:19:26",firmware,,,5.35,"FW 5.35",Admin,bitScan,"AL24070497 - AL24070516"
D36502,"2024-06-20 10:08:05",other,,,,"D36502 - D36521",Admin,,-
D36503,"2024-06-20 10:08:05",other,,,,"D36502 - D36521",Admin,,-
D36504,"2024-06-20 10:08:05",other,,,,"D36502 - D36521",Admin,,-
D36505,"2024-06-20 10:08:05",other,,,,"D36502 - D36521",Admin,,-
D36506,"2024-06-20 10:08:05",other,,,,"D36502 - D36521",Admin,,-
D36507,"2024-06-20 10:08:05",other,,,,"D36502 - D36521",Admin,,-
D36508,"2024-06-20 10:08:05",other,,,,"D36502 - D36521",Admin,,-
D36509,"2024-06-20 10:08:05",other,,,,"D36502 - D36521",Admin,,-
D36510,"2024-06-20 10:08:05",other,,,,"D36502 - D36521",Admin,,-
D36511,"2024-06-20 10:08:05",other,,,,"D36502 - D36521",Admin,,-
D36512,"2024-06-20 10:08:05",other,,,,"D36502 - D36521",Admin,,-
D36513,"2024-06-20 10:08:05",other,,,,"D36502 - D36521",Admin,,-
D36514,"2024-06-20 10:08:05",other,,,,"D36502 - D36521",Admin,,-
D36515,"2024-06-20 10:08:05",other,,,,"D36502 - D36521",Admin,,-
D36516,"2024-06-20 10:08:05",other,,,,"D36502 - D36521",Admin,,-
D36517,"2024-06-20 10:08:05",other,,,,"D36502 - D36521",Admin,,-
D36518,"2024-06-20 10:08:05",other,,,,"D36502 - D36521",Admin,,-
D36519,"2024-06-20 10:08:05",other,,,,"D36502 - D36521",Admin,,-
D36520,"2024-06-20 10:08:05",other,,,,"D36502 - D36521",Admin,,-
D36521,"2024-06-20 10:08:05",other,,,,"D36502 - D36521",Admin,,-
SC424060685,"2024-06-19 16:09:19",other,,,,"SC424060685 - SC424060704",Admin,"Smart Card Reader",-
SC424060686,"2024-06-19 16:09:19",other,,,,"SC424060685 - SC424060704",Admin,"Smart Card Reader",-
SC424060687,"2024-06-19 16:09:19",other,,,,"SC424060685 - SC424060704",Admin,"Smart Card Reader",-
SC424060688,"2024-06-19 16:09:19",other,,,,"SC424060685 - SC424060704",Admin,"Smart Card Reader",-
SC424060689,"2024-06-19 16:09:19",other,,,,"SC424060685 - SC424060704",Admin,"Smart Card Reader",-
SC424060690,"2024-06-19 16:09:19",other,,,,"SC424060685 - SC424060704",Admin,"Smart Card Reader",-
SC424060691,"2024-06-19 16:09:19",other,,,,"SC424060685 - SC424060704",Admin,"Smart Card Reader",-
SC424060692,"2024-06-19 16:09:19",other,,,,"SC424060685 - SC424060704",Admin,"Smart Card Reader",-
SC424060693,"2024-06-19 16:09:19",other,,,,"SC424060685 - SC424060704",Admin,"Smart Card Reader",-
SC424060694,"2024-06-19 16:09:19",other,,,,"SC424060685 - SC424060704",Admin,"Smart Card Reader",-
SC424060695,"2024-06-19 16:09:19",other,,,,"SC424060685 - SC424060704",Admin,"Smart Card Reader",-
SC424060696,"2024-06-19 16:09:19",other,,,,"SC424060685 - SC424060704",Admin,"Smart Card Reader",-
SC424060697,"2024-06-19 16:09:19",other,,,,"SC424060685 - SC424060704",Admin,"Smart Card Reader",-
SC424060698,"2024-06-19 16:09:19",other,,,,"SC424060685 - SC424060704",Admin,"Smart Card Reader",-
SC424060699,"2024-06-19 16:09:19",other,,,,"SC424060685 - SC424060704",Admin,"Smart Card Reader",-
SC424060700,"2024-06-19 16:09:19",other,,,,"SC424060685 - SC424060704",Admin,"Smart Card Reader",-
SC424060701,"2024-06-19 16:09:19",other,,,,"SC424060685 - SC424060704",Admin,"Smart Card Reader",-
SC424060702,"2024-06-19 16:09:19",other,,,,"SC424060685 - SC424060704",Admin,"Smart Card Reader",-
SC424060703,"2024-06-19 16:09:19",other,,,,"SC424060685 - SC424060704",Admin,"Smart Card Reader",-
SC424060704,"2024-06-19 16:09:19",other,,,,"SC424060685 - SC424060704",Admin,"Smart Card Reader",-
AL24060477,"2024-06-13 18:20:45",firmware,,,5.35,"FW 5.35",Admin,bitScan,"AL24060477 - AL24060496"
AL24060478,"2024-06-13 18:20:45",firmware,,,5.35,"FW 5.35",Admin,bitScan,"AL24060477 - AL24060496"
AL24060479,"2024-06-13 18:20:45",firmware,,,5.35,"FW 5.35",Admin,bitScan,"AL24060477 - AL24060496"
AL24060480,"2024-06-13 18:20:45",firmware,,,5.35,"FW 5.35",Admin,bitScan,"AL24060477 - AL24060496"
AL24060481,"2024-06-13 18:20:45",firmware,,,5.35,"FW 5.35",Admin,bitScan,"AL24060477 - AL24060496"
AL24060482,"2024-06-13 18:20:45",firmware,,,5.35,"FW 5.35",Admin,bitScan,"AL24060477 - AL24060496"
AL24060483,"2024-06-13 18:20:45",firmware,,,5.35,"FW 5.35",Admin,bitScan,"AL24060477 - AL24060496"
AL24060484,"2024-06-13 18:20:45",firmware,,,5.35,"FW 5.35",Admin,bitScan,"AL24060477 - AL24060496"
AL24060485,"2024-06-13 18:20:45",firmware,,,5.35,"FW 5.35",Admin,bitScan,"AL24060477 - AL24060496"
AL24060486,"2024-06-13 18:20:45",firmware,,,5.35,"FW 5.35",Admin,bitScan,"AL24060477 - AL24060496"
AL24060487,"2024-06-13 18:20:45",firmware,,,5.35,"FW 5.35",Admin,bitScan,"AL24060477 - AL24060496"
AL24060488,"2024-06-13 18:20:45",firmware,,,5.35,"FW 5.35",Admin,bitScan,"AL24060477 - AL24060496"
AL24060489,"2024-06-13 18:20:45",firmware,,,5.35,"FW 5.35",Admin,bitScan,"AL24060477 - AL24060496"
AL24060490,"2024-06-13 18:20:45",firmware,,,5.35,"FW 5.35",Admin,bitScan,"AL24060477 - AL24060496"
AL24060491,"2024-06-13 18:20:45",firmware,,,5.35,"FW 5.35",Admin,bitScan,"AL24060477 - AL24060496"
AL24060492,"2024-06-13 18:20:45",firmware,,,5.35,"FW 5.35",Admin,bitScan,"AL24060477 - AL24060496"
AL24060493,"2024-06-13 18:20:45",firmware,,,5.35,"FW 5.35",Admin,bitScan,"AL24060477 - AL24060496"
AL24060494,"2024-06-13 18:20:45",firmware,,,5.35,"FW 5.35",Admin,bitScan,"AL24060477 - AL24060496"
AL24060495,"2024-06-13 18:20:45",firmware,,,5.35,"FW 5.35",Admin,bitScan,"AL24060477 - AL24060496"
AL24060496,"2024-06-13 18:20:45",firmware,,,5.35,"FW 5.35",Admin,bitScan,"AL24060477 - AL24060496"
BP24061535,"2024-06-10 18:13:48",firmware,,,2.5.9c,"New Image UP-FW.2.5.9c",Admin,"bitVisitor Plus","BP24061535 - BP24061544"
BP24061536,"2024-06-10 18:13:48",firmware,,,2.5.9c,"New Image UP-FW.2.5.9c",Admin,"bitVisitor Plus","BP24061535 - BP24061544"
BP24061537,"2024-06-10 18:13:48",firmware,,,2.5.9c,"New Image UP-FW.2.5.9c",Admin,"bitVisitor Plus","BP24061535 - BP24061544"
BP24061538,"2024-06-10 18:13:48",firmware,,,2.5.9c,"New Image UP-FW.2.5.9c",Admin,"bitVisitor Plus","BP24061535 - BP24061544"
BP24061539,"2024-06-10 18:13:48",firmware,,,2.5.9c,"New Image UP-FW.2.5.9c",Admin,"bitVisitor Plus","BP24061535 - BP24061544"
BP24061540,"2024-06-10 18:13:48",firmware,,,2.5.9c,"New Image UP-FW.2.5.9c",Admin,"bitVisitor Plus","BP24061535 - BP24061544"
BP24061541,"2024-06-10 18:13:48",firmware,,,2.5.9c,"New Image UP-FW.2.5.9c",Admin,"bitVisitor Plus","BP24061535 - BP24061544"
BP24061542,"2024-06-10 18:13:48",firmware,,,2.5.9c,"New Image UP-FW.2.5.9c",Admin,"bitVisitor Plus","BP24061535 - BP24061544"
BP24061543,"2024-06-10 18:13:48",firmware,,,2.5.9c,"New Image UP-FW.2.5.9c",Admin,"bitVisitor Plus","BP24061535 - BP24061544"
BP24061544,"2024-06-10 18:13:48",firmware,,,2.5.9c,"New Image UP-FW.2.5.9c",Admin,"bitVisitor Plus","BP24061535 - BP24061544"
BM24051231,"2024-05-31 13:01:53",firmware,,,2.5.9c,"New Image UP-FW.2.5.9c",Admin,"bitVisitor M","BM24051231 - BM24051240"
BM24051232,"2024-05-31 13:01:53",firmware,,,2.5.9c,"New Image UP-FW.2.5.9c",Admin,"bitVisitor M","BM24051231 - BM24051240"
BM24051233,"2024-05-31 13:01:53",firmware,,,2.5.9c,"New Image UP-FW.2.5.9c",Admin,"bitVisitor M","BM24051231 - BM24051240"
BM24051234,"2024-05-31 13:01:53",firmware,,,2.5.9c,"New Image UP-FW.2.5.9c",Admin,"bitVisitor M","BM24051231 - BM24051240"
BM24051235,"2024-05-31 13:01:53",firmware,,,2.5.9c,"New Image UP-FW.2.5.9c",Admin,"bitVisitor M","BM24051231 - BM24051240"
BM24051236,"2024-05-31 13:01:53",firmware,,,2.5.9c,"New Image UP-FW.2.5.9c",Admin,"bitVisitor M","BM24051231 - BM24051240"
BM24051237,"2024-05-31 13:01:53",firmware,,,2.5.9c,"New Image UP-FW.2.5.9c",Admin,"bitVisitor M","BM24051231 - BM24051240"
BM24051238,"2024-05-31 13:01:53",firmware,,,2.5.9c,"New Image UP-FW.2.5.9c",Admin,"bitVisitor M","BM24051231 - BM24051240"
BM24051239,"2024-05-31 13:01:53",firmware,,,2.5.9c,"New Image UP-FW.2.5.9c",Admin,"bitVisitor M","BM24051231 - BM24051240"
BM24051240,"2024-05-31 13:01:53",firmware,,,2.5.9c,"New Image UP-FW.2.5.9c",Admin,"bitVisitor M","BM24051231 - BM24051240"
BP24051525,"2024-05-23 13:37:43",firmware,,,2.5.9a,"New Image FW.2.5.9a",Admin,"bitVisitor Plus","BP24051525 - BP24051534"
BP24051526,"2024-05-23 13:37:43",firmware,,,2.5.9a,"New Image FW.2.5.9a",Admin,"bitVisitor Plus","BP24051525 - BP24051534"
BP24051527,"2024-05-23 13:37:43",firmware,,,2.5.9a,"New Image FW.2.5.9a",Admin,"bitVisitor Plus","BP24051525 - BP24051534"
BP24051528,"2024-05-23 13:37:43",firmware,,,2.5.9a,"New Image FW.2.5.9a",Admin,"bitVisitor Plus","BP24051525 - BP24051534"
BP24051529,"2024-05-23 13:37:43",firmware,,,2.5.9a,"New Image FW.2.5.9a",Admin,"bitVisitor Plus","BP24051525 - BP24051534"
BP24051530,"2024-05-23 13:37:43",firmware,,,2.5.9a,"New Image FW.2.5.9a",Admin,"bitVisitor Plus","BP24051525 - BP24051534"
BP24051531,"2024-05-23 13:37:43",firmware,,,2.5.9a,"New Image FW.2.5.9a",Admin,"bitVisitor Plus","BP24051525 - BP24051534"
BP24051532,"2024-05-23 13:37:43",firmware,,,2.5.9a,"New Image FW.2.5.9a",Admin,"bitVisitor Plus","BP24051525 - BP24051534"
BP24051533,"2024-05-23 13:37:43",firmware,,,2.5.9a,"New Image FW.2.5.9a",Admin,"bitVisitor Plus","BP24051525 - BP24051534"
BP24051534,"2024-05-23 13:37:43",firmware,,,2.5.9a,"New Image FW.2.5.9a",Admin,"bitVisitor Plus","BP24051525 - BP24051534"
AL24050476,"2024-05-20 11:36:40",firmware,,,5.35,"FW 5.35",Admin,bitScan,"AL24050476 - AL24050476"
AL24050456,"2024-05-20 11:31:39",firmware,,,5.35,"FW 5.35",Admin,bitScan,"AL24050456 - AL24050475"
AL24050457,"2024-05-20 11:31:39",firmware,,,5.35,"FW 5.35",Admin,bitScan,"AL24050456 - AL24050475"
AL24050458,"2024-05-20 11:31:39",firmware,,,5.35,"FW 5.35",Admin,bitScan,"AL24050456 - AL24050475"
AL24050459,"2024-05-20 11:31:39",firmware,,,5.35,"FW 5.35",Admin,bitScan,"AL24050456 - AL24050475"
AL24050460,"2024-05-20 11:31:39",firmware,,,5.35,"FW 5.35",Admin,bitScan,"AL24050456 - AL24050475"
AL24050461,"2024-05-20 11:31:39",firmware,,,5.35,"FW 5.35",Admin,bitScan,"AL24050456 - AL24050475"
AL24050462,"2024-05-20 11:31:39",firmware,,,5.35,"FW 5.35",Admin,bitScan,"AL24050456 - AL24050475"
AL24050463,"2024-05-20 11:31:39",firmware,,,5.35,"FW 5.35",Admin,bitScan,"AL24050456 - AL24050475"
AL24050464,"2024-05-20 11:31:39",firmware,,,5.35,"FW 5.35",Admin,bitScan,"AL24050456 - AL24050475"
AL24050465,"2024-05-20 11:31:39",firmware,,,5.35,"FW 5.35",Admin,bitScan,"AL24050456 - AL24050475"
AL24050466,"2024-05-20 11:31:39",firmware,,,5.35,"FW 5.35",Admin,bitScan,"AL24050456 - AL24050475"
AL24050467,"2024-05-20 11:31:39",firmware,,,5.35,"FW 5.35",Admin,bitScan,"AL24050456 - AL24050475"
AL24050468,"2024-05-20 11:31:39",firmware,,,5.35,"FW 5.35",Admin,bitScan,"AL24050456 - AL24050475"
AL24050469,"2024-05-20 11:31:39",firmware,,,5.35,"FW 5.35",Admin,bitScan,"AL24050456 - AL24050475"
AL24050470,"2024-05-20 11:31:39",firmware,,,5.35,"FW 5.35",Admin,bitScan,"AL24050456 - AL24050475"
AL24050471,"2024-05-20 11:31:39",firmware,,,5.35,"FW 5.35",Admin,bitScan,"AL24050456 - AL24050475"
AL24050472,"2024-05-20 11:31:39",firmware,,,5.35,"FW 5.35",Admin,bitScan,"AL24050456 - AL24050475"
AL24050473,"2024-05-20 11:31:39",firmware,,,5.35,"FW 5.35",Admin,bitScan,"AL24050456 - AL24050475"
AL24050474,"2024-05-20 11:31:39",firmware,,,5.35,"FW 5.35",Admin,bitScan,"AL24050456 - AL24050475"
AL24050475,"2024-05-20 11:31:39",firmware,,,5.35,"FW 5.35",Admin,bitScan,"AL24050456 - AL24050475"
BM24051221,"2024-05-08 17:20:00",firmware,,,2.5.9,"New Image FW.2.5.9",Admin,"bitVisitor M","BM24051221 - BM24051230"
BM24051222,"2024-05-08 17:20:00",firmware,,,2.5.9,"New Image FW.2.5.9",Admin,"bitVisitor M","BM24051221 - BM24051230"
BM24051223,"2024-05-08 17:20:00",firmware,,,2.5.9,"New Image FW.2.5.9",Admin,"bitVisitor M","BM24051221 - BM24051230"
BM24051224,"2024-05-08 17:20:00",firmware,,,2.5.9,"New Image FW.2.5.9",Admin,"bitVisitor M","BM24051221 - BM24051230"
BM24051225,"2024-05-08 17:20:00",firmware,,,2.5.9,"New Image FW.2.5.9",Admin,"bitVisitor M","BM24051221 - BM24051230"
BM24051226,"2024-05-08 17:20:00",firmware,,,2.5.9,"New Image FW.2.5.9",Admin,"bitVisitor M","BM24051221 - BM24051230"
BM24051227,"2024-05-08 17:20:00",firmware,,,2.5.9,"New Image FW.2.5.9",Admin,"bitVisitor M","BM24051221 - BM24051230"
BM24051228,"2024-05-08 17:20:00",firmware,,,2.5.9,"New Image FW.2.5.9",Admin,"bitVisitor M","BM24051221 - BM24051230"
BM24051229,"2024-05-08 17:20:00",firmware,,,2.5.9,"New Image FW.2.5.9",Admin,"bitVisitor M","BM24051221 - BM24051230"
BM24051230,"2024-05-08 17:20:00",firmware,,,2.5.9,"New Image FW.2.5.9",Admin,"bitVisitor M","BM24051221 - BM24051230"
AL24050451,"2024-05-03 17:43:46",firmware,,,5.34,"FW 5.34",Admin,bitScan,"AL24050451 - AL24050455"
AL24050452,"2024-05-03 17:43:46",firmware,,,5.34,"FW 5.34",Admin,bitScan,"AL24050451 - AL24050455"
AL24050453,"2024-05-03 17:43:46",firmware,,,5.34,"FW 5.34",Admin,bitScan,"AL24050451 - AL24050455"
AL24050454,"2024-05-03 17:43:46",firmware,,,5.34,"FW 5.34",Admin,bitScan,"AL24050451 - AL24050455"
AL24050455,"2024-05-03 17:43:46",firmware,,,5.34,"FW 5.34",Admin,bitScan,"AL24050451 - AL24050455"
AL24040446,"2024-04-30 12:33:16",firmware,,,5.34,"FW 5.34",Admin,bitScan,"AL24040446 - AL24040450"
AL24040447,"2024-04-30 12:33:16",firmware,,,5.34,"FW 5.34",Admin,bitScan,"AL24040446 - AL24040450"
AL24040448,"2024-04-30 12:33:16",firmware,,,5.34,"FW 5.34",Admin,bitScan,"AL24040446 - AL24040450"
AL24040449,"2024-04-30 12:33:16",firmware,,,5.34,"FW 5.34",Admin,bitScan,"AL24040446 - AL24040450"
AL24040450,"2024-04-30 12:33:16",firmware,,,5.34,"FW 5.34",Admin,bitScan,"AL24040446 - AL24040450"
AL24040436,"2024-04-27 16:06:58",firmware,,,5.34,"FW 5.34",Admin,bitScan,"AL24040436 - AL24040445"
AL24040437,"2024-04-27 16:06:58",firmware,,,5.34,"FW 5.34",Admin,bitScan,"AL24040436 - AL24040445"
AL24040438,"2024-04-27 16:06:58",firmware,,,5.34,"FW 5.34",Admin,bitScan,"AL24040436 - AL24040445"
AL24040439,"2024-04-27 16:06:58",firmware,,,5.34,"FW 5.34",Admin,bitScan,"AL24040436 - AL24040445"
AL24040440,"2024-04-27 16:06:58",firmware,,,5.34,"FW 5.34",Admin,bitScan,"AL24040436 - AL24040445"
AL24040441,"2024-04-27 16:06:58",firmware,,,5.34,"FW 5.34",Admin,bitScan,"AL24040436 - AL24040445"
AL24040442,"2024-04-27 16:06:58",firmware,,,5.34,"FW 5.34",Admin,bitScan,"AL24040436 - AL24040445"
AL24040443,"2024-04-27 16:06:58",firmware,,,5.34,"FW 5.34",Admin,bitScan,"AL24040436 - AL24040445"
AL24040444,"2024-04-27 16:06:58",firmware,,,5.34,"FW 5.34",Admin,bitScan,"AL24040436 - AL24040445"
AL24040445,"2024-04-27 16:06:58",firmware,,,5.34,"FW 5.34",Admin,bitScan,"AL24040436 - AL24040445"
AL24040434,"2024-04-19 09:03:15",firmware,,,5.34,"FW 5.34",Admin,bitScan,"AL24040434 - AL24040435"
AL24040435,"2024-04-19 09:03:15",firmware,,,5.34,"FW 5.34",Admin,bitScan,"AL24040434 - AL24040435"
AL24040429,"2024-04-18 17:05:30",firmware,,,5.34,"FW 5.34",Admin,bitScan,"AL24040429 - AL24040433"
AL24040430,"2024-04-18 17:05:30",firmware,,,5.34,"FW 5.34",Admin,bitScan,"AL24040429 - AL24040433"
AL24040431,"2024-04-18 17:05:30",firmware,,,5.34,"FW 5.34",Admin,bitScan,"AL24040429 - AL24040433"
AL24040432,"2024-04-18 17:05:30",firmware,,,5.34,"FW 5.34",Admin,bitScan,"AL24040429 - AL24040433"
AL24040433,"2024-04-18 17:05:30",firmware,,,5.34,"FW 5.34",Admin,bitScan,"AL24040429 - AL24040433"
AL24040426,"2024-04-01 09:57:34",firmware,,,5.34,"FW 5.34",Admin,bitScan,"AL24040426 - AL24040428"
AL24040427,"2024-04-01 09:57:34",firmware,,,5.34,"FW 5.34",Admin,,"AL24040426 - AL24040428"
AL24040428,"2024-04-01 09:57:34",firmware,,,5.34,"FW 5.34",Admin,,"AL24040426 - AL24040428"
AL24030406,"2024-03-21 18:35:09",firmware,,,5.33,"FW 5.33 // AL24030420 เปลี่ยนใช้ถ่าน PALO สีขาว",Admin,bitScan,"AL24030406 - AL24030425"
AL24030407,"2024-03-21 18:35:09",firmware,,,5.33,"FW 5.33 // AL24030420 เปลี่ยนใช้ถ่าน PALO สีขาว",Admin,bitScan,"AL24030406 - AL24030425"
AL24030408,"2024-03-21 18:35:09",firmware,,,5.33,"FW 5.33 // AL24030420 เปลี่ยนใช้ถ่าน PALO สีขาว",Admin,bitScan,"AL24030406 - AL24030425"
AL24030409,"2024-03-21 18:35:09",firmware,,,5.33,"FW 5.33 // AL24030420 เปลี่ยนใช้ถ่าน PALO สีขาว",Admin,bitScan,"AL24030406 - AL24030425"
AL24030410,"2024-03-21 18:35:09",firmware,,,5.33,"FW 5.33 // AL24030420 เปลี่ยนใช้ถ่าน PALO สีขาว",Admin,bitScan,"AL24030406 - AL24030425"
AL24030411,"2024-03-21 18:35:09",firmware,,,5.33,"FW 5.33 // AL24030420 เปลี่ยนใช้ถ่าน PALO สีขาว",Admin,bitScan,"AL24030406 - AL24030425"
AL24030412,"2024-03-21 18:35:09",firmware,,,5.33,"FW 5.33 // AL24030420 เปลี่ยนใช้ถ่าน PALO สีขาว",Admin,bitScan,"AL24030406 - AL24030425"
AL24030413,"2024-03-21 18:35:09",firmware,,,5.33,"FW 5.33 // AL24030420 เปลี่ยนใช้ถ่าน PALO สีขาว",Admin,bitScan,"AL24030406 - AL24030425"
AL24030414,"2024-03-21 18:35:09",firmware,,,5.33,"FW 5.33 // AL24030420 เปลี่ยนใช้ถ่าน PALO สีขาว",Admin,bitScan,"AL24030406 - AL24030425"
AL24030415,"2024-03-21 18:35:09",firmware,,,5.33,"FW 5.33 // AL24030420 เปลี่ยนใช้ถ่าน PALO สีขาว",Admin,bitScan,"AL24030406 - AL24030425"
AL24030416,"2024-03-21 18:35:09",firmware,,,5.33,"FW 5.33 // AL24030420 เปลี่ยนใช้ถ่าน PALO สีขาว",Admin,bitScan,"AL24030406 - AL24030425"
AL24030417,"2024-03-21 18:35:09",firmware,,,5.33,"FW 5.33 // AL24030420 เปลี่ยนใช้ถ่าน PALO สีขาว",Admin,bitScan,"AL24030406 - AL24030425"
AL24030418,"2024-03-21 18:35:09",firmware,,,5.33,"FW 5.33 // AL24030420 เปลี่ยนใช้ถ่าน PALO สีขาว",Admin,bitScan,"AL24030406 - AL24030425"
AL24030419,"2024-03-21 18:35:09",firmware,,,5.33,"FW 5.33 // AL24030420 เปลี่ยนใช้ถ่าน PALO สีขาว",Admin,bitScan,"AL24030406 - AL24030425"
AL24030420,"2024-03-21 18:35:09",firmware,,,5.33,"FW 5.33 // AL24030420 เปลี่ยนใช้ถ่าน PALO สีขาว",Admin,bitScan,"AL24030406 - AL24030425"
AL24030421,"2024-03-21 18:35:09",firmware,,,5.33,"FW 5.33 // AL24030420 เปลี่ยนใช้ถ่าน PALO สีขาว",Admin,bitScan,"AL24030406 - AL24030425"
AL24030422,"2024-03-21 18:35:09",firmware,,,5.33,"FW 5.33 // AL24030420 เปลี่ยนใช้ถ่าน PALO สีขาว",Admin,bitScan,"AL24030406 - AL24030425"
AL24030423,"2024-03-21 18:35:09",firmware,,,5.33,"FW 5.33 // AL24030420 เปลี่ยนใช้ถ่าน PALO สีขาว",Admin,bitScan,"AL24030406 - AL24030425"
AL24030424,"2024-03-21 18:35:09",firmware,,,5.33,"FW 5.33 // AL24030420 เปลี่ยนใช้ถ่าน PALO สีขาว",Admin,bitScan,"AL24030406 - AL24030425"
AL24030425,"2024-03-21 18:35:09",firmware,,,5.33,"FW 5.33 // AL24030420 เปลี่ยนใช้ถ่าน PALO สีขาว",Admin,bitScan,"AL24030406 - AL24030425"
BP24031485,"2024-03-18 16:45:50",firmware,,,2.5.8c,"เปลี่ยน FW 2.5.8c เพิ่มเรื่อง stamp online และ report online",Admin,"bitVisitor Plus","BP24031485 - BP24031494"
BP24031486,"2024-03-18 16:45:50",firmware,,,2.5.8c,"เปลี่ยน FW 2.5.8c เพิ่มเรื่อง stamp online และ report online",Admin,"bitVisitor Plus","BP24031485 - BP24031494"
BP24031487,"2024-03-18 16:45:50",firmware,,,2.5.8c,"เปลี่ยน FW 2.5.8c เพิ่มเรื่อง stamp online และ report online",Admin,"bitVisitor Plus","BP24031485 - BP24031494"
BP24031488,"2024-03-18 16:45:50",firmware,,,2.5.8c,"เปลี่ยน FW 2.5.8c เพิ่มเรื่อง stamp online และ report online",Admin,"bitVisitor Plus","BP24031485 - BP24031494"
BP24031489,"2024-03-18 16:45:50",firmware,,,2.5.8c,"เปลี่ยน FW 2.5.8c เพิ่มเรื่อง stamp online และ report online",Admin,"bitVisitor Plus","BP24031485 - BP24031494"
BP24031490,"2024-03-18 16:45:50",firmware,,,2.5.8c,"เปลี่ยน FW 2.5.8c เพิ่มเรื่อง stamp online และ report online",Admin,"bitVisitor Plus","BP24031485 - BP24031494"
BP24031491,"2024-03-18 16:45:50",firmware,,,2.5.8c,"เปลี่ยน FW 2.5.8c เพิ่มเรื่อง stamp online และ report online",Admin,"bitVisitor Plus","BP24031485 - BP24031494"
BP24031492,"2024-03-18 16:45:50",firmware,,,2.5.8c,"เปลี่ยน FW 2.5.8c เพิ่มเรื่อง stamp online และ report online",Admin,"bitVisitor Plus","BP24031485 - BP24031494"
BP24031493,"2024-03-18 16:45:50",firmware,,,2.5.8c,"เปลี่ยน FW 2.5.8c เพิ่มเรื่อง stamp online และ report online",Admin,"bitVisitor Plus","BP24031485 - BP24031494"
BP24031494,"2024-03-18 16:45:50",firmware,,,2.5.8c,"เปลี่ยน FW 2.5.8c เพิ่มเรื่อง stamp online และ report online",Admin,"bitVisitor Plus","BP24031485 - BP24031494"
AL24030396,"2024-03-07 18:18:13",firmware,,,5.33,"FW 5.33",Admin,bitScan,"AL24030396 - AL24030405"
AL24030397,"2024-03-07 18:18:13",firmware,,,5.33,"FW 5.33",Admin,bitScan,"AL24030396 - AL24030405"
AL24030398,"2024-03-07 18:18:13",firmware,,,5.33,"FW 5.33",Admin,,"AL24030396 - AL24030405"
AL24030399,"2024-03-07 18:18:13",firmware,,,5.33,"FW 5.33",Admin,,"AL24030396 - AL24030405"
AL24030400,"2024-03-07 18:18:13",firmware,,,5.33,"FW 5.33",Admin,bitScan,"AL24030396 - AL24030405"
AL24030401,"2024-03-07 18:18:13",firmware,,,5.33,"FW 5.33",Admin,bitScan,"AL24030396 - AL24030405"
AL24030402,"2024-03-07 18:18:13",firmware,,,5.33,"FW 5.33",Admin,bitScan,"AL24030396 - AL24030405"
AL24030403,"2024-03-07 18:18:13",firmware,,,5.33,"FW 5.33",Admin,bitScan,"AL24030396 - AL24030405"
AL24030404,"2024-03-07 18:18:13",firmware,,,5.33,"FW 5.33",Admin,bitScan,"AL24030396 - AL24030405"
AL24030405,"2024-03-07 18:18:13",firmware,,,5.33,"FW 5.33",Admin,bitScan,"AL24030396 - AL24030405"
AL24020376,"2024-02-22 13:02:55",firmware,,,5.30,"FW 5.30",Admin,bitScan,"AL24020376 - AL24020395"
AL24020377,"2024-02-22 13:02:55",firmware,,,5.30,"FW 5.30",Admin,bitScan,"AL24020376 - AL24020395"
AL24020378,"2024-02-22 13:02:55",firmware,,,5.30,"FW 5.30",Admin,bitScan,"AL24020376 - AL24020395"
AL24020379,"2024-02-22 13:02:55",firmware,,,5.30,"FW 5.30",Admin,bitScan,"AL24020376 - AL24020395"
AL24020380,"2024-02-22 13:02:55",firmware,,,5.30,"FW 5.30",Admin,bitScan,"AL24020376 - AL24020395"
AL24020381,"2024-02-22 13:02:55",firmware,,,5.30,"FW 5.30",Admin,bitScan,"AL24020376 - AL24020395"
AL24020382,"2024-02-22 13:02:55",firmware,,,5.30,"FW 5.30",Admin,bitScan,"AL24020376 - AL24020395"
AL24020383,"2024-02-22 13:02:55",firmware,,,5.30,"FW 5.30",Admin,bitScan,"AL24020376 - AL24020395"
AL24020384,"2024-02-22 13:02:55",firmware,,,5.30,"FW 5.30",Admin,bitScan,"AL24020376 - AL24020395"
AL24020385,"2024-02-22 13:02:55",firmware,,,5.30,"FW 5.30",Admin,bitScan,"AL24020376 - AL24020395"
AL24020386,"2024-02-22 13:02:55",firmware,,,5.30,"FW 5.30",Admin,bitScan,"AL24020376 - AL24020395"
AL24020387,"2024-02-22 13:02:55",firmware,,,5.30,"FW 5.30",Admin,bitScan,"AL24020376 - AL24020395"
AL24020388,"2024-02-22 13:02:55",firmware,,,5.30,"FW 5.30",Admin,bitScan,"AL24020376 - AL24020395"
AL24020389,"2024-02-22 13:02:55",firmware,,,5.30,"FW 5.30",Admin,bitScan,"AL24020376 - AL24020395"
AL24020390,"2024-02-22 13:02:55",firmware,,,5.30,"FW 5.30",Admin,bitScan,"AL24020376 - AL24020395"
AL24020391,"2024-02-22 13:02:55",firmware,,,5.30,"FW 5.30",Admin,bitScan,"AL24020376 - AL24020395"
AL24020392,"2024-02-22 13:02:55",firmware,,,5.30,"FW 5.30",Admin,bitScan,"AL24020376 - AL24020395"
AL24020393,"2024-02-22 13:02:55",firmware,,,5.30,"FW 5.30",Admin,bitScan,"AL24020376 - AL24020395"
AL24020394,"2024-02-22 13:02:55",firmware,,,5.30,"FW 5.30",Admin,bitScan,"AL24020376 - AL24020395"
AL24020395,"2024-02-22 13:02:55",firmware,,,5.30,"FW 5.30",Admin,bitScan,"AL24020376 - AL24020395"
BM24021181,"2024-02-12 13:23:37",hardware,,,,"หยอดกาวร้อนหัว LAN",Admin,"bitVisitor M","BM24021181 - BM24021190"
BM24021182,"2024-02-12 13:23:37",hardware,,,,"หยอดกาวร้อนหัว LAN",Admin,"bitVisitor M","BM24021181 - BM24021190"
BM24021183,"2024-02-12 13:23:37",hardware,,,,"หยอดกาวร้อนหัว LAN",Admin,"bitVisitor M","BM24021181 - BM24021190"
BM24021184,"2024-02-12 13:23:37",hardware,,,,"หยอดกาวร้อนหัว LAN",Admin,"bitVisitor M","BM24021181 - BM24021190"
BM24021185,"2024-02-12 13:23:37",hardware,,,,"หยอดกาวร้อนหัว LAN",Admin,"bitVisitor M","BM24021181 - BM24021190"
BM24021186,"2024-02-12 13:23:37",hardware,,,,"หยอดกาวร้อนหัว LAN",Admin,"bitVisitor M","BM24021181 - BM24021190"
BM24021187,"2024-02-12 13:23:37",hardware,,,,"หยอดกาวร้อนหัว LAN",Admin,"bitVisitor M","BM24021181 - BM24021190"
BM24021188,"2024-02-12 13:23:37",hardware,,,,"หยอดกาวร้อนหัว LAN",Admin,"bitVisitor M","BM24021181 - BM24021190"
BM24021189,"2024-02-12 13:23:37",hardware,,,,"หยอดกาวร้อนหัว LAN",Admin,"bitVisitor M","BM24021181 - BM24021190"
BM24021190,"2024-02-12 13:23:37",hardware,,,,"หยอดกาวร้อนหัว LAN",Admin,"bitVisitor M","BM24021181 - BM24021190"
AL24020366,"2024-02-09 18:28:09",firmware,,,5.30,"FW 5.30",Admin,bitScan,"AL24020366 - AL24020375"
AL24020367,"2024-02-09 18:28:09",firmware,,,5.30,"FW 5.30",Admin,bitScan,"AL24020366 - AL24020375"
AL24020368,"2024-02-09 18:28:09",firmware,,,5.30,"FW 5.30",Admin,bitScan,"AL24020366 - AL24020375"
AL24020369,"2024-02-09 18:28:09",firmware,,,5.30,"FW 5.30",Admin,bitScan,"AL24020366 - AL24020375"
AL24020370,"2024-02-09 18:28:09",firmware,,,5.30,"FW 5.30",Admin,bitScan,"AL24020366 - AL24020375"
AL24020371,"2024-02-09 18:28:09",firmware,,,5.30,"FW 5.30",Admin,bitScan,"AL24020366 - AL24020375"
AL24020372,"2024-02-09 18:28:09",firmware,,,5.30,"FW 5.30",Admin,bitScan,"AL24020366 - AL24020375"
AL24020373,"2024-02-09 18:28:09",firmware,,,5.30,"FW 5.30",Admin,bitScan,"AL24020366 - AL24020375"
AL24020374,"2024-02-09 18:28:09",firmware,,,5.30,"FW 5.30",Admin,bitScan,"AL24020366 - AL24020375"
AL24020375,"2024-02-09 18:28:09",firmware,,,5.30,"FW 5.30",Admin,bitScan,"AL24020366 - AL24020375"
AL24010356,"2024-01-30 13:15:22",firmware,,,5.29,"FW 5.29",Admin,bitScan,"AL24010356 - AL24010365"
AL24010357,"2024-01-30 13:15:22",firmware,,,5.29,"FW 5.29",Admin,bitScan,"AL24010356 - AL24010365"
AL24010358,"2024-01-30 13:15:22",firmware,,,5.29,"FW 5.29",Admin,bitScan,"AL24010356 - AL24010365"
AL24010359,"2024-01-30 13:15:22",firmware,,,5.29,"FW 5.29",Admin,bitScan,"AL24010356 - AL24010365"
AL24010360,"2024-01-30 13:15:22",firmware,,,5.29,"FW 5.29",Admin,bitScan,"AL24010356 - AL24010365"
AL24010361,"2024-01-30 13:15:22",firmware,,,5.29,"FW 5.29",Admin,bitScan,"AL24010356 - AL24010365"
AL24010362,"2024-01-30 13:15:22",firmware,,,5.29,"FW 5.29",Admin,bitScan,"AL24010356 - AL24010365"
AL24010363,"2024-01-30 13:15:22",firmware,,,5.29,"FW 5.29",Admin,bitScan,"AL24010356 - AL24010365"
AL24010364,"2024-01-30 13:15:22",firmware,,,5.29,"FW 5.29",Admin,bitScan,"AL24010356 - AL24010365"
AL24010365,"2024-01-30 13:15:22",firmware,,,5.29,"FW 5.29",Admin,bitScan,"AL24010356 - AL24010365"
AL24010346,"2024-01-25 15:02:56",firmware,,,5.28,"FW 5.28",Admin,bitScan,"AL24010346 - AL24010355"
AL24010347,"2024-01-25 15:02:56",firmware,,,5.28,"FW 5.28",Admin,bitScan,"AL24010346 - AL24010355"
AL24010348,"2024-01-25 15:02:56",firmware,,,5.28,"FW 5.28",Admin,bitScan,"AL24010346 - AL24010355"
AL24010349,"2024-01-25 15:02:56",firmware,,,5.28,"FW 5.28",Admin,bitScan,"AL24010346 - AL24010355"
AL24010350,"2024-01-25 15:02:56",firmware,,,5.28,"FW 5.28",Admin,bitScan,"AL24010346 - AL24010355"
AL24010351,"2024-01-25 15:02:56",firmware,,,5.28,"FW 5.28",Admin,bitScan,"AL24010346 - AL24010355"
AL24010352,"2024-01-25 15:02:56",firmware,,,5.28,"FW 5.28",Admin,bitScan,"AL24010346 - AL24010355"
AL24010353,"2024-01-25 15:02:56",firmware,,,5.28,"FW 5.28",Admin,bitScan,"AL24010346 - AL24010355"
AL24010354,"2024-01-25 15:02:56",firmware,,,5.28,"FW 5.28",Admin,bitScan,"AL24010346 - AL24010355"
AL24010355,"2024-01-25 15:02:56",firmware,,,5.28,"FW 5.28",Admin,bitScan,"AL24010346 - AL24010355"
BP24011445,"2024-01-13 10:05:13",hardware,,,,"เริ่มใช้กล้อง Feeltek 1080P",Admin,"bitVisitor Plus","BP24011445 - BP24011454"
BP24011446,"2024-01-13 10:05:13",hardware,,,,"เริ่มใช้กล้อง Feeltek 1080P",Admin,"bitVisitor Plus","BP24011445 - BP24011454"
BP24011447,"2024-01-13 10:05:13",hardware,,,,"เริ่มใช้กล้อง Feeltek 1080P",Admin,"bitVisitor Plus","BP24011445 - BP24011454"
BP24011448,"2024-01-13 10:05:13",hardware,,,,"เริ่มใช้กล้อง Feeltek 1080P",Admin,"bitVisitor Plus","BP24011445 - BP24011454"
BP24011449,"2024-01-13 10:05:13",hardware,,,,"เริ่มใช้กล้อง Feeltek 1080P",Admin,"bitVisitor Plus","BP24011445 - BP24011454"
BP24011450,"2024-01-13 10:05:13",hardware,,,,"เริ่มใช้กล้อง Feeltek 1080P",Admin,"bitVisitor Plus","BP24011445 - BP24011454"
BP24011451,"2024-01-13 10:05:13",hardware,,,,"เริ่มใช้กล้อง Feeltek 1080P",Admin,"bitVisitor Plus","BP24011445 - BP24011454"
BP24011452,"2024-01-13 10:05:13",hardware,,,,"เริ่มใช้กล้อง Feeltek 1080P",Admin,"bitVisitor Plus","BP24011445 - BP24011454"
BP24011453,"2024-01-13 10:05:13",hardware,,,,"เริ่มใช้กล้อง Feeltek 1080P",Admin,"bitVisitor Plus","BP24011445 - BP24011454"
BP24011454,"2024-01-13 10:05:13",hardware,,,,"เริ่มใช้กล้อง Feeltek 1080P",Admin,"bitVisitor Plus","BP24011445 - BP24011454"
AL24010336,"2024-01-09 18:26:15",firmware,,,5.28,"FW 5.28 // บอร์ดสวิตช์ Sila",Admin,bitScan,"AL24010336 - AL24010345"
AL24010337,"2024-01-09 18:26:15",firmware,,,5.28,"FW 5.28 // บอร์ดสวิตช์ Sila",Admin,bitScan,"AL24010336 - AL24010345"
AL24010338,"2024-01-09 18:26:15",firmware,,,5.28,"FW 5.28 // บอร์ดสวิตช์ Sila",Admin,bitScan,"AL24010336 - AL24010345"
AL24010339,"2024-01-09 18:26:15",firmware,,,5.28,"FW 5.28 // บอร์ดสวิตช์ Sila",Admin,bitScan,"AL24010336 - AL24010345"
AL24010340,"2024-01-09 18:26:15",firmware,,,5.28,"FW 5.28 // บอร์ดสวิตช์ Sila",Admin,bitScan,"AL24010336 - AL24010345"
AL24010341,"2024-01-09 18:26:15",firmware,,,5.28,"FW 5.28 // บอร์ดสวิตช์ Sila",Admin,bitScan,"AL24010336 - AL24010345"
AL24010342,"2024-01-09 18:26:15",firmware,,,5.28,"FW 5.28 // บอร์ดสวิตช์ Sila",Admin,bitScan,"AL24010336 - AL24010345"
AL24010343,"2024-01-09 18:26:15",firmware,,,5.28,"FW 5.28 // บอร์ดสวิตช์ Sila",Admin,bitScan,"AL24010336 - AL24010345"
AL24010344,"2024-01-09 18:26:15",firmware,,,5.28,"FW 5.28 // บอร์ดสวิตช์ Sila",Admin,bitScan,"AL24010336 - AL24010345"
AL24010345,"2024-01-09 18:26:15",firmware,,,5.28,"FW 5.28 // บอร์ดสวิตช์ Sila",Admin,bitScan,"AL24010336 - AL24010345"
AL23120335,"2023-12-21 09:06:57",firmware,,,5.28,"FW 5.28",Admin,bitScan,"AL23120335 - AL23120335"
AL23120316,"2023-12-18 17:34:48",firmware,,,5.28,"FW 5.28",Admin,bitScan,"AL23120316 - AL23120334"
AL23120317,"2023-12-18 17:34:48",firmware,,,5.28,"FW 5.28",Admin,bitScan,"AL23120316 - AL23120334"
AL23120318,"2023-12-18 17:34:48",firmware,,,5.28,"FW 5.28",Admin,bitScan,"AL23120316 - AL23120334"
AL23120319,"2023-12-18 17:34:48",firmware,,,5.28,"FW 5.28",Admin,bitScan,"AL23120316 - AL23120334"
AL23120320,"2023-12-18 17:34:48",firmware,,,5.28,"FW 5.28",Admin,bitScan,"AL23120316 - AL23120334"
AL23120321,"2023-12-18 17:34:48",firmware,,,5.28,"FW 5.28",Admin,bitScan,"AL23120316 - AL23120334"
AL23120322,"2023-12-18 17:34:48",firmware,,,5.28,"FW 5.28",Admin,bitScan,"AL23120316 - AL23120334"
AL23120323,"2023-12-18 17:34:48",firmware,,,5.28,"FW 5.28",Admin,bitScan,"AL23120316 - AL23120334"
AL23120324,"2023-12-18 17:34:48",firmware,,,5.28,"FW 5.28",Admin,bitScan,"AL23120316 - AL23120334"
AL23120325,"2023-12-18 17:34:48",firmware,,,5.28,"FW 5.28",Admin,bitScan,"AL23120316 - AL23120334"
AL23120326,"2023-12-18 17:34:48",firmware,,,5.28,"FW 5.28",Admin,bitScan,"AL23120316 - AL23120334"
AL23120327,"2023-12-18 17:34:48",firmware,,,5.28,"FW 5.28",Admin,bitScan,"AL23120316 - AL23120334"
AL23120328,"2023-12-18 17:34:48",firmware,,,5.28,"FW 5.28",Admin,bitScan,"AL23120316 - AL23120334"
AL23120329,"2023-12-18 17:34:48",firmware,,,5.28,"FW 5.28",Admin,bitScan,"AL23120316 - AL23120334"
AL23120330,"2023-12-18 17:34:48",firmware,,,5.28,"FW 5.28",Admin,bitScan,"AL23120316 - AL23120334"
AL23120331,"2023-12-18 17:34:48",firmware,,,5.28,"FW 5.28",Admin,bitScan,"AL23120316 - AL23120334"
AL23120332,"2023-12-18 17:34:48",firmware,,,5.28,"FW 5.28",Admin,bitScan,"AL23120316 - AL23120334"
AL23120333,"2023-12-18 17:34:48",firmware,,,5.28,"FW 5.28",Admin,bitScan,"AL23120316 - AL23120334"
AL23120334,"2023-12-18 17:34:48",firmware,,,5.28,"FW 5.28",Admin,bitScan,"AL23120316 - AL23120334"
BS23110196,"2023-11-29 18:24:52",firmware,,,40P,"เริ่มใช้ EXP แบบ IDC40P",Admin,"bitVisitor S","BS23110196 - BS23110205"
BS23110197,"2023-11-29 18:24:52",firmware,,,40P,"เริ่มใช้ EXP แบบ IDC40P",Admin,"bitVisitor S","BS23110196 - BS23110205"
BS23110198,"2023-11-29 18:24:52",firmware,,,40P,"เริ่มใช้ EXP แบบ IDC40P",Admin,"bitVisitor S","BS23110196 - BS23110205"
BS23110199,"2023-11-29 18:24:52",firmware,,,40P,"เริ่มใช้ EXP แบบ IDC40P",Admin,"bitVisitor S","BS23110196 - BS23110205"
BS23110200,"2023-11-29 18:24:52",firmware,,,40P,"เริ่มใช้ EXP แบบ IDC40P",Admin,"bitVisitor S","BS23110196 - BS23110205"
BS23110201,"2023-11-29 18:24:52",firmware,,,40P,"เริ่มใช้ EXP แบบ IDC40P",Admin,"bitVisitor S","BS23110196 - BS23110205"
BS23110202,"2023-11-29 18:24:52",firmware,,,40P,"เริ่มใช้ EXP แบบ IDC40P",Admin,"bitVisitor S","BS23110196 - BS23110205"
BS23110203,"2023-11-29 18:24:52",firmware,,,40P,"เริ่มใช้ EXP แบบ IDC40P",Admin,"bitVisitor S","BS23110196 - BS23110205"
BS23110204,"2023-11-29 18:24:52",firmware,,,40P,"เริ่มใช้ EXP แบบ IDC40P",Admin,"bitVisitor S","BS23110196 - BS23110205"
BS23110205,"2023-11-29 18:24:52",firmware,,,40P,"เริ่มใช้ EXP แบบ IDC40P",Admin,"bitVisitor S","BS23110196 - BS23110205"
AL23110306,"2023-11-27 18:06:14",firmware,,,5.27,"FW 5.27",Admin,bitScan,"AL23110306 - AL23110315"
AL23110307,"2023-11-27 18:06:14",firmware,,,5.27,"FW 5.27",Admin,bitScan,"AL23110306 - AL23110315"
AL23110308,"2023-11-27 18:06:14",firmware,,,5.27,"FW 5.27",Admin,bitScan,"AL23110306 - AL23110315"
AL23110309,"2023-11-27 18:06:14",firmware,,,5.27,"FW 5.27",Admin,bitScan,"AL23110306 - AL23110315"
AL23110310,"2023-11-27 18:06:14",firmware,,,5.27,"FW 5.27",Admin,bitScan,"AL23110306 - AL23110315"
AL23110311,"2023-11-27 18:06:14",firmware,,,5.27,"FW 5.27",Admin,bitScan,"AL23110306 - AL23110315"
AL23110312,"2023-11-27 18:06:14",firmware,,,5.27,"FW 5.27",Admin,bitScan,"AL23110306 - AL23110315"
AL23110313,"2023-11-27 18:06:14",firmware,,,5.27,"FW 5.27",Admin,bitScan,"AL23110306 - AL23110315"
AL23110314,"2023-11-27 18:06:14",firmware,,,5.27,"FW 5.27",Admin,bitScan,"AL23110306 - AL23110315"
AL23110315,"2023-11-27 18:06:14",firmware,,,5.27,"FW 5.27",Admin,bitScan,"AL23110306 - AL23110315"
BM23111161,"2023-11-17 09:50:32",hardware,,,,"เริ่มใช้เครื่องเช็คสาย HDMI (UNI-T)",Admin,"bitVisitor M","BM23111161 - BM23111170"
BM23111162,"2023-11-17 09:50:32",hardware,,,,"เริ่มใช้เครื่องเช็คสาย HDMI (UNI-T)",Admin,"bitVisitor M","BM23111161 - BM23111170"
BM23111163,"2023-11-17 09:50:32",hardware,,,,"เริ่มใช้เครื่องเช็คสาย HDMI (UNI-T)",Admin,"bitVisitor M","BM23111161 - BM23111170"
BM23111164,"2023-11-17 09:50:32",hardware,,,,"เริ่มใช้เครื่องเช็คสาย HDMI (UNI-T)",Admin,"bitVisitor M","BM23111161 - BM23111170"
BM23111165,"2023-11-17 09:50:32",hardware,,,,"เริ่มใช้เครื่องเช็คสาย HDMI (UNI-T)",Admin,"bitVisitor M","BM23111161 - BM23111170"
BM23111166,"2023-11-17 09:50:32",hardware,,,,"เริ่มใช้เครื่องเช็คสาย HDMI (UNI-T)",Admin,"bitVisitor M","BM23111161 - BM23111170"
BM23111167,"2023-11-17 09:50:32",hardware,,,,"เริ่มใช้เครื่องเช็คสาย HDMI (UNI-T)",Admin,"bitVisitor M","BM23111161 - BM23111170"
BM23111168,"2023-11-17 09:50:32",hardware,,,,"เริ่มใช้เครื่องเช็คสาย HDMI (UNI-T)",Admin,"bitVisitor M","BM23111161 - BM23111170"
BM23111169,"2023-11-17 09:50:32",hardware,,,,"เริ่มใช้เครื่องเช็คสาย HDMI (UNI-T)",Admin,"bitVisitor M","BM23111161 - BM23111170"
BM23111170,"2023-11-17 09:50:32",hardware,,,,"เริ่มใช้เครื่องเช็คสาย HDMI (UNI-T)",Admin,"bitVisitor M","BM23111161 - BM23111170"
BP23111425,"2023-11-09 11:04:08",hardware,,,,"เริ่มใช้เครื่องเช็คสาย HDMI (UNI-T)",Admin,"bitVisitor Plus","BP23111425 - BP23111434"
BP23111426,"2023-11-09 11:04:08",hardware,,,,"เริ่มใช้เครื่องเช็คสาย HDMI (UNI-T)",Admin,"bitVisitor Plus","BP23111425 - BP23111434"
BP23111427,"2023-11-09 11:04:08",hardware,,,,"เริ่มใช้เครื่องเช็คสาย HDMI (UNI-T)",Admin,"bitVisitor Plus","BP23111425 - BP23111434"
BP23111428,"2023-11-09 11:04:08",hardware,,,,"เริ่มใช้เครื่องเช็คสาย HDMI (UNI-T)",Admin,"bitVisitor Plus","BP23111425 - BP23111434"
BP23111429,"2023-11-09 11:04:08",hardware,,,,"เริ่มใช้เครื่องเช็คสาย HDMI (UNI-T)",Admin,"bitVisitor Plus","BP23111425 - BP23111434"
BP23111430,"2023-11-09 11:04:08",hardware,,,,"เริ่มใช้เครื่องเช็คสาย HDMI (UNI-T)",Admin,"bitVisitor Plus","BP23111425 - BP23111434"
BP23111431,"2023-11-09 11:04:08",hardware,,,,"เริ่มใช้เครื่องเช็คสาย HDMI (UNI-T)",Admin,"bitVisitor Plus","BP23111425 - BP23111434"
BP23111432,"2023-11-09 11:04:08",hardware,,,,"เริ่มใช้เครื่องเช็คสาย HDMI (UNI-T)",Admin,"bitVisitor Plus","BP23111425 - BP23111434"
BP23111433,"2023-11-09 11:04:08",hardware,,,,"เริ่มใช้เครื่องเช็คสาย HDMI (UNI-T)",Admin,"bitVisitor Plus","BP23111425 - BP23111434"
BP23111434,"2023-11-09 11:04:08",hardware,,,,"เริ่มใช้เครื่องเช็คสาย HDMI (UNI-T)",Admin,"bitVisitor Plus","BP23111425 - BP23111434"
AL23110286,"2023-11-03 17:11:51",firmware,,,5.26,"FW 5.26",Admin,bitScan,"AL23110286 - AL23110305"
AL23110287,"2023-11-03 17:11:51",firmware,,,5.26,"FW 5.26",Admin,bitScan,"AL23110286 - AL23110305"
AL23110288,"2023-11-03 17:11:51",firmware,,,5.26,"FW 5.26",Admin,bitScan,"AL23110286 - AL23110305"
AL23110289,"2023-11-03 17:11:51",firmware,,,5.26,"FW 5.26",Admin,bitScan,"AL23110286 - AL23110305"
AL23110290,"2023-11-03 17:11:51",firmware,,,5.26,"FW 5.26",Admin,bitScan,"AL23110286 - AL23110305"
AL23110291,"2023-11-03 17:11:51",firmware,,,5.26,"FW 5.26",Admin,bitScan,"AL23110286 - AL23110305"
AL23110292,"2023-11-03 17:11:51",firmware,,,5.26,"FW 5.26",Admin,bitScan,"AL23110286 - AL23110305"
AL23110293,"2023-11-03 17:11:51",firmware,,,5.26,"FW 5.26",Admin,bitScan,"AL23110286 - AL23110305"
AL23110294,"2023-11-03 17:11:51",firmware,,,5.26,"FW 5.26",Admin,bitScan,"AL23110286 - AL23110305"
AL23110295,"2023-11-03 17:11:51",firmware,,,5.26,"FW 5.26",Admin,bitScan,"AL23110286 - AL23110305"
AL23110296,"2023-11-03 17:11:51",firmware,,,5.26,"FW 5.26",Admin,bitScan,"AL23110286 - AL23110305"
AL23110297,"2023-11-03 17:11:51",firmware,,,5.26,"FW 5.26",Admin,bitScan,"AL23110286 - AL23110305"
AL23110298,"2023-11-03 17:11:51",firmware,,,5.26,"FW 5.26",Admin,bitScan,"AL23110286 - AL23110305"
AL23110299,"2023-11-03 17:11:51",firmware,,,5.26,"FW 5.26",Admin,bitScan,"AL23110286 - AL23110305"
AL23110300,"2023-11-03 17:11:51",firmware,,,5.26,"FW 5.26",Admin,bitScan,"AL23110286 - AL23110305"
AL23110301,"2023-11-03 17:11:51",firmware,,,5.26,"FW 5.26",Admin,bitScan,"AL23110286 - AL23110305"
AL23110302,"2023-11-03 17:11:51",firmware,,,5.26,"FW 5.26",Admin,bitScan,"AL23110286 - AL23110305"
AL23110303,"2023-11-03 17:11:51",firmware,,,5.26,"FW 5.26",Admin,bitScan,"AL23110286 - AL23110305"
AL23110304,"2023-11-03 17:11:51",firmware,,,5.26,"FW 5.26",Admin,bitScan,"AL23110286 - AL23110305"
AL23110305,"2023-11-03 17:11:51",firmware,,,5.26,"FW 5.26",Admin,bitScan,"AL23110286 - AL23110305"
BS23100186,"2023-10-30 14:39:39",hardware,,,,"เปลี่ยนสายชาร์จ Printer เป็นสาย Type-C",Admin,"bitVisitor S","BS23100186 - BS23100195"
BS23100187,"2023-10-30 14:39:39",hardware,,,,"เปลี่ยนสายชาร์จ Printer เป็นสาย Type-C",Admin,"bitVisitor S","BS23100186 - BS23100195"
BS23100188,"2023-10-30 14:39:39",hardware,,,,"เปลี่ยนสายชาร์จ Printer เป็นสาย Type-C",Admin,"bitVisitor S","BS23100186 - BS23100195"
BS23100189,"2023-10-30 14:39:39",hardware,,,,"เปลี่ยนสายชาร์จ Printer เป็นสาย Type-C",Admin,"bitVisitor S","BS23100186 - BS23100195"
BS23100190,"2023-10-30 14:39:39",hardware,,,,"เปลี่ยนสายชาร์จ Printer เป็นสาย Type-C",Admin,"bitVisitor S","BS23100186 - BS23100195"
BS23100191,"2023-10-30 14:39:39",hardware,,,,"เปลี่ยนสายชาร์จ Printer เป็นสาย Type-C",Admin,"bitVisitor S","BS23100186 - BS23100195"
BS23100192,"2023-10-30 14:39:39",hardware,,,,"เปลี่ยนสายชาร์จ Printer เป็นสาย Type-C",Admin,"bitVisitor S","BS23100186 - BS23100195"
BS23100193,"2023-10-30 14:39:39",hardware,,,,"เปลี่ยนสายชาร์จ Printer เป็นสาย Type-C",Admin,"bitVisitor S","BS23100186 - BS23100195"
BS23100194,"2023-10-30 14:39:39",hardware,,,,"เปลี่ยนสายชาร์จ Printer เป็นสาย Type-C",Admin,"bitVisitor S","BS23100186 - BS23100195"
BS23100195,"2023-10-30 14:39:39",hardware,,,,"เปลี่ยนสายชาร์จ Printer เป็นสาย Type-C",Admin,"bitVisitor S","BS23100186 - BS23100195"
AL23100276,"2023-10-20 16:19:13",firmware,,,5.25,"FW 5.25",Admin,bitScan,"AL23100276 - AL23100285"
AL23100277,"2023-10-20 16:19:13",firmware,,,5.25,"FW 5.25",Admin,bitScan,"AL23100276 - AL23100285"
AL23100278,"2023-10-20 16:19:13",firmware,,,5.25,"FW 5.25",Admin,bitScan,"AL23100276 - AL23100285"
AL23100279,"2023-10-20 16:19:13",firmware,,,5.25,"FW 5.25",Admin,bitScan,"AL23100276 - AL23100285"
AL23100280,"2023-10-20 16:19:13",firmware,,,5.25,"FW 5.25",Admin,bitScan,"AL23100276 - AL23100285"
AL23100281,"2023-10-20 16:19:13",firmware,,,5.25,"FW 5.25",Admin,bitScan,"AL23100276 - AL23100285"
AL23100282,"2023-10-20 16:19:13",firmware,,,5.25,"FW 5.25",Admin,bitScan,"AL23100276 - AL23100285"
AL23100283,"2023-10-20 16:19:13",firmware,,,5.25,"FW 5.25",Admin,bitScan,"AL23100276 - AL23100285"
AL23100284,"2023-10-20 16:19:13",firmware,,,5.25,"FW 5.25",Admin,bitScan,"AL23100276 - AL23100285"
AL23100285,"2023-10-20 16:19:13",firmware,,,5.25,"FW 5.25",Admin,bitScan,"AL23100276 - AL23100285"
BSF23080792,"2023-08-28 17:29:34",hardware,Pi,,,"ใช้สาย IDE 8 Pin แทนสายแพร",Admin,"bitStamp Factory Dual","BSF23080792 - BSF23080801"
BSF23080793,"2023-08-28 17:29:34",hardware,Pi,,,"ใช้สาย IDE 8 Pin แทนสายแพร",Admin,"bitStamp Factory Dual","BSF23080792 - BSF23080801"
BSF23080794,"2023-08-28 17:29:34",hardware,Pi,,,"ใช้สาย IDE 8 Pin แทนสายแพร",Admin,"bitStamp Factory Dual","BSF23080792 - BSF23080801"
BSF23080795,"2023-08-28 17:29:34",hardware,Pi,,,"ใช้สาย IDE 8 Pin แทนสายแพร",Admin,"bitStamp Factory Dual","BSF23080792 - BSF23080801"
BSF23080796,"2023-08-28 17:29:34",hardware,Pi,,,"ใช้สาย IDE 8 Pin แทนสายแพร",Admin,"bitStamp Factory Dual","BSF23080792 - BSF23080801"
BSF23080797,"2023-08-28 17:29:34",hardware,Pi,,,"ใช้สาย IDE 8 Pin แทนสายแพร",Admin,"bitStamp Factory Dual","BSF23080792 - BSF23080801"
BSF23080798,"2023-08-28 17:29:34",hardware,Pi,,,"ใช้สาย IDE 8 Pin แทนสายแพร",Admin,"bitStamp Factory Dual","BSF23080792 - BSF23080801"
BSF23080799,"2023-08-28 17:29:34",hardware,Pi,,,"ใช้สาย IDE 8 Pin แทนสายแพร",Admin,"bitStamp Factory Dual","BSF23080792 - BSF23080801"
BSF23080800,"2023-08-28 17:29:34",hardware,Pi,,,"ใช้สาย IDE 8 Pin แทนสายแพร",Admin,"bitStamp Factory Dual","BSF23080792 - BSF23080801"
BSF23080801,"2023-08-28 17:29:34",hardware,Pi,,,"ใช้สาย IDE 8 Pin แทนสายแพร",Admin,"bitStamp Factory Dual","BSF23080792 - BSF23080801"
BS23080156,"2023-08-28 14:35:01",hardware,Pi2,,,"เริ่มใช้สายชาร์จ Printer แบบแม่เหล็ก และใช้บอร์ด Pi2",Admin,"bitVisitor S","BS23080156 - BS23080165"
BS23080157,"2023-08-28 14:35:01",hardware,Pi2,,,"เริ่มใช้สายชาร์จ Printer แบบแม่เหล็ก และใช้บอร์ด Pi2",Admin,"bitVisitor S","BS23080156 - BS23080165"
BS23080158,"2023-08-28 14:35:01",hardware,Pi2,,,"เริ่มใช้สายชาร์จ Printer แบบแม่เหล็ก และใช้บอร์ด Pi2",Admin,"bitVisitor S","BS23080156 - BS23080165"
BS23080159,"2023-08-28 14:35:01",hardware,Pi2,,,"เริ่มใช้สายชาร์จ Printer แบบแม่เหล็ก และใช้บอร์ด Pi2",Admin,"bitVisitor S","BS23080156 - BS23080165"
BS23080160,"2023-08-28 14:35:01",hardware,Pi2,,,"เริ่มใช้สายชาร์จ Printer แบบแม่เหล็ก และใช้บอร์ด Pi2",Admin,"bitVisitor S","BS23080156 - BS23080165"
BS23080161,"2023-08-28 14:35:01",hardware,Pi2,,,"เริ่มใช้สายชาร์จ Printer แบบแม่เหล็ก และใช้บอร์ด Pi2",Admin,"bitVisitor S","BS23080156 - BS23080165"
BS23080162,"2023-08-28 14:35:01",hardware,Pi2,,,"เริ่มใช้สายชาร์จ Printer แบบแม่เหล็ก และใช้บอร์ด Pi2",Admin,"bitVisitor S","BS23080156 - BS23080165"
BS23080163,"2023-08-28 14:35:01",hardware,Pi2,,,"เริ่มใช้สายชาร์จ Printer แบบแม่เหล็ก และใช้บอร์ด Pi2",Admin,"bitVisitor S","BS23080156 - BS23080165"
BS23080164,"2023-08-28 14:35:01",hardware,Pi2,,,"เริ่มใช้สายชาร์จ Printer แบบแม่เหล็ก และใช้บอร์ด Pi2",Admin,"bitVisitor S","BS23080156 - BS23080165"
BS23080165,"2023-08-28 14:35:01",hardware,Pi2,,,"เริ่มใช้สายชาร์จ Printer แบบแม่เหล็ก และใช้บอร์ด Pi2",Admin,"bitVisitor S","BS23080156 - BS23080165"
BSF23080765,"2023-08-23 13:26:55",hardware,lot.ย้อนหลัง,,,"lot.ย้อนหลัง || S/N ล่าสุดเป็นของ F Dual",Admin,,"BSF23080765 - BSF23080771"
BSF23080766,"2023-08-23 13:26:55",hardware,lot.ย้อนหลัง,,,"lot.ย้อนหลัง || S/N ล่าสุดเป็นของ F Dual",Admin,,"BSF23080765 - BSF23080771"
BSF23080767,"2023-08-23 13:26:55",hardware,lot.ย้อนหลัง,,,"lot.ย้อนหลัง || S/N ล่าสุดเป็นของ F Dual",Admin,,"BSF23080765 - BSF23080771"
BSF23080768,"2023-08-23 13:26:55",hardware,lot.ย้อนหลัง,,,"lot.ย้อนหลัง || S/N ล่าสุดเป็นของ F Dual",Admin,,"BSF23080765 - BSF23080771"
BSF23080769,"2023-08-23 13:26:55",hardware,lot.ย้อนหลัง,,,"lot.ย้อนหลัง || S/N ล่าสุดเป็นของ F Dual",Admin,,"BSF23080765 - BSF23080771"
BSF23080770,"2023-08-23 13:26:55",hardware,lot.ย้อนหลัง,,,"lot.ย้อนหลัง || S/N ล่าสุดเป็นของ F Dual",Admin,,"BSF23080765 - BSF23080771"
BSF23080771,"2023-08-23 13:26:55",hardware,lot.ย้อนหลัง,,,"lot.ย้อนหลัง || S/N ล่าสุดเป็นของ F Dual",Admin,,"BSF23080765 - BSF23080771"
BP23071365,"2023-07-22 08:44:14",hardware,,,,"พ่นเคลือบ acrylic ตรงสายแพของจอ",Admin,"bitVisitor Plus","BP23071365 - BP23071372"
BP23071366,"2023-07-22 08:44:14",hardware,,,,"พ่นเคลือบ acrylic ตรงสายแพของจอ",Admin,"bitVisitor Plus","BP23071365 - BP23071372"
BP23071367,"2023-07-22 08:44:14",hardware,,,,"พ่นเคลือบ acrylic ตรงสายแพของจอ",Admin,"bitVisitor Plus","BP23071365 - BP23071372"
BP23071368,"2023-07-22 08:44:14",hardware,,,,"พ่นเคลือบ acrylic ตรงสายแพของจอ",Admin,"bitVisitor Plus","BP23071365 - BP23071372"
BP23071369,"2023-07-22 08:44:14",hardware,,,,"พ่นเคลือบ acrylic ตรงสายแพของจอ",Admin,"bitVisitor Plus","BP23071365 - BP23071372"
BP23071370,"2023-07-22 08:44:14",hardware,,,,"พ่นเคลือบ acrylic ตรงสายแพของจอ",Admin,"bitVisitor Plus","BP23071365 - BP23071372"
BP23071371,"2023-07-22 08:44:14",hardware,,,,"พ่นเคลือบ acrylic ตรงสายแพของจอ",Admin,"bitVisitor Plus","BP23071365 - BP23071372"
BP23071372,"2023-07-22 08:44:14",hardware,,,,"พ่นเคลือบ acrylic ตรงสายแพของจอ",Admin,"bitVisitor Plus","BP23071365 - BP23071372"
BM23071121,"2023-07-12 09:50:03",hardware,,,,"พ่นเคลือบ acrylic ตรงสายแพของจอ",Admin,"bitVisitor M","BM23071121 - BM23071130"
BM23071122,"2023-07-12 09:50:03",hardware,,,,"พ่นเคลือบ acrylic ตรงสายแพของจอ",Admin,"bitVisitor M","BM23071121 - BM23071130"
BM23071123,"2023-07-12 09:50:03",hardware,,,,"พ่นเคลือบ acrylic ตรงสายแพของจอ",Admin,"bitVisitor M","BM23071121 - BM23071130"
BM23071124,"2023-07-12 09:50:03",hardware,,,,"พ่นเคลือบ acrylic ตรงสายแพของจอ",Admin,"bitVisitor M","BM23071121 - BM23071130"
BM23071125,"2023-07-12 09:50:03",hardware,,,,"พ่นเคลือบ acrylic ตรงสายแพของจอ",Admin,"bitVisitor M","BM23071121 - BM23071130"
BM23071126,"2023-07-12 09:50:03",hardware,,,,"พ่นเคลือบ acrylic ตรงสายแพของจอ",Admin,"bitVisitor M","BM23071121 - BM23071130"
BM23071127,"2023-07-12 09:50:03",hardware,,,,"พ่นเคลือบ acrylic ตรงสายแพของจอ",Admin,"bitVisitor M","BM23071121 - BM23071130"
BM23071128,"2023-07-12 09:50:03",hardware,,,,"พ่นเคลือบ acrylic ตรงสายแพของจอ",Admin,"bitVisitor M","BM23071121 - BM23071130"
BM23071129,"2023-07-12 09:50:03",hardware,,,,"พ่นเคลือบ acrylic ตรงสายแพของจอ",Admin,"bitVisitor M","BM23071121 - BM23071130"
BM23071130,"2023-07-12 09:50:03",hardware,,,,"พ่นเคลือบ acrylic ตรงสายแพของจอ",Admin,"bitVisitor M","BM23071121 - BM23071130"
BM23061111,"2023-06-28 16:20:15",firmware,,,40P,"เริ่มใช้ EXP แบบ IDC40P",Admin,"bitVisitor M","BM23061111 - BM23061120"
BM23061112,"2023-06-28 16:20:15",firmware,,,40P,"เริ่มใช้ EXP แบบ IDC40P",Admin,"bitVisitor M","BM23061111 - BM23061120"
BM23061113,"2023-06-28 16:20:15",firmware,,,40P,"เริ่มใช้ EXP แบบ IDC40P",Admin,"bitVisitor M","BM23061111 - BM23061120"
BM23061114,"2023-06-28 16:20:15",firmware,,,40P,"เริ่มใช้ EXP แบบ IDC40P",Admin,"bitVisitor M","BM23061111 - BM23061120"
BM23061115,"2023-06-28 16:20:15",firmware,,,40P,"เริ่มใช้ EXP แบบ IDC40P",Admin,"bitVisitor M","BM23061111 - BM23061120"
BM23061116,"2023-06-28 16:20:15",firmware,,,40P,"เริ่มใช้ EXP แบบ IDC40P",Admin,"bitVisitor M","BM23061111 - BM23061120"
BM23061117,"2023-06-28 16:20:15",firmware,,,40P,"เริ่มใช้ EXP แบบ IDC40P",Admin,"bitVisitor M","BM23061111 - BM23061120"
BM23061118,"2023-06-28 16:20:15",firmware,,,40P,"เริ่มใช้ EXP แบบ IDC40P",Admin,"bitVisitor M","BM23061111 - BM23061120"
BM23061119,"2023-06-28 16:20:15",firmware,,,40P,"เริ่มใช้ EXP แบบ IDC40P",Admin,"bitVisitor M","BM23061111 - BM23061120"
BM23061120,"2023-06-28 16:20:15",firmware,,,40P,"เริ่มใช้ EXP แบบ IDC40P",Admin,"bitVisitor M","BM23061111 - BM23061120"
BP23061355,"2023-06-15 15:04:13",firmware,,,,"เริ่มใช้ EXP IDE + HUB บอร์ดทอง",Admin,"bitVisitor Plus","BP23061355 - BP23061364"
BP23061356,"2023-06-15 15:04:13",firmware,,,,"เริ่มใช้ EXP IDE + HUB บอร์ดทอง",Admin,"bitVisitor Plus","BP23061355 - BP23061364"
BP23061357,"2023-06-15 15:04:13",firmware,,,,"เริ่มใช้ EXP IDE + HUB บอร์ดทอง",Admin,"bitVisitor Plus","BP23061355 - BP23061364"
BP23061358,"2023-06-15 15:04:13",firmware,,,,"เริ่มใช้ EXP IDE + HUB บอร์ดทอง",Admin,"bitVisitor Plus","BP23061355 - BP23061364"
BP23061359,"2023-06-15 15:04:13",firmware,,,,"เริ่มใช้ EXP IDE + HUB บอร์ดทอง",Admin,"bitVisitor Plus","BP23061355 - BP23061364"
BP23061360,"2023-06-15 15:04:13",firmware,,,,"เริ่มใช้ EXP IDE + HUB บอร์ดทอง",Admin,"bitVisitor Plus","BP23061355 - BP23061364"
BP23061361,"2023-06-15 15:04:13",firmware,,,,"เริ่มใช้ EXP IDE + HUB บอร์ดทอง",Admin,"bitVisitor Plus","BP23061355 - BP23061364"
BP23061362,"2023-06-15 15:04:13",firmware,,,,"เริ่มใช้ EXP IDE + HUB บอร์ดทอง",Admin,"bitVisitor Plus","BP23061355 - BP23061364"
BP23061363,"2023-06-15 15:04:13",firmware,,,,"เริ่มใช้ EXP IDE + HUB บอร์ดทอง",Admin,"bitVisitor Plus","BP23061355 - BP23061364"
BP23061364,"2023-06-15 15:04:13",firmware,,,,"เริ่มใช้ EXP IDE + HUB บอร์ดทอง",Admin,"bitVisitor Plus","BP23061355 - BP23061364"
AL23040155,"2023-04-20 08:44:03",firmware,,,5.25,"FW 5.25",Admin,bitScan,"AL23040155 - AL23040164"
AL23040156,"2023-04-20 08:44:03",firmware,,,5.25,"FW 5.25",Admin,bitScan,"AL23040155 - AL23040164"
AL23040157,"2023-04-20 08:44:03",firmware,,,5.25,"FW 5.25",Admin,bitScan,"AL23040155 - AL23040164"
AL23040158,"2023-04-20 08:44:03",firmware,,,5.25,"FW 5.25",Admin,bitScan,"AL23040155 - AL23040164"
AL23040159,"2023-04-20 08:44:03",firmware,,,5.25,"FW 5.25",Admin,bitScan,"AL23040155 - AL23040164"
AL23040160,"2023-04-20 08:44:03",firmware,,,5.25,"FW 5.25",Admin,bitScan,"AL23040155 - AL23040164"
AL23040161,"2023-04-20 08:44:03",firmware,,,5.25,"FW 5.25",Admin,bitScan,"AL23040155 - AL23040164"
AL23040162,"2023-04-20 08:44:03",firmware,,,5.25,"FW 5.25",Admin,bitScan,"AL23040155 - AL23040164"
AL23040163,"2023-04-20 08:44:03",firmware,,,5.25,"FW 5.25",Admin,bitScan,"AL23040155 - AL23040164"
AL23040164,"2023-04-20 08:44:03",firmware,,,5.25,"FW 5.25",Admin,bitScan,"AL23040155 - AL23040164"
AL23030135,"2023-03-20 10:03:25",firmware,,,5.23,"FW 5.23",Admin,bitScan,"AL23030135 - AL23030154"
AL23030136,"2023-03-20 10:03:25",firmware,,,5.23,"FW 5.23",Admin,bitScan,"AL23030135 - AL23030154"
AL23030137,"2023-03-20 10:03:25",firmware,,,5.23,"FW 5.23",Admin,bitScan,"AL23030135 - AL23030154"
AL23030138,"2023-03-20 10:03:25",firmware,,,5.23,"FW 5.23",Admin,bitScan,"AL23030135 - AL23030154"
AL23030139,"2023-03-20 10:03:25",firmware,,,5.23,"FW 5.23",Admin,bitScan,"AL23030135 - AL23030154"
AL23030140,"2023-03-20 10:03:25",firmware,,,5.23,"FW 5.23",Admin,bitScan,"AL23030135 - AL23030154"
AL23030141,"2023-03-20 10:03:25",firmware,,,5.23,"FW 5.23",Admin,bitScan,"AL23030135 - AL23030154"
AL23030142,"2023-03-20 10:03:25",firmware,,,5.23,"FW 5.23",Admin,bitScan,"AL23030135 - AL23030154"
AL23030143,"2023-03-20 10:03:25",firmware,,,5.23,"FW 5.23",Admin,bitScan,"AL23030135 - AL23030154"
AL23030144,"2023-03-20 10:03:25",firmware,,,5.23,"FW 5.23",Admin,bitScan,"AL23030135 - AL23030154"
AL23030145,"2023-03-20 10:03:25",firmware,,,5.23,"FW 5.23",Admin,bitScan,"AL23030135 - AL23030154"
AL23030146,"2023-03-20 10:03:25",firmware,,,5.23,"FW 5.23",Admin,bitScan,"AL23030135 - AL23030154"
AL23030147,"2023-03-20 10:03:25",firmware,,,5.23,"FW 5.23",Admin,bitScan,"AL23030135 - AL23030154"
AL23030148,"2023-03-20 10:03:25",firmware,,,5.23,"FW 5.23",Admin,bitScan,"AL23030135 - AL23030154"
AL23030149,"2023-03-20 10:03:25",firmware,,,5.23,"FW 5.23",Admin,bitScan,"AL23030135 - AL23030154"
AL23030150,"2023-03-20 10:03:25",firmware,,,5.23,"FW 5.23",Admin,bitScan,"AL23030135 - AL23030154"
AL23030151,"2023-03-20 10:03:25",firmware,,,5.23,"FW 5.23",Admin,bitScan,"AL23030135 - AL23030154"
AL23030152,"2023-03-20 10:03:25",firmware,,,5.23,"FW 5.23",Admin,bitScan,"AL23030135 - AL23030154"
AL23030153,"2023-03-20 10:03:25",firmware,,,5.23,"FW 5.23",Admin,bitScan,"AL23030135 - AL23030154"
AL23030154,"2023-03-20 10:03:25",firmware,,,5.23,"FW 5.23",Admin,bitScan,"AL23030135 - AL23030154"
BS23020105,"2023-02-10 14:56:18",other,,,,"ผลิตเพิ่มให้ครบ 10 เครื่อง จาก lot ก่อนหน้า",Admin,"bitVisitor S","BS23020105 - BS23020105"
BS23020096,"2023-02-06 16:13:17",other,,,,"เครื่องที่ 10 กล่องหมด",Admin,"bitVisitor S","BS23020096 - BS23020104"
BS23020097,"2023-02-06 16:13:17",other,,,,"เครื่องที่ 10 กล่องหมด",Admin,"bitVisitor S","BS23020096 - BS23020104"
BS23020098,"2023-02-06 16:13:17",other,,,,"เครื่องที่ 10 กล่องหมด",Admin,"bitVisitor S","BS23020096 - BS23020104"
BS23020099,"2023-02-06 16:13:17",other,,,,"เครื่องที่ 10 กล่องหมด",Admin,"bitVisitor S","BS23020096 - BS23020104"
BS23020100,"2023-02-06 16:13:17",other,,,,"เครื่องที่ 10 กล่องหมด",Admin,"bitVisitor S","BS23020096 - BS23020104"
BS23020101,"2023-02-06 16:13:17",other,,,,"เครื่องที่ 10 กล่องหมด",Admin,"bitVisitor S","BS23020096 - BS23020104"
BS23020102,"2023-02-06 16:13:17",other,,,,"เครื่องที่ 10 กล่องหมด",Admin,"bitVisitor S","BS23020096 - BS23020104"
BS23020103,"2023-02-06 16:13:17",other,,,,"เครื่องที่ 10 กล่องหมด",Admin,"bitVisitor S","BS23020096 - BS23020104"
BS23020104,"2023-02-06 16:13:17",other,,,,"เครื่องที่ 10 กล่องหมด",Admin,"bitVisitor S","BS23020096 - BS23020104"
