timestamp,serial_number,create_name
5/15/2013 0:00,CI1305003,Yo
5/15/2013 0:00,CI1305004,Yo
5/15/2013 0:00,CI1305005,Yo
5/15/2013 0:00,CI1305006,Yo
5/15/2013 0:00,CI1305007,Yo
5/15/2013 0:00,CI1305008,Yo
5/15/2013 0:00,CO1305001,Yo
5/15/2013 0:00,CO1305002,Yo
5/15/2013 0:00,CO1305003,Yo
5/15/2013 0:00,CO1305004,Yo
5/15/2013 0:00,CO1305005,Yo
5/15/2013 0:00,CO1305006,Yo
5/15/2013 0:00,CO1305007,Yo
5/15/2013 0:00,CO1305008,Yo
5/15/2013 0:00,CO1305009,Yo
5/15/2013 0:00,CO1305010,Yo
5/15/2013 0:00,CO1305011,Yo
5/15/2013 0:00,CO1305012,Yo
5/15/2013 0:00,CO1305013,Yo
5/15/2013 0:00,CO1305014,Yo
5/15/2013 0:00,CO1305015,Yo
5/15/2013 0:00,CO1305016,Yo
5/15/2013 0:00,CO1305017,Yo
5/15/2013 0:00,CO1305018,Yo
5/15/2013 0:00,CO1305019,Yo
5/15/2013 0:00,CO1305020,Yo
5/15/2013 0:00,CO1305021,Yo
5/15/2013 0:00,CO1305022,Yo
5/15/2013 0:00,CO1305023,Yo
5/15/2013 0:00,CO1305024,Yo
5/15/2013 0:00,CO1305025,Yo
9/16/2013 0:00,CI1309009,Yo
9/16/2013 0:00,CI1309010,Yo
9/16/2013 0:00,CI1309011,Yo
9/16/2013 0:00,CI1309012,Yo
9/16/2013 0:00,CI1309013,Yo
9/16/2013 0:00,CI1309014,Yo
9/16/2013 0:00,CI1309015,Yo
9/16/2013 0:00,CI1309016,Yo
9/16/2013 0:00,CI1309017,Yo
9/16/2013 0:00,CI1309018,Yo
9/16/2013 0:00,CI1309019,Yo
9/16/2013 0:00,CI1309020,Yo
9/16/2013 0:00,CI1309021,Yo
9/16/2013 0:00,CI1309022,Yo
9/16/2013 0:00,CI1309023,Yo
9/16/2013 0:00,CI1309024,Yo
9/16/2013 0:00,CI1309025,Yo
9/16/2013 0:00,CI1309026,Yo
9/16/2013 0:00,CI1309027,Yo
9/16/2013 0:00,CI1309028,Yo
9/16/2013 0:00,CI1309029,Yo
9/16/2013 0:00,CI1309030,Yo
9/16/2013 0:00,CI1309031,Yo
9/16/2013 0:00,CI1309032,Yo
9/16/2013 0:00,CI1309033,Yo
9/16/2013 0:00,CI1309034,Yo
9/16/2013 0:00,CI1309035,Yo
9/16/2013 0:00,CI1309036,Yo
9/16/2013 0:00,CI1309037,Yo
9/16/2013 0:00,CI1309038,Yo
9/16/2013 0:00,CI1309039,Yo
9/16/2013 0:00,CI1309040,Yo
9/16/2013 0:00,CI1309041,Yo
9/16/2013 0:00,CI1309042,Yo
9/16/2013 0:00,CI1309043,Yo
9/16/2013 0:00,CI1309044,Yo
9/16/2013 0:00,CI1309045,Yo
9/16/2013 0:00,CI1309046,Yo
9/16/2013 0:00,CI1309047,Yo
9/16/2013 0:00,CI1309048,Yo
9/16/2013 0:00,CI1309049,Yo
9/16/2013 0:00,CI1309050,Yo
10/15/2013 0:00,CI1310001,Yo
10/15/2013 0:00,CI1310002,Yo
2/16/2015 0:00,CI1502051,Yo
2/16/2015 0:00,CI1502052,Yo
2/16/2015 0:00,CI1502053,Yo
2/16/2015 0:00,CI1502054,Yo
2/16/2015 0:00,CI1502055,Yo
2/16/2015 0:00,CI1502056,Yo
2/16/2015 0:00,CI1502057,Yo
2/16/2015 0:00,CI1502058,Yo
2/16/2015 0:00,CI1502059,Yo
2/16/2015 0:00,CI1502060,Yo
2/16/2015 0:00,CI1502061,Yo
2/16/2015 0:00,CI1502062,Yo
2/16/2015 0:00,CI1502063,Yo
2/16/2015 0:00,CI1502064,Yo
2/16/2015 0:00,CI1502065,Yo
2/16/2015 0:00,CI1502066,Yo
2/16/2015 0:00,CI1502067,Yo
2/16/2015 0:00,CI1502068,Yo
2/16/2015 0:00,CI1502069,Yo
2/16/2015 0:00,CI1502070,Yo
2/16/2015 0:00,CO1502026,Yo
2/16/2015 0:00,CO1502027,Yo
2/16/2015 0:00,CO1502028,Yo
2/16/2015 0:00,CO1502029,Yo
2/16/2015 0:00,CO1502030,Yo
2/16/2015 0:00,CO1502031,Yo
2/16/2015 0:00,CO1502032,Yo
2/16/2015 0:00,CO1502033,Yo
2/16/2015 0:00,CO1502034,Yo
2/16/2015 0:00,CO1502035,Yo
3/16/2015 0:00,CO1503036,Yo
3/16/2015 0:00,CO1503037,Yo
3/16/2015 0:00,CO1503038,Yo
3/16/2015 0:00,CO1503039,Yo
3/16/2015 0:00,CO1503040,Yo
3/16/2015 0:00,CO1503041,Yo
3/16/2015 0:00,CO1503042,Yo
3/16/2015 0:00,CO1503043,Yo
3/16/2015 0:00,CO1503044,Yo
3/16/2015 0:00,CO1503045,Yo
3/16/2015 0:00,CO1503046,Yo
3/16/2015 0:00,CO1503047,Yo
3/16/2015 0:00,CO1503048,Yo
3/16/2015 0:00,CO1503049,Yo
3/16/2015 0:00,CO1503050,Yo
3/16/2015 0:00,CO1503051,Yo
3/16/2015 0:00,CO1503052,Yo
3/16/2015 0:00,CO1503053,Yo
3/16/2015 0:00,CO1503054,Yo
5/15/2015 0:00,CI1505071,Yo
5/15/2015 0:00,CI1505072,Yo
5/15/2015 0:00,CI1505073,Yo
5/15/2015 0:00,CI1505074,Yo
5/15/2015 0:00,CI1505075,Yo
5/15/2015 0:00,CI1505076,Yo
5/15/2015 0:00,CI1505077,Yo
5/15/2015 0:00,CI1505078,Yo
5/15/2015 0:00,CI1505079,Yo
5/15/2015 0:00,CI1505080,Yo
5/15/2015 0:00,CI1505081,Yo
5/15/2015 0:00,CI1505082,Yo
5/15/2015 0:00,CI1505083,Yo
5/15/2015 0:00,CI1505084,Yo
5/15/2015 0:00,CI1505085,Yo
5/15/2015 0:00,CI1505086,Yo
5/15/2015 0:00,CI1505087,Yo
8/14/2015 0:00,CI1508088,Yo
8/14/2015 0:00,CI1508089,Yo
8/14/2015 0:00,CI1508090,Yo
8/14/2015 0:00,CI1508091,Yo
8/14/2015 0:00,CI1508092,Yo
8/14/2015 0:00,CI1508093,Yo
8/14/2015 0:00,CI1508094,Yo
8/14/2015 0:00,CI1508095,Yo
8/14/2015 0:00,CI1508096,Yo
9/15/2015 0:00,CO1509055,Yo
9/15/2015 0:00,CO1509056,Yo
9/15/2015 0:00,CO1509057,Yo
9/15/2015 0:00,CO1509058,Yo
9/15/2015 0:00,CO1509059,Yo
9/15/2015 0:00,CO1509060,Yo
9/15/2015 0:00,CO1509061,Yo
9/15/2015 0:00,CO1509062,Yo
9/15/2015 0:00,CO1509063,Yo
9/15/2015 0:00,CO1509064,Yo
9/15/2015 0:00,CO1509065,Yo
9/15/2015 0:00,CO1509066,Yo
9/15/2015 0:00,CO1509067,Yo
9/15/2015 0:00,CO1509068,Yo
9/15/2015 0:00,CO1509069,Yo
9/15/2015 0:00,CO1509070,Yo
9/15/2015 0:00,CO1509071,Yo
9/15/2015 0:00,CO1509072,Yo
9/15/2015 0:00,CO1509073,Yo
9/15/2015 0:00,CO1509074,Yo
9/15/2015 0:00,CO1509075,Yo
9/15/2015 0:00,CO1509076,Yo
9/15/2015 0:00,CO1509077,Yo
9/15/2015 0:00,CO1509078,Yo
9/15/2015 0:00,CO1509079,Yo
9/15/2015 0:00,CO1509080,Yo
9/15/2015 0:00,CO1509081,Yo
11/16/2015 0:00,CI1511097,Yo
11/16/2015 0:00,CI1511098,Yo
11/16/2015 0:00,CI1511099,Yo
11/16/2015 0:00,CI1511100,Yo
11/16/2015 0:00,CI1511101,Yo
11/16/2015 0:00,CI1511102,Yo
11/16/2015 0:00,CI1511103,Yo
11/16/2015 0:00,CI1511104,Yo
11/16/2015 0:00,CI1511105,Yo
11/16/2015 0:00,CI1511106,Yo
11/16/2015 0:00,CO1511082,Yo
11/16/2015 0:00,CO1511083,Yo
11/16/2015 0:00,CO1511084,Yo
11/16/2015 0:00,CO1511085,Yo
11/16/2015 0:00,CO1511086,Yo
11/16/2015 0:00,CO1511087,Yo
11/16/2015 0:00,CO1511088,Yo
11/16/2015 0:00,CO1511089,Yo
11/16/2015 0:00,CO1511090,Yo
11/16/2015 0:00,CO1511091,Yo
1/15/2016 0:00,BP16010001,Yo
1/15/2016 0:00,BP16010002,Yo
1/15/2016 0:00,BP16010003,Yo
1/15/2016 0:00,BP16010004,Yo
1/15/2016 0:00,BP16010005,Yo
1/15/2016 0:00,BP16010006,Yo
1/15/2016 0:00,BP16010007,Yo
1/15/2016 0:00,BP16010008,Yo
1/15/2016 0:00,BP16010009,Yo
1/15/2016 0:00,BP16010010,Yo
2/15/2016 0:00,CI1602107,Yo
2/15/2016 0:00,CI1602108,Yo
2/15/2016 0:00,CI1602109,Yo
2/15/2016 0:00,CI1602110,Yo
2/15/2016 0:00,CI1602111,Yo
2/15/2016 0:00,CI1602112,Yo
2/15/2016 0:00,CI1602113,Yo
2/15/2016 0:00,CI1602114,Yo
2/15/2016 0:00,CI1602115,Yo
2/15/2016 0:00,CI1602116,Yo
2/15/2016 0:00,CI1602117,Yo
2/15/2016 0:00,CI1602118,Yo
2/15/2016 0:00,CI1602119,Yo
2/15/2016 0:00,CI1602120,Yo
2/15/2016 0:00,CI1602121,Yo
2/15/2016 0:00,CI1602122,Yo
2/15/2016 0:00,CI1602123,Yo
2/15/2016 0:00,CI1602124,Yo
2/15/2016 0:00,CI1602125,Yo
2/15/2016 0:00,CI1602126,Yo
3/15/2016 0:00,CI1603127,Yo
3/15/2016 0:00,CI1603128,Yo
3/15/2016 0:00,CI1603129,Yo
3/15/2016 0:00,CI1603130,Yo
3/15/2016 0:00,CI1603131,Yo
3/15/2016 0:00,CI1603132,Yo
3/15/2016 0:00,CI1603133,Yo
3/15/2016 0:00,CI1603134,Yo
3/15/2016 0:00,CI1603135,Yo
3/15/2016 0:00,CI1603136,Yo
4/15/2016 0:00,CI1604137,Yo
4/15/2016 0:00,CI1604138,Yo
4/15/2016 0:00,CI1604139,Yo
4/15/2016 0:00,CI1604140,Yo
4/15/2016 0:00,CI1604141,Yo
4/15/2016 0:00,CI1604142,Yo
4/15/2016 0:00,CI1604143,Yo
4/15/2016 0:00,CI1604144,Yo
4/15/2016 0:00,CI1604145,Yo
4/15/2016 0:00,CI1604146,Yo
8/15/2016 0:00,CI1608147,Yo
8/15/2016 0:00,CI1608148,Yo
8/15/2016 0:00,CI1608149,Yo
8/15/2016 0:00,CI1608150,Yo
8/15/2016 0:00,CI1608151,Yo
8/15/2016 0:00,CI1608152,Yo
8/15/2016 0:00,CI1608153,Yo
8/15/2016 0:00,CI1608154,Yo
8/15/2016 0:00,CI1608155,Yo
8/15/2016 0:00,CI1608156,Yo
8/15/2016 0:00,CI1608157,Yo
8/15/2016 0:00,CI1608158,Yo
8/15/2016 0:00,CI1608159,Yo
8/15/2016 0:00,CI1608160,Yo
8/15/2016 0:00,CI1608161,Yo
8/15/2016 0:00,CI1608162,Yo
8/15/2016 0:00,CI1608163,Yo
8/15/2016 0:00,CI1608164,Yo
8/15/2016 0:00,CI1608165,Yo
8/15/2016 0:00,CO1608092,Yo
8/15/2016 0:00,CO1608093,Yo
8/15/2016 0:00,CO1608094,Yo
8/15/2016 0:00,CO1608095,Yo
8/15/2016 0:00,CO1608096,Yo
8/15/2016 0:00,CO1608097,Yo
8/15/2016 0:00,CO1608098,Yo
8/20/2016 0:00,BP16080011,Yo
8/20/2016 0:00,BP16080012,Yo
8/20/2016 0:00,BP16080013,Yo
8/20/2016 0:00,BP16080014,Yo
8/20/2016 0:00,BP16080015,Yo
8/20/2016 0:00,BP16080016,Yo
8/20/2016 0:00,BP16080017,Yo
8/20/2016 0:00,BP16080018,Yo
9/9/2016 0:00,BP16090019,Yo
9/9/2016 0:00,BP16090020,Yo
9/9/2016 0:00,BP16090021,Yo
9/9/2016 0:00,BP16090022,Yo
9/9/2016 0:00,BP16090023,Yo
9/15/2016 0:00,CI1609166,Yo
9/15/2016 0:00,CI1609167,Yo
9/15/2016 0:00,CI1609168,Yo
9/15/2016 0:00,CI1609169,Yo
9/15/2016 0:00,CI1609170,Yo
9/15/2016 0:00,CI1609171,Yo
9/15/2016 0:00,CI1609172,Yo
9/15/2016 0:00,CI1609173,Yo
9/15/2016 0:00,CI1609174,Yo
9/15/2016 0:00,CI1609175,Yo
9/15/2016 0:00,CI1609176,Yo
10/8/2016 0:00,BP16100024,Yo
10/8/2016 0:00,BP16100025,Yo
10/8/2016 0:00,BP16100026,Yo
10/8/2016 0:00,BP16100027,Yo
10/8/2016 0:00,BP16100028,Yo
10/8/2016 0:00,BP16100029,Yo
10/14/2016 0:00,CO1610099,Yo
10/14/2016 0:00,CO1610100,Yo
10/14/2016 0:00,CO1610101,Yo
10/14/2016 0:00,CO1610102,Yo
10/14/2016 0:00,CO1610103,Yo
10/14/2016 0:00,CO1610104,Yo
10/14/2016 0:00,CO1610105,Yo
10/14/2016 0:00,CO1610106,Yo
10/14/2016 0:00,CO1610107,Yo
10/14/2016 0:00,CO1610108,Yo
11/15/2016 0:00,CI1611177,Yo
11/15/2016 0:00,CI1611178,Yo
11/15/2016 0:00,CI1611179,Yo
11/15/2016 0:00,CI1611180,Yo
11/15/2016 0:00,CI1611181,Yo
11/15/2016 0:00,CI1611182,Yo
11/15/2016 0:00,CI1611183,Yo
11/15/2016 0:00,CI1611184,Yo
11/15/2016 0:00,CI1611185,Yo
11/15/2016 0:00,CI1611186,Yo
12/10/2016 0:00,BP16110030,Yo
12/10/2016 0:00,BP16110031,Yo
12/10/2016 0:00,BP16110032,Yo
12/10/2016 0:00,BP16110033,Yo
12/10/2016 0:00,BP16110034,Yo
12/10/2016 0:00,BP16110035,Yo
12/10/2016 0:00,BP16110036,Yo
12/10/2016 0:00,BP16110037,Yo
12/10/2016 0:00,BP16110038,Yo
12/10/2016 0:00,BP16110039,Yo
12/10/2016 0:00,BP16110040,Yo
12/10/2016 0:00,BP16110041,Yo
12/10/2016 0:00,BP16110042,Yo
12/10/2016 0:00,BP16110043,Yo
12/10/2016 0:00,BP16110044,Yo
12/15/2016 0:00,CI1612187,Yo
12/15/2016 0:00,CI1612188,Yo
12/15/2016 0:00,CI1612189,Yo
12/15/2016 0:00,CI1612190,Yo
12/15/2016 0:00,CI1612191,Yo
12/15/2016 0:00,CI1612192,Yo
12/15/2016 0:00,CI1612193,Yo
12/15/2016 0:00,CI1612194,Yo
12/15/2016 0:00,CI1612195,Yo
12/15/2016 0:00,CI1612196,Yo
12/15/2016 0:00,CI1612197,Yo
12/15/2016 0:00,CI1612198,Yo
12/15/2016 0:00,CI1612199,Yo
1/16/2017 0:00,CI1701200,Yo
1/16/2017 0:00,CI1701201,Yo
1/16/2017 0:00,CI1701202,Yo
1/16/2017 0:00,CI1701203,Yo
1/16/2017 0:00,CI1701204,Yo
1/16/2017 0:00,CI1701205,Yo
1/16/2017 0:00,CI1701206,Yo
1/16/2017 0:00,CI1701207,Yo
1/16/2017 0:00,CI1701208,Yo
1/16/2017 0:00,CI1701209,Yo
1/16/2017 0:00,CI1701210,Yo
1/16/2017 0:00,CI1701211,Yo
1/16/2017 0:00,CI1701212,Yo
1/16/2017 0:00,CI1701213,Yo
1/16/2017 0:00,CI1701214,Yo
1/16/2017 0:00,CI1701215,Yo
1/16/2017 0:00,CI1701216,Yo
1/16/2017 0:00,CI1701217,Yo
1/16/2017 0:00,CI1701218,Yo
1/16/2017 0:00,CI1701219,Yo
1/16/2017 0:00,CI1701220,Yo
1/16/2017 0:00,CI1701221,Yo
1/16/2017 0:00,CI1701222,Yo
1/16/2017 0:00,CI1701223,Yo
1/16/2017 0:00,CI1701224,Yo
1/20/2017 0:00,BP17010045,Yo
1/20/2017 0:00,BP17010046,Yo
1/20/2017 0:00,BP17010047,Yo
1/20/2017 0:00,BP17010048,Yo
1/20/2017 0:00,BP17010049,Yo
1/20/2017 0:00,BP17010050,Yo
1/20/2017 0:00,BP17010051,Yo
1/20/2017 0:00,BP17010052,Yo
1/20/2017 0:00,BP17010053,Yo
1/20/2017 0:00,BP17010054,Yo
2/15/2017 0:00,A4N60020013,Tom
2/15/2017 0:00,A4N60020014,Tom
2/15/2017 0:00,A4N60020015,Tom
2/15/2017 0:00,A4N60020016,Tom
2/15/2017 0:00,A4N60020017,Tom
2/15/2017 0:00,A4N60020018,Tom
2/15/2017 0:00,A4N60020019,Tom
2/15/2017 0:00,A4N60020020,Tom
2/15/2017 0:00,A4N60020021,Tom
2/15/2017 0:00,A4N60020022,Tom
2/15/2017 0:00,A4N60020023,Tom
2/15/2017 0:00,A4N60020024,Tom
2/15/2017 0:00,A4N60020025,Tom
2/15/2017 0:00,A4N60020026,Tom
2/15/2017 0:00,A4N60020027,Tom
2/15/2017 0:00,A4N60020028,Tom
2/15/2017 0:00,A4N60020029,Tom
2/15/2017 0:00,A4N60020030,Tom
2/15/2017 0:00,A4N60020031,Tom
2/15/2017 0:00,A4N60020032,Tom
2/15/2017 0:00,A4N60020033,Tom
2/15/2017 0:00,A4N60020034,Tom
2/15/2017 0:00,A4N60020035,Tom
2/15/2017 0:00,A4N60020036,Tom
2/15/2017 0:00,A4N60020037,Tom
2/15/2017 0:00,A4N60020038,Tom
2/15/2017 0:00,A4N60020039,Tom
2/15/2017 0:00,A4N60020040,Tom
2/15/2017 0:00,A4N60020041,Tom
2/15/2017 0:00,A4N60020042,Tom
2/15/2017 0:00,A4N60020043,Tom
2/15/2017 0:00,A4N60020044,Tom
2/15/2017 0:00,A4N60020045,Tom
2/15/2017 0:00,A4N60020046,Tom
2/15/2017 0:00,A4N60020047,Tom
2/15/2017 0:00,A4N60020048,Tom
2/15/2017 0:00,A4N60020049,Tom
2/15/2017 0:00,A4N60020050,Tom
2/15/2017 0:00,A4N60020051,Tom
2/15/2017 0:00,A4N60020052,Tom
2/15/2017 0:00,A4N60020053,Tom
2/15/2017 0:00,A4N60020054,Tom
2/15/2017 0:00,A4N60020055,Tom
2/15/2017 0:00,A4N60020056,Tom
2/15/2017 0:00,A4N60020057,Tom
2/15/2017 0:00,A4N60020058,Tom
2/15/2017 0:00,A4N60020059,Tom
2/15/2017 0:00,A4N60020060,Tom
2/15/2017 0:00,A4N60020061,Tom
2/15/2017 0:00,A4N60020062,Tom
2/15/2017 0:00,A4N60020063,Tom
2/15/2017 0:00,A4N60020064,Tom
2/15/2017 0:00,A4N60020065,Tom
2/15/2017 0:00,A4N60020066,Tom
2/15/2017 0:00,A4N60020067,Tom
2/15/2017 0:00,A4N60020068,Tom
2/15/2017 0:00,A4N60020069,Tom
2/15/2017 0:00,A4N60020070,Tom
2/15/2017 0:00,A4N60020071,Tom
2/15/2017 0:00,A4N60020072,Tom
2/15/2017 0:00,A4N60020073,Tom
2/15/2017 0:00,A4N60020074,Tom
2/15/2017 0:00,A4N60020075,Tom
2/15/2017 0:00,A4N60020076,Tom
2/15/2017 0:00,A4N60020077,Tom
2/15/2017 0:00,A4N60020078,Tom
2/15/2017 0:00,A4N60020079,Tom
2/15/2017 0:00,A4N60020080,Tom
2/15/2017 0:00,A4N60020081,Tom
2/15/2017 0:00,A4N60020082,Tom
2/15/2017 0:00,A4N60020083,Tom
2/15/2017 0:00,A4N60020084,Tom
2/15/2017 0:00,A4N60020085,Tom
2/15/2017 0:00,A4N60020086,Tom
2/15/2017 0:00,A4N60020087,Tom
2/15/2017 0:00,A4N60020088,Tom
2/15/2017 0:00,A4N60020089,Tom
2/15/2017 0:00,A4N60020090,Tom
2/15/2017 0:00,A4N60020091,Tom
2/15/2017 0:00,A4N60020092,Tom
2/15/2017 0:00,A4N60020093,Tom
2/15/2017 0:00,A4N60020094,Tom
2/15/2017 0:00,A4N60020095,Tom
2/15/2017 0:00,A4N60020096,Tom
2/15/2017 0:00,A4N60020097,Tom
2/15/2017 0:00,A4N60020098,Tom
2/15/2017 0:00,A4N60020099,Tom
2/15/2017 0:00,A4N60020100,Tom
2/15/2017 0:00,A4N60020101,Tom
2/15/2017 0:00,A4N60020102,Tom
2/15/2017 0:00,A4N60020103,Tom
2/15/2017 0:00,A4N60020104,Tom
2/15/2017 0:00,A4N60020105,Tom
2/15/2017 0:00,A4N60020106,Tom
2/15/2017 0:00,A4N60020107,Tom
2/15/2017 0:00,A4N60020108,Tom
2/15/2017 0:00,A4N60020109,Tom
2/15/2017 0:00,A4N60020110,Tom
2/15/2017 0:00,A4N60020111,Tom
2/15/2017 0:00,A4N60020112,Tom
2/15/2017 0:00,A4N60020113,Tom
2/15/2017 0:00,A4N60020114,Tom
2/15/2017 0:00,A4N60020115,Tom
2/15/2017 0:00,A4N60020116,Tom
2/15/2017 0:00,A4N60020117,Tom
2/15/2017 0:00,A4N60020118,Tom
2/15/2017 0:00,A4N60020119,Tom
2/15/2017 0:00,A4N60020120,Tom
2/15/2017 0:00,A4N60020121,Tom
2/15/2017 0:00,A4N60020122,Tom
2/15/2017 0:00,A4N60020123,Tom
2/15/2017 0:00,A4N60020124,Tom
2/15/2017 0:00,A4N60020125,Tom
2/15/2017 0:00,A4N60020126,Tom
2/15/2017 0:00,A4N60020127,Tom
2/15/2017 0:00,A4N60020128,Tom
2/15/2017 0:00,A4N60020129,Tom
2/15/2017 0:00,A4N60020130,Tom
2/15/2017 0:00,A4N60020131,Tom
2/15/2017 0:00,A4N60020132,Tom
2/15/2017 0:00,A4N60020133,Tom
2/15/2017 0:00,A4N60020134,Tom
2/15/2017 0:00,A4N60020135,Tom
2/15/2017 0:00,A4N60020136,Tom
2/15/2017 0:00,A4N60020137,Tom
2/15/2017 0:00,A4N60020138,Tom
2/15/2017 0:00,A4N60020139,Tom
2/15/2017 0:00,A4N60020140,Tom
2/15/2017 0:00,A4N60020141,Tom
2/15/2017 0:00,A4N60020142,Tom
2/15/2017 0:00,A4N60020143,Tom
2/15/2017 0:00,A4N60020144,Tom
2/15/2017 0:00,A4N60020145,Tom
2/15/2017 0:00,A4N60020146,Tom
2/15/2017 0:00,A4N60020147,Tom
2/15/2017 0:00,A4N60020148,Tom
2/15/2017 0:00,A4N60020149,Tom
2/15/2017 0:00,A4N60020150,Tom
2/15/2017 0:00,A4N60020151,Tom
2/15/2017 0:00,A4N60020152,Tom
2/15/2017 0:00,A4N60020153,Tom
2/15/2017 0:00,A4N60020154,Tom
2/15/2017 0:00,A4N60020155,Tom
2/15/2017 0:00,A4N60020156,Tom
2/15/2017 0:00,A4N60020157,Tom
2/15/2017 0:00,A4N60020158,Tom
2/15/2017 0:00,A4N60020159,Tom
2/15/2017 0:00,A4N60020160,Tom
2/15/2017 0:00,A4N60020161,Tom
2/15/2017 0:00,A4N60020162,Tom
2/15/2017 0:00,A4N60020163,Tom
2/15/2017 0:00,A4N60020164,Tom
2/15/2017 0:00,A4N60020165,Tom
2/15/2017 0:00,A4N60020166,Tom
2/15/2017 0:00,A4N60020167,Tom
2/15/2017 0:00,A4N60020168,Tom
2/15/2017 0:00,A4N60020169,Tom
2/15/2017 0:00,A4N60020170,Tom
2/15/2017 0:00,A4N60020171,Tom
2/15/2017 0:00,A4N60020172,Tom
2/15/2017 0:00,A4N60020173,Tom
2/15/2017 0:00,A4N60020174,Tom
2/15/2017 0:00,A4N60020175,Tom
2/15/2017 0:00,A4N60020176,Tom
2/15/2017 0:00,A4N60020177,Tom
2/15/2017 0:00,A4N60020178,Tom
2/15/2017 0:00,A4N60020179,Tom
2/15/2017 0:00,A4N60020180,Tom
2/15/2017 0:00,A4N60020181,Tom
2/15/2017 0:00,A4N60020182,Tom
2/15/2017 0:00,A4N60020183,Tom
2/15/2017 0:00,A4N60020184,Tom
2/15/2017 0:00,A4N60020185,Tom
2/15/2017 0:00,A4N60020186,Tom
2/15/2017 0:00,A4N60020187,Tom
2/15/2017 0:00,A4N60020188,Tom
2/15/2017 0:00,A4N60020189,Tom
2/15/2017 0:00,A4N60020190,Tom
2/15/2017 0:00,A4N60020191,Tom
2/15/2017 0:00,A4N60020192,Tom
2/15/2017 0:00,A4N60020193,Tom
2/15/2017 0:00,A4N60020194,Tom
2/15/2017 0:00,A4N60020195,Tom
2/15/2017 0:00,A4N60020196,Tom
2/15/2017 0:00,A4N60020197,Tom
2/15/2017 0:00,A4N60020198,Tom
2/15/2017 0:00,A4N60020199,Tom
2/15/2017 0:00,A4N60020200,Tom
2/15/2017 0:00,A4N60020201,Tom
2/15/2017 0:00,A4N60020202,Tom
2/15/2017 0:00,A4N60020203,Tom
2/15/2017 0:00,A4N60020204,Tom
2/15/2017 0:00,A4N60020205,Tom
2/15/2017 0:00,A4N60020206,Tom
2/15/2017 0:00,A4N60020207,Tom
2/15/2017 0:00,A4N60020208,Tom
2/15/2017 0:00,A4N60020209,Tom
2/15/2017 0:00,A4N60020210,Tom
2/15/2017 0:00,A4N60020211,Tom
2/15/2017 0:00,A4N60020212,Tom
2/15/2017 0:00,A4N60020213,Tom
2/15/2017 0:00,A4N60020214,Tom
2/15/2017 0:00,A4N60020215,Tom
2/15/2017 0:00,A4N60020216,Tom
2/15/2017 0:00,A4N60020217,Tom
2/15/2017 0:00,A4N60020218,Tom
2/15/2017 0:00,A4N60020219,Tom
2/15/2017 0:00,A4N60020220,Tom
2/15/2017 0:00,A4N60020221,Tom
2/15/2017 0:00,A4N60020222,Tom
2/15/2017 0:00,A4N60020223,Tom
2/15/2017 0:00,A4N60020224,Tom
2/15/2017 0:00,A4N60020225,Tom
2/15/2017 0:00,A4N60020226,Tom
2/15/2017 0:00,A4N60020227,Tom
2/15/2017 0:00,A4N60020228,Tom
2/15/2017 0:00,A4N60020229,Tom
2/15/2017 0:00,A4N60020230,Tom
2/15/2017 0:00,A4N60020231,Tom
2/15/2017 0:00,A4N60020232,Tom
2/15/2017 0:00,A4N60020233,Tom
2/15/2017 0:00,A4N60020234,Tom
2/15/2017 0:00,A4N60020235,Tom
2/15/2017 0:00,A4N60020236,Tom
2/15/2017 0:00,A4N60020237,Tom
2/15/2017 0:00,A4N60020238,Tom
2/15/2017 0:00,A4N60020239,Tom
2/15/2017 0:00,A4N60020240,Tom
2/15/2017 0:00,A4N60020241,Tom
2/15/2017 0:00,A4N60020242,Tom
2/15/2017 0:00,A4N60020243,Tom
2/15/2017 0:00,A4N60020244,Tom
2/15/2017 0:00,A4N60020245,Tom
2/15/2017 0:00,A4N60020246,Tom
2/15/2017 0:00,A4N60020247,Tom
2/15/2017 0:00,A4N60020248,Tom
2/15/2017 0:00,A4N60020249,Tom
2/15/2017 0:00,A4N60020250,Tom
2/15/2017 0:00,A4N60020251,Tom
2/15/2017 0:00,A4N60020252,Tom
2/15/2017 0:00,A4N60020253,Tom
2/15/2017 0:00,A4N60020254,Tom
2/15/2017 0:00,A4N60020255,Tom
2/15/2017 0:00,A4N60020256,Tom
2/15/2017 0:00,A4N60020257,Tom
2/15/2017 0:00,A4N60020258,Tom
2/15/2017 0:00,A4N60020259,Tom
2/15/2017 0:00,A4N60020260,Tom
2/15/2017 0:00,A4N60020261,Tom
2/15/2017 0:00,A4N60020262,Tom
2/15/2017 0:00,A4N60020263,Tom
2/15/2017 0:00,A4N60020264,Tom
2/15/2017 0:00,A4N60020265,Tom
2/15/2017 0:00,A4N60020266,Tom
2/15/2017 0:00,A4N60020267,Tom
2/15/2017 0:00,A4N60020268,Tom
2/15/2017 0:00,A4N60020269,Tom
2/15/2017 0:00,A4N60020270,Tom
2/15/2017 0:00,A4N60020271,Tom
2/15/2017 0:00,A4N60020272,Tom
2/15/2017 0:00,A4N60020273,Tom
2/15/2017 0:00,A4N60020274,Tom
2/15/2017 0:00,A4N60020275,Tom
2/15/2017 0:00,A4N60020276,Tom
2/15/2017 0:00,A4N60020277,Tom
2/15/2017 0:00,A4N60020278,Tom
2/15/2017 0:00,A4N60020279,Tom
2/15/2017 0:00,A4N60020280,Tom
2/15/2017 0:00,A4N60020281,Tom
2/15/2017 0:00,A4N60020282,Tom
2/15/2017 0:00,A4N60020283,Tom
2/15/2017 0:00,A4N60020284,Tom
2/15/2017 0:00,A4N60020285,Tom
2/15/2017 0:00,A4N60020286,Tom
2/15/2017 0:00,A4N60020287,Tom
2/15/2017 0:00,A4N60020288,Tom
2/15/2017 0:00,A4N60020289,Tom
2/15/2017 0:00,A4N60020290,Tom
2/15/2017 0:00,A4N60020291,Tom
2/15/2017 0:00,A4N60020292,Tom
2/15/2017 0:00,A4N60020293,Tom
2/15/2017 0:00,A4N60020294,Tom
2/15/2017 0:00,A4N60020295,Tom
2/15/2017 0:00,A4N60020296,Tom
2/15/2017 0:00,A4N60020297,Tom
2/15/2017 0:00,A4N60020298,Tom
2/15/2017 0:00,A4N60020299,Tom
2/15/2017 0:00,A4N60020300,Tom
2/15/2017 0:00,A4N60020301,Tom
2/15/2017 0:00,A4N60020302,Tom
2/15/2017 0:00,A4N60020303,Tom
2/15/2017 0:00,A4N60020304,Tom
2/15/2017 0:00,A4N60020305,Tom
2/15/2017 0:00,A4N60020306,Tom
2/15/2017 0:00,A4N60020307,Tom
2/15/2017 0:00,A4N60020308,Tom
2/15/2017 0:00,A4N60020309,Tom
2/15/2017 0:00,A4N60020310,Tom
2/15/2017 0:00,A4N60020311,Tom
2/15/2017 0:00,A4N60020312,Tom
2/15/2017 0:00,A4N60020313,Tom
2/15/2017 0:00,A4N60020314,Tom
2/15/2017 0:00,A4N60020315,Tom
2/15/2017 0:00,A4N60020316,Tom
2/15/2017 0:00,A4N60020317,Tom
2/15/2017 0:00,A4N60020318,Tom
2/15/2017 0:00,A4N60020319,Tom
2/15/2017 0:00,A4N60020320,Tom
2/15/2017 0:00,A4N60020321,Tom
2/15/2017 0:00,A4N60020322,Tom
2/15/2017 0:00,A4N60020323,Tom
2/15/2017 0:00,A4N60020324,Tom
2/15/2017 0:00,A4N60020325,Tom
2/15/2017 0:00,A4N60020326,Tom
2/15/2017 0:00,A4N60020327,Tom
2/15/2017 0:00,A4N60020328,Tom
2/15/2017 0:00,A4N60020329,Tom
2/15/2017 0:00,A4N60020330,Tom
2/15/2017 0:00,A4N60020331,Tom
2/15/2017 0:00,A4N60020332,Tom
2/15/2017 0:00,A4N60020333,Tom
2/15/2017 0:00,A4N60020334,Tom
2/15/2017 0:00,A4N60020335,Tom
2/15/2017 0:00,A4N60020336,Tom
2/15/2017 0:00,A4N60020337,Tom
2/15/2017 0:00,A4N60020338,Tom
2/15/2017 0:00,A4N60020339,Tom
2/15/2017 0:00,A4N60020340,Tom
2/15/2017 0:00,A4N60020341,Tom
2/15/2017 0:00,A4N60020342,Tom
2/15/2017 0:00,A4N60020343,Tom
2/15/2017 0:00,A4N60020344,Tom
2/15/2017 0:00,CI1702225,Yo
2/15/2017 0:00,CI1702226,Yo
2/15/2017 0:00,CI1702227,Yo
2/15/2017 0:00,CI1702228,Yo
2/15/2017 0:00,CI1702229,Yo
2/15/2017 0:00,CI1702230,Yo
2/15/2017 0:00,CI1702231,Yo
2/15/2017 0:00,CI1702232,Yo
2/15/2017 0:00,CI1702233,Yo
2/15/2017 0:00,CI1702234,Yo
2/16/2017 0:00,BP17020055,Yo
2/16/2017 0:00,BP17020056,Yo
2/16/2017 0:00,BP17020057,Yo
2/16/2017 0:00,BP17020058,Yo
2/16/2017 0:00,BP17020059,Yo
2/16/2017 0:00,BP17020060,Yo
2/16/2017 0:00,BP17020061,Yo
2/16/2017 0:00,BP17020062,Yo
2/16/2017 0:00,BP17020063,Yo
2/16/2017 0:00,BP17020064,Yo
3/15/2017 0:00,CI1703235,Yo
3/15/2017 0:00,CI1703236,Yo
3/15/2017 0:00,CI1703237,Yo
3/15/2017 0:00,CI1703238,Yo
3/15/2017 0:00,CI1703239,Yo
3/15/2017 0:00,CI1703240,Yo
3/15/2017 0:00,CI1703241,Yo
3/15/2017 0:00,CI1703242,Yo
3/15/2017 0:00,CI1703243,Yo
3/15/2017 0:00,CI1703244,Yo
3/15/2017 0:00,CI1703245,Yo
3/15/2017 0:00,CI1703246,Yo
3/15/2017 0:00,CI1703247,Yo
3/15/2017 0:00,CI1703248,Yo
3/15/2017 0:00,CI1703249,Yo
3/15/2017 0:00,CO1703109,Yo
3/15/2017 0:00,CO1703110,Yo
3/15/2017 0:00,CO1703111,Yo
3/15/2017 0:00,CO1703112,Yo
3/15/2017 0:00,CO1703113,Yo
3/25/2017 0:00,BP17020065,Yo
3/25/2017 0:00,BP17030066,Yo
3/25/2017 0:00,BP17030067,Yo
3/25/2017 0:00,BP17030068,Yo
3/25/2017 0:00,BP17030069,Yo
3/25/2017 0:00,BP17030070,Yo
3/25/2017 0:00,BP17030071,Yo
3/25/2017 0:00,BP17030072,Yo
3/25/2017 0:00,BP17030073,Yo
3/25/2017 0:00,BP17030074,Yo
4/21/2017 0:00,BP17040075,Yo
4/21/2017 0:00,BP17040076,Yo
4/21/2017 0:00,BP17040077,Yo
4/21/2017 0:00,BP17040078,Yo
4/21/2017 0:00,BP17040079,Yo
4/21/2017 0:00,BP17040080,Yo
4/21/2017 0:00,BP17040081,Yo
4/21/2017 0:00,BP17040082,Yo
4/21/2017 0:00,BP17040083,Yo
4/21/2017 0:00,BP17040084,Yo
5/15/2017 0:00,BP17050085,Yo
5/15/2017 0:00,BP17050086,Yo
5/15/2017 0:00,BP17050087,Yo
5/15/2017 0:00,BP17050088,Yo
5/15/2017 0:00,BP17050089,Yo
5/15/2017 0:00,BP17050090,Yo
5/15/2017 0:00,BP17050091,Yo
5/15/2017 0:00,BP17050092,Yo
5/15/2017 0:00,BP17050093,Yo
5/15/2017 0:00,BP17050094,Yo
5/15/2017 0:00,CI1705250,Yo
5/15/2017 0:00,CI1705251,Yo
5/15/2017 0:00,CI1705252,Yo
5/15/2017 0:00,CI1705253,Yo
5/15/2017 0:00,CI1705254,Yo
5/15/2017 0:00,CI1705255,Yo
5/15/2017 0:00,CI1705256,Yo
5/15/2017 0:00,CI1705257,Yo
5/15/2017 0:00,CI1705258,Yo
5/15/2017 0:00,CI1705259,Yo
6/6/2017 0:00,BP17060095,Yo
6/6/2017 0:00,BP17060096,Yo
6/6/2017 0:00,BP17060097,Yo
6/6/2017 0:00,BP17060098,Yo
6/6/2017 0:00,BP17060099,Yo
6/6/2017 0:00,BP17060100,Yo
6/6/2017 0:00,BP17060101,Yo
6/6/2017 0:00,BP17060102,Yo
6/6/2017 0:00,BP17060103,Yo
6/6/2017 0:00,BP17060104,Yo
6/6/2017 0:00,BP17060105,Yo
6/6/2017 0:00,BP17060106,Yo
6/6/2017 0:00,BP17060107,Yo
6/6/2017 0:00,BP17060108,Yo
6/15/2017 0:00,CI1706260,Yo
6/15/2017 0:00,CI1706261,Yo
6/15/2017 0:00,CI1706262,Yo
6/15/2017 0:00,CI1706263,Yo
6/15/2017 0:00,CI1706264,Yo
6/15/2017 0:00,CI1706265,Yo
6/15/2017 0:00,CI1706266,Yo
6/15/2017 0:00,CI1706267,Yo
6/15/2017 0:00,CI1706268,Yo
6/15/2017 0:00,CI1706269,Yo
7/14/2017 0:00,CC60070001,Yo
7/14/2017 0:00,CC60070002,Yo
7/14/2017 0:00,CC60070003,Yo
7/14/2017 0:00,CC60070004,Yo
7/14/2017 0:00,CC60070005,Yo
7/14/2017 0:00,CC60070006,Yo
7/14/2017 0:00,CC60070007,Yo
7/14/2017 0:00,CC60070008,Yo
7/14/2017 0:00,CC60070009,Yo
7/14/2017 0:00,CC60070010,Yo
7/14/2017 0:00,CC60070011,Yo
7/14/2017 0:00,CC60070012,Yo
7/14/2017 0:00,CC60070013,Yo
7/14/2017 0:00,CC60070014,Yo
7/14/2017 0:00,CC60070015,Yo
7/14/2017 0:00,CC60070016,Yo
7/14/2017 0:00,CC60070017,Yo
7/14/2017 0:00,CC60070018,Yo
7/14/2017 0:00,CC60070019,Yo
7/14/2017 0:00,CC60070020,Yo
7/14/2017 0:00,CC60070021,Yo
7/14/2017 0:00,CC60070022,Yo
7/14/2017 0:00,CC60070023,Yo
7/14/2017 0:00,CC60070024,Yo
7/14/2017 0:00,CC60070025,Yo
7/14/2017 0:00,CC60070026,Yo
7/14/2017 0:00,CC60070027,Yo
7/14/2017 0:00,CC60070028,Yo
7/14/2017 0:00,CC60070029,Yo
7/14/2017 0:00,CC60070030,Yo
7/14/2017 0:00,CC60070031,Yo
7/14/2017 0:00,CC60070032,Yo
7/14/2017 0:00,CC60070033,Yo
7/14/2017 0:00,CC60070034,Yo
7/14/2017 0:00,CC60070035,Yo
7/14/2017 0:00,CC60070036,Yo
7/14/2017 0:00,CC60070037,Yo
7/14/2017 0:00,CC60070038,Yo
7/14/2017 0:00,CC60070039,Yo
7/14/2017 0:00,CC60070040,Yo
7/14/2017 0:00,CC60070041,Yo
7/14/2017 0:00,CC60070042,Yo
7/14/2017 0:00,CC60070043,Yo
7/14/2017 0:00,CC60070044,Yo
7/14/2017 0:00,CC60070045,Yo
7/14/2017 0:00,CC60070046,Yo
7/14/2017 0:00,CC60070047,Yo
7/14/2017 0:00,CC60070048,Yo
7/14/2017 0:00,CC60070049,Yo
7/14/2017 0:00,CC60070050,Yo
7/14/2017 0:00,CC60070051,Yo
7/14/2017 0:00,CC60070052,Yo
7/14/2017 0:00,CC60070053,Yo
7/14/2017 0:00,CC60070054,Yo
7/14/2017 0:00,CC60070055,Yo
7/14/2017 0:00,CC60070056,Yo
7/14/2017 0:00,CC60070057,Yo
7/14/2017 0:00,CC60070058,Yo
7/14/2017 0:00,CC60070059,Yo
7/14/2017 0:00,CC60070060,Yo
7/14/2017 0:00,CC60070061,Yo
7/14/2017 0:00,CC60070062,Yo
7/14/2017 0:00,CC60070063,Yo
7/14/2017 0:00,CC60070064,Yo
7/14/2017 0:00,CC60070065,Yo
7/14/2017 0:00,CC60070066,Yo
7/14/2017 0:00,CC60070067,Yo
7/14/2017 0:00,CC60070068,Yo
7/14/2017 0:00,CC60070069,Yo
7/14/2017 0:00,CC60070070,Yo
7/14/2017 0:00,CC60070071,Yo
7/14/2017 0:00,CC60070072,Yo
7/14/2017 0:00,CC60070073,Yo
7/14/2017 0:00,CC60070074,Yo
7/14/2017 0:00,CC60070075,Yo
7/14/2017 0:00,CC60070076,Yo
7/14/2017 0:00,CC60070077,Yo
7/14/2017 0:00,CC60070078,Yo
7/14/2017 0:00,CC60070079,Yo
7/14/2017 0:00,CC60070080,Yo
7/14/2017 0:00,CC60070081,Yo
7/14/2017 0:00,CC60070082,Yo
7/14/2017 0:00,CC60070083,Yo
7/14/2017 0:00,CC60070084,Yo
7/14/2017 0:00,CC60070085,Yo
7/14/2017 0:00,CC60070086,Yo
7/14/2017 0:00,CC60070087,Yo
7/14/2017 0:00,CC60070088,Yo
7/14/2017 0:00,CC60070089,Yo
7/14/2017 0:00,CC60070090,Yo
7/14/2017 0:00,CC60070091,Yo
7/14/2017 0:00,CC60070092,Yo
7/14/2017 0:00,CC60070093,Yo
7/14/2017 0:00,CC60070094,Yo
7/14/2017 0:00,CC60070095,Yo
7/14/2017 0:00,CC60070096,Yo
7/14/2017 0:00,CC60070097,Yo
7/14/2017 0:00,CC60070098,Yo
7/14/2017 0:00,CC60070099,Yo
7/14/2017 0:00,CC60070100,Yo
7/14/2017 0:00,CC60070101,Yo
7/14/2017 0:00,CC60070102,Yo
7/14/2017 0:00,CC60070103,Yo
7/14/2017 0:00,CC60070104,Yo
7/14/2017 0:00,CC60070105,Yo
7/14/2017 0:00,CC60070106,Yo
7/14/2017 0:00,CC60070107,Yo
7/14/2017 0:00,CC60070108,Yo
7/14/2017 0:00,CC60070109,Yo
7/14/2017 0:00,CC60070110,Yo
7/14/2017 0:00,CC60070111,Yo
7/14/2017 0:00,CC60070112,Yo
7/14/2017 0:00,CC60070113,Yo
7/14/2017 0:00,CC60070114,Yo
7/14/2017 0:00,CC60070115,Yo
7/14/2017 0:00,CC60070116,Yo
7/14/2017 0:00,CC60070117,Yo
7/14/2017 0:00,CC60070118,Yo
7/14/2017 0:00,CC60070119,Yo
7/14/2017 0:00,CC60070120,Yo
7/14/2017 0:00,CC60070121,Yo
7/14/2017 0:00,CC60070122,Yo
7/14/2017 0:00,CC60070123,Yo
7/14/2017 0:00,CC60070124,Yo
7/14/2017 0:00,CC60070125,Yo
7/14/2017 0:00,CC60070126,Yo
7/14/2017 0:00,CC60070127,Yo
7/14/2017 0:00,CC60070128,Yo
7/14/2017 0:00,CC60070129,Yo
7/14/2017 0:00,CC60070130,Yo
7/14/2017 0:00,CC60070131,Yo
7/14/2017 0:00,CC60070132,Yo
7/14/2017 0:00,CC60070133,Yo
7/14/2017 0:00,CC60070134,Yo
7/14/2017 0:00,CC60070135,Yo
7/14/2017 0:00,CC60070136,Yo
7/14/2017 0:00,CC60070137,Yo
7/14/2017 0:00,CC60070138,Yo
7/14/2017 0:00,CC60070139,Yo
7/14/2017 0:00,CC60070140,Yo
7/14/2017 0:00,CC60070141,Yo
7/14/2017 0:00,CC60070142,Yo
7/14/2017 0:00,CC60070143,Yo
7/14/2017 0:00,CC60070144,Yo
7/14/2017 0:00,CC60070145,Yo
7/14/2017 0:00,CC60070146,Yo
7/14/2017 0:00,CC60070147,Yo
7/14/2017 0:00,CC60070148,Yo
7/14/2017 0:00,CC60070149,Yo
7/14/2017 0:00,CC60070150,Yo
7/14/2017 0:00,CC60070151,Yo
7/14/2017 0:00,CC60070152,Yo
7/14/2017 0:00,CC60070153,Yo
7/14/2017 0:00,CC60070154,Yo
7/14/2017 0:00,CC60070155,Yo
7/14/2017 0:00,CC60070156,Yo
7/14/2017 0:00,CC60070157,Yo
7/14/2017 0:00,CC60070158,Yo
7/14/2017 0:00,CC60070159,Yo
7/14/2017 0:00,CC60070160,Yo
7/14/2017 0:00,CC60070161,Yo
7/14/2017 0:00,CC60070162,Yo
7/14/2017 0:00,CC60070163,Yo
7/14/2017 0:00,CC60070164,Yo
7/14/2017 0:00,CC60070165,Yo
7/14/2017 0:00,CC60070166,Yo
7/14/2017 0:00,CC60070167,Yo
7/14/2017 0:00,CC60070168,Yo
7/14/2017 0:00,CC60070169,Yo
7/14/2017 0:00,CC60070170,Yo
7/14/2017 0:00,CC60070171,Yo
7/14/2017 0:00,CC60070172,Yo
7/14/2017 0:00,CC60070173,Yo
7/14/2017 0:00,CC60070174,Yo
7/14/2017 0:00,CC60070175,Yo
7/14/2017 0:00,CC60070176,Yo
7/14/2017 0:00,CC60070177,Yo
7/14/2017 0:00,CC60070178,Yo
7/14/2017 0:00,CC60070179,Yo
7/14/2017 0:00,CC60070180,Yo
7/14/2017 0:00,CC60070181,Yo
7/14/2017 0:00,CC60070182,Yo
7/14/2017 0:00,CC60070183,Yo
7/14/2017 0:00,CC60070184,Yo
7/14/2017 0:00,CC60070185,Yo
7/14/2017 0:00,CC60070186,Yo
7/14/2017 0:00,CC60070187,Yo
7/14/2017 0:00,CC60070188,Yo
7/14/2017 0:00,CC60070189,Yo
7/14/2017 0:00,CC60070190,Yo
7/14/2017 0:00,CC60070191,Yo
7/14/2017 0:00,CC60070192,Yo
7/14/2017 0:00,CC60070193,Yo
7/14/2017 0:00,CC60070194,Yo
7/14/2017 0:00,CC60070195,Yo
7/14/2017 0:00,CC60070196,Yo
7/14/2017 0:00,CC60070197,Yo
7/14/2017 0:00,CC60070198,Yo
7/14/2017 0:00,CC60070199,Yo
7/14/2017 0:00,CC60070200,Yo
7/14/2017 0:00,CC60070201,Yo
7/14/2017 0:00,CC60070202,Yo
7/14/2017 0:00,CC60070203,Yo
7/14/2017 0:00,CC60070204,Yo
7/14/2017 0:00,CC60070205,Yo
7/14/2017 0:00,CC60070206,Yo
7/14/2017 0:00,CC60070207,Yo
7/14/2017 0:00,CC60070208,Yo
7/14/2017 0:00,CC60070209,Yo
7/14/2017 0:00,CC60070210,Yo
7/14/2017 0:00,CC60070211,Yo
7/14/2017 0:00,CC60070212,Yo
7/14/2017 0:00,CC60070213,Yo
7/14/2017 0:00,CC60070214,Yo
7/14/2017 0:00,CC60070215,Yo
7/14/2017 0:00,CC60070216,Yo
7/14/2017 0:00,CC60070217,Yo
7/14/2017 0:00,CC60070218,Yo
7/14/2017 0:00,CC60070219,Yo
7/14/2017 0:00,CC60070220,Yo
7/14/2017 0:00,CC60070221,Yo
7/14/2017 0:00,CC60070222,Yo
7/14/2017 0:00,CC60070223,Yo
7/14/2017 0:00,CC60070224,Yo
7/14/2017 0:00,CC60070225,Yo
7/14/2017 0:00,CC60070226,Yo
7/14/2017 0:00,CC60070227,Yo
7/14/2017 0:00,CC60070228,Yo
7/14/2017 0:00,CC60070229,Yo
7/14/2017 0:00,CC60070230,Yo
7/14/2017 0:00,CC60070231,Yo
7/14/2017 0:00,CC60070232,Yo
7/14/2017 0:00,CC60070233,Yo
7/14/2017 0:00,CC60070234,Yo
7/14/2017 0:00,CC60070235,Yo
7/14/2017 0:00,CC60070236,Yo
7/14/2017 0:00,CC60070237,Yo
7/14/2017 0:00,CC60070238,Yo
7/14/2017 0:00,CC60070239,Yo
7/14/2017 0:00,CC60070240,Yo
7/14/2017 0:00,CC60070241,Yo
7/14/2017 0:00,CC60070242,Yo
7/14/2017 0:00,CC60070243,Yo
7/14/2017 0:00,CC60070244,Yo
7/14/2017 0:00,CC60070245,Yo
7/14/2017 0:00,CC60070246,Yo
7/14/2017 0:00,CC60070247,Yo
7/14/2017 0:00,CC60070248,Yo
7/14/2017 0:00,CC60070249,Yo
7/14/2017 0:00,CC60070250,Yo
7/14/2017 0:00,CC60070251,Yo
7/14/2017 0:00,CC60070252,Yo
7/14/2017 0:00,CC60070253,Yo
7/14/2017 0:00,CC60070254,Yo
7/14/2017 0:00,CC60070255,Yo
7/14/2017 0:00,CC60070256,Yo
7/14/2017 0:00,CC60070257,Yo
7/14/2017 0:00,CC60070258,Yo
7/14/2017 0:00,CC60070259,Yo
7/14/2017 0:00,CC60070260,Yo
7/14/2017 0:00,CC60070261,Yo
7/14/2017 0:00,CC60070262,Yo
7/14/2017 0:00,CC60070263,Yo
7/14/2017 0:00,CC60070264,Yo
7/14/2017 0:00,CC60070265,Yo
7/14/2017 0:00,CC60070266,Yo
7/14/2017 0:00,CC60070267,Yo
7/14/2017 0:00,CC60070268,Yo
7/14/2017 0:00,CC60070269,Yo
7/14/2017 0:00,CC60070270,Yo
7/14/2017 0:00,CC60070271,Yo
7/14/2017 0:00,CC60070272,Yo
7/14/2017 0:00,CC60070273,Yo
7/14/2017 0:00,CC60070274,Yo
7/14/2017 0:00,CC60070275,Yo
7/14/2017 0:00,CC60070276,Yo
7/14/2017 0:00,CC60070277,Yo
7/14/2017 0:00,CC60070278,Yo
7/14/2017 0:00,CC60070279,Yo
7/14/2017 0:00,CC60070280,Yo
7/14/2017 0:00,CC60070281,Yo
7/14/2017 0:00,CC60070282,Yo
7/14/2017 0:00,CC60070283,Yo
7/14/2017 0:00,CC60070284,Yo
7/14/2017 0:00,CC60070285,Yo
7/14/2017 0:00,CC60070286,Yo
7/14/2017 0:00,CC60070287,Yo
7/14/2017 0:00,CC60070288,Yo
7/14/2017 0:00,CC60070289,Yo
7/14/2017 0:00,CC60070290,Yo
7/14/2017 0:00,CC60070291,Yo
7/14/2017 0:00,CC60070292,Yo
7/14/2017 0:00,CC60070293,Yo
7/14/2017 0:00,CC60070294,Yo
7/14/2017 0:00,CC60070295,Yo
7/14/2017 0:00,CC60070296,Yo
7/14/2017 0:00,CC60070297,Yo
7/14/2017 0:00,CC60070298,Yo
7/14/2017 0:00,CC60070299,Yo
7/14/2017 0:00,CC60070300,Yo
7/14/2017 0:00,CC60070301,Yo
7/14/2017 0:00,CC60070302,Yo
7/14/2017 0:00,CC60070303,Yo
7/14/2017 0:00,CC60070304,Yo
7/14/2017 0:00,CC60070305,Yo
7/14/2017 0:00,CC60070306,Yo
7/14/2017 0:00,CC60070307,Yo
7/14/2017 0:00,CC60070308,Yo
7/14/2017 0:00,CC60070309,Yo
7/14/2017 0:00,CC60070310,Yo
7/14/2017 0:00,CC60070311,Yo
7/14/2017 0:00,CC60070312,Yo
7/14/2017 0:00,CC60070313,Yo
7/14/2017 0:00,CC60070314,Yo
7/14/2017 0:00,CC60070315,Yo
7/14/2017 0:00,CC60070316,Yo
7/14/2017 0:00,CC60070317,Yo
7/14/2017 0:00,CC60070318,Yo
7/14/2017 0:00,CC60070319,Yo
7/14/2017 0:00,CC60070320,Yo
7/14/2017 0:00,CC60070321,Yo
7/14/2017 0:00,CC60070322,Yo
7/14/2017 0:00,CC60070323,Yo
7/14/2017 0:00,CC60070324,Yo
7/14/2017 0:00,CC60070325,Yo
7/14/2017 0:00,CC60070326,Yo
7/14/2017 0:00,CC60070327,Yo
7/14/2017 0:00,CC60070328,Yo
7/14/2017 0:00,CC60070329,Yo
7/14/2017 0:00,CC60070330,Yo
7/14/2017 0:00,CC60070331,Yo
7/14/2017 0:00,CC60070332,Yo
7/14/2017 0:00,CC60070333,Yo
7/14/2017 0:00,CC60070334,Yo
7/14/2017 0:00,CC60070335,Yo
7/14/2017 0:00,CC60070336,Yo
7/14/2017 0:00,CC60070337,Yo
7/14/2017 0:00,CC60070338,Yo
7/14/2017 0:00,CC60070339,Yo
7/14/2017 0:00,CC60070340,Yo
7/14/2017 0:00,CC60070341,Yo
7/14/2017 0:00,CC60070342,Yo
7/14/2017 0:00,CC60070343,Yo
7/14/2017 0:00,CC60070344,Yo
7/14/2017 0:00,CC60070345,Yo
7/14/2017 0:00,CC60070346,Yo
7/14/2017 0:00,CC60070347,Yo
7/14/2017 0:00,CC60070348,Yo
7/14/2017 0:00,CC60070349,Yo
7/14/2017 0:00,CC60070350,Yo
7/14/2017 0:00,CC60070351,Yo
7/14/2017 0:00,CC60070352,Yo
7/14/2017 0:00,CC60070353,Yo
7/14/2017 0:00,CC60070354,Yo
7/14/2017 0:00,CC60070355,Yo
7/14/2017 0:00,CC60070356,Yo
7/14/2017 0:00,CC60070357,Yo
7/14/2017 0:00,CC60070358,Yo
7/14/2017 0:00,CC60070359,Yo
7/14/2017 0:00,CC60070360,Yo
7/14/2017 0:00,CC60070361,Yo
7/14/2017 0:00,CC60070362,Yo
7/14/2017 0:00,CC60070363,Yo
7/14/2017 0:00,CC60070364,Yo
7/14/2017 0:00,CC60070365,Yo
7/14/2017 0:00,CC60070366,Yo
7/14/2017 0:00,CC60070367,Yo
7/14/2017 0:00,CC60070368,Yo
7/14/2017 0:00,CC60070369,Yo
7/14/2017 0:00,CC60070370,Yo
7/14/2017 0:00,CC60070371,Yo
7/14/2017 0:00,CC60070372,Yo
7/14/2017 0:00,CC60070373,Yo
7/14/2017 0:00,CC60070374,Yo
7/14/2017 0:00,CC60070375,Yo
7/14/2017 0:00,CC60070376,Yo
7/14/2017 0:00,CC60070377,Yo
7/14/2017 0:00,CC60070378,Yo
7/14/2017 0:00,CC60070379,Yo
7/14/2017 0:00,CC60070380,Yo
7/14/2017 0:00,CC60070381,Yo
7/14/2017 0:00,CC60070382,Yo
7/14/2017 0:00,CC60070383,Yo
7/14/2017 0:00,CC60070384,Yo
7/14/2017 0:00,CC60070385,Yo
7/14/2017 0:00,CC60070386,Yo
7/14/2017 0:00,CC60070387,Yo
7/14/2017 0:00,CC60070388,Yo
7/14/2017 0:00,CC60070389,Yo
7/14/2017 0:00,CC60070390,Yo
7/14/2017 0:00,CC60070391,Yo
7/14/2017 0:00,CC60070392,Yo
7/14/2017 0:00,CC60070393,Yo
7/14/2017 0:00,CC60070394,Yo
7/14/2017 0:00,CC60070395,Yo
7/14/2017 0:00,CC60070396,Yo
7/14/2017 0:00,CC60070397,Yo
7/14/2017 0:00,CC60070398,Yo
7/14/2017 0:00,CC60070399,Yo
7/14/2017 0:00,CC60070400,Yo
7/14/2017 0:00,CC60070401,Yo
7/14/2017 0:00,CC60070402,Yo
7/14/2017 0:00,CC60070403,Yo
7/14/2017 0:00,CC60070404,Yo
7/14/2017 0:00,CC60070405,Yo
7/14/2017 0:00,CC60070406,Yo
7/14/2017 0:00,CC60070407,Yo
7/14/2017 0:00,CC60070408,Yo
7/14/2017 0:00,CC60070409,Yo
7/14/2017 0:00,CC60070410,Yo
7/14/2017 0:00,CC60070411,Yo
7/14/2017 0:00,CC60070412,Yo
7/14/2017 0:00,CC60070413,Yo
7/14/2017 0:00,CC60070414,Yo
7/14/2017 0:00,CC60070415,Yo
7/14/2017 0:00,CC60070416,Yo
7/14/2017 0:00,CC60070417,Yo
7/14/2017 0:00,CC60070418,Yo
7/14/2017 0:00,CC60070419,Yo
7/14/2017 0:00,CC60070420,Yo
7/14/2017 0:00,CC60070421,Yo
7/14/2017 0:00,CC60070422,Yo
7/14/2017 0:00,CC60070423,Yo
7/14/2017 0:00,CC60070424,Yo
7/14/2017 0:00,CC60070425,Yo
7/14/2017 0:00,CC60070426,Yo
7/14/2017 0:00,CC60070427,Yo
7/14/2017 0:00,CC60070428,Yo
7/14/2017 0:00,CC60070429,Yo
7/14/2017 0:00,CC60070430,Yo
7/14/2017 0:00,CC60070431,Yo
7/14/2017 0:00,CC60070432,Yo
7/14/2017 0:00,CC60070433,Yo
7/14/2017 0:00,CC60070434,Yo
7/14/2017 0:00,CC60070435,Yo
7/14/2017 0:00,CC60070436,Yo
7/14/2017 0:00,CC60070437,Yo
7/14/2017 0:00,CC60070438,Yo
7/14/2017 0:00,CC60070439,Yo
7/14/2017 0:00,CC60070440,Yo
7/14/2017 0:00,CC60070441,Yo
7/14/2017 0:00,CC60070442,Yo
7/14/2017 0:00,CC60070443,Yo
7/14/2017 0:00,CC60070444,Yo
7/14/2017 0:00,CC60070445,Yo
7/14/2017 0:00,CC60070446,Yo
7/14/2017 0:00,CC60070447,Yo
7/14/2017 0:00,CC60070448,Yo
7/14/2017 0:00,CC60070449,Yo
7/14/2017 0:00,CC60070450,Yo
7/14/2017 0:00,CC60070451,Yo
7/14/2017 0:00,CC60070452,Yo
7/14/2017 0:00,CC60070453,Yo
7/14/2017 0:00,CC60070454,Yo
7/14/2017 0:00,CC60070455,Yo
7/14/2017 0:00,CC60070456,Yo
7/14/2017 0:00,CC60070457,Yo
7/14/2017 0:00,CC60070458,Yo
7/14/2017 0:00,CC60070459,Yo
7/14/2017 0:00,CC60070460,Yo
7/14/2017 0:00,CC60070461,Yo
7/14/2017 0:00,CC60070462,Yo
7/14/2017 0:00,CC60070463,Yo
7/14/2017 0:00,CC60070464,Yo
7/14/2017 0:00,CC60070465,Yo
7/14/2017 0:00,CC60070466,Yo
7/14/2017 0:00,CC60070467,Yo
7/14/2017 0:00,CC60070468,Yo
7/14/2017 0:00,CC60070469,Yo
7/14/2017 0:00,CC60070470,Yo
7/14/2017 0:00,CC60070471,Yo
7/14/2017 0:00,CC60070472,Yo
7/14/2017 0:00,CC60070473,Yo
7/14/2017 0:00,CC60070474,Yo
7/14/2017 0:00,CC60070475,Yo
7/14/2017 0:00,CC60070476,Yo
7/14/2017 0:00,CC60070477,Yo
7/14/2017 0:00,CC60070478,Yo
7/14/2017 0:00,CC60070479,Yo
7/14/2017 0:00,CC60070480,Yo
7/14/2017 0:00,CC60070481,Yo
7/14/2017 0:00,CC60070482,Yo
7/14/2017 0:00,CC60070483,Yo
7/14/2017 0:00,CC60070484,Yo
7/14/2017 0:00,CC60070485,Yo
7/14/2017 0:00,CC60070486,Yo
7/14/2017 0:00,CC60070487,Yo
7/14/2017 0:00,CC60070488,Yo
7/14/2017 0:00,CC60070489,Yo
7/14/2017 0:00,CC60070490,Yo
7/14/2017 0:00,CC60070491,Yo
7/14/2017 0:00,CC60070492,Yo
7/14/2017 0:00,CC60070493,Yo
7/14/2017 0:00,CC60070494,Yo
7/14/2017 0:00,CC60070495,Yo
7/14/2017 0:00,CC60070496,Yo
7/14/2017 0:00,CC60070497,Yo
7/14/2017 0:00,CC60070498,Yo
7/14/2017 0:00,CC60070499,Yo
7/14/2017 0:00,CC60070500,Yo
7/14/2017 0:00,CC60070501,Yo
7/14/2017 0:00,CC60070502,Yo
7/14/2017 0:00,CC60070503,Yo
7/14/2017 0:00,CC60070504,Yo
7/14/2017 0:00,CC60070505,Yo
7/14/2017 0:00,CC60070506,Yo
7/14/2017 0:00,CC60070507,Yo
7/14/2017 0:00,CC60070508,Yo
7/14/2017 0:00,CC60070509,Yo
7/14/2017 0:00,CC60070510,Yo
7/14/2017 0:00,CC60070511,Yo
7/14/2017 0:00,CC60070512,Yo
7/14/2017 0:00,CC60070513,Yo
7/14/2017 0:00,CC60070514,Yo
7/14/2017 0:00,CC60070515,Yo
7/14/2017 0:00,CC60070516,Yo
7/14/2017 0:00,CC60070517,Yo
7/14/2017 0:00,CC60070518,Yo
7/14/2017 0:00,CC60070519,Yo
7/14/2017 0:00,CC60070520,Yo
7/14/2017 0:00,CC60070521,Yo
7/14/2017 0:00,CC60070522,Yo
7/14/2017 0:00,CC60070523,Yo
7/14/2017 0:00,CC60070524,Yo
7/14/2017 0:00,CC60070525,Yo
7/14/2017 0:00,CC60070526,Yo
7/14/2017 0:00,CC60070527,Yo
7/14/2017 0:00,CC60070528,Yo
7/14/2017 0:00,CC60070529,Yo
7/14/2017 0:00,CC60070530,Yo
7/14/2017 0:00,CC60070531,Yo
7/14/2017 0:00,CC60070532,Yo
7/14/2017 0:00,CC60070533,Yo
7/14/2017 0:00,CC60070534,Yo
7/14/2017 0:00,CC60070535,Yo
7/14/2017 0:00,CC60070536,Yo
7/14/2017 0:00,CC60070537,Yo
7/14/2017 0:00,CC60070538,Yo
7/14/2017 0:00,CC60070539,Yo
7/14/2017 0:00,CC60070540,Yo
7/14/2017 0:00,CC60070541,Yo
7/14/2017 0:00,CC60070542,Yo
7/14/2017 0:00,CC60070543,Yo
7/14/2017 0:00,CI1707270,Yo
7/14/2017 0:00,CI1707271,Yo
7/14/2017 0:00,CI1707272,Yo
7/14/2017 0:00,CI1707273,Yo
7/14/2017 0:00,CI1707274,Yo
7/14/2017 0:00,CI1707275,Yo
7/14/2017 0:00,CI1707276,Yo
7/14/2017 0:00,CI1707277,Yo
7/14/2017 0:00,CI1707278,Yo
7/14/2017 0:00,CI1707279,Yo
7/20/2017 0:00,BP17070109,Yo
7/20/2017 0:00,BP17070110,Yo
7/20/2017 0:00,BP17070111,Yo
7/20/2017 0:00,BP17070112,Yo
7/20/2017 0:00,BP17070113,Yo
7/20/2017 0:00,BP17070114,Yo
9/15/2017 0:00,CI1709280,Yo
9/15/2017 0:00,CI1709281,Yo
9/15/2017 0:00,CI1709282,Yo
9/15/2017 0:00,CI1709283,Yo
9/15/2017 0:00,CI1709284,Yo
9/15/2017 0:00,CI1709285,Yo
9/15/2017 0:00,CI1709286,Yo
9/15/2017 0:00,CI1709287,Yo
9/15/2017 0:00,CI1709288,Yo
9/15/2017 0:00,CI1709289,Yo
9/15/2017 0:00,CO1709114,Yo
9/15/2017 0:00,CO1709115,Yo
9/15/2017 0:00,CO1709116,Yo
9/15/2017 0:00,CO1709117,Yo
9/15/2017 0:00,CO1709118,Yo
9/15/2017 0:00,CO1709119,Yo
9/23/2017 0:00,BP17090115,Yo
9/23/2017 0:00,BP17090116,Yo
9/23/2017 0:00,BP17090117,Yo
9/23/2017 0:00,BP17090118,Yo
9/23/2017 0:00,BP17090119,Yo
9/23/2017 0:00,BP17090120,Yo
9/23/2017 0:00,BP17090121,Yo
9/23/2017 0:00,BP17090122,Yo
9/23/2017 0:00,BP17090123,Yo
9/23/2017 0:00,BP17090124,Yo
9/23/2017 0:00,BP17090125,Yo
9/23/2017 0:00,BP17090126,Yo
9/23/2017 0:00,BP17090127,Yo
9/23/2017 0:00,BP17090128,Yo
9/23/2017 0:00,BP17090129,Yo
9/23/2017 0:00,BP17090130,Yo
9/23/2017 0:00,BP17090131,Yo
9/23/2017 0:00,BP17090132,Yo
9/23/2017 0:00,BP17090133,Yo
9/23/2017 0:00,BP17090134,Yo
10/16/2017 0:00,CI1710290,Yo
10/16/2017 0:00,CI1710291,Yo
10/16/2017 0:00,CI1710292,Yo
10/16/2017 0:00,CI1710293,Yo
10/16/2017 0:00,CI1710294,Yo
10/16/2017 0:00,CI1710295,Yo
10/16/2017 0:00,CI1710296,Yo
10/16/2017 0:00,CI1710297,Yo
10/16/2017 0:00,CI1710298,Yo
10/16/2017 0:00,CI1710299,Yo
10/16/2017 0:00,CI1710300,Yo
10/16/2017 0:00,CI1710301,Yo
10/16/2017 0:00,CI1710302,Yo
10/16/2017 0:00,CI1710303,Yo
10/16/2017 0:00,CI1710304,Yo
10/19/2017 0:00,BP17100135,Yo
10/19/2017 0:00,BP17100136,Yo
10/19/2017 0:00,BP17100137,Yo
10/19/2017 0:00,BP17100138,Yo
10/19/2017 0:00,BP17100139,Yo
10/28/2017 0:00,BP17100140,Yo
10/28/2017 0:00,BP17100141,Yo
10/28/2017 0:00,BP17100142,Yo
10/28/2017 0:00,BP17100143,Yo
10/28/2017 0:00,BP17100144,Yo
11/10/2017 0:00,BP17110145,Yo
11/10/2017 0:00,BP17110146,Yo
11/10/2017 0:00,BP17110147,Yo
11/10/2017 0:00,BP17110148,Yo
11/10/2017 0:00,BP17110149,Yo
11/10/2017 0:00,BP17110150,Yo
11/10/2017 0:00,BP17110151,Yo
11/10/2017 0:00,BP17110152,Yo
11/10/2017 0:00,BP17110153,Yo
11/10/2017 0:00,BP17110154,Yo
12/1/2017 0:00,BP17120155,Yo
12/1/2017 0:00,BP17120156,Yo
12/1/2017 0:00,BP17120157,Yo
12/1/2017 0:00,BP17120158,Yo
12/1/2017 0:00,BP17120159,Yo
12/1/2017 0:00,BP17120160,Yo
12/1/2017 0:00,BP17120161,Yo
12/1/2017 0:00,BP17120162,Yo
12/1/2017 0:00,BP17120163,Yo
12/1/2017 0:00,BP17120164,Yo
12/15/2017 0:00,CI1712305,Yo
12/15/2017 0:00,CI1712306,Yo
12/15/2017 0:00,CI1712307,Yo
12/15/2017 0:00,CI1712308,Yo
12/15/2017 0:00,CI1712309,Yo
12/15/2017 0:00,CI1712310,Yo
12/15/2017 0:00,CI1712311,Yo
12/15/2017 0:00,CI1712312,Yo
12/15/2017 0:00,CI1712313,Yo
12/15/2017 0:00,CI1712314,Yo
12/15/2017 0:00,CI1712315,Yo
12/15/2017 0:00,CI1712316,Yo
12/15/2017 0:00,CI1712317,Yo
12/15/2017 0:00,CI1712318,Yo
12/15/2017 0:00,CI1712319,Yo
12/15/2017 0:00,CI1712320,Yo
12/15/2017 0:00,CI1712321,Yo
12/15/2017 0:00,CI1712322,Yo
12/15/2017 0:00,CI1712323,Yo
12/15/2017 0:00,CI1712324,Yo
12/15/2017 0:00,MC17120001,Ice
12/15/2017 0:00,MC17120002,Ice
12/15/2017 0:00,MC17120003,Ice
12/15/2017 0:00,MC17120004,Ice
12/23/2017 0:00,BP17120165,Yo
12/23/2017 0:00,BP17120166,Yo
12/23/2017 0:00,BP17120167,Yo
12/23/2017 0:00,BP17120168,Yo
12/23/2017 0:00,BP17120169,Yo
12/23/2017 0:00,BP17120170,Yo
12/23/2017 0:00,BP17120171,Yo
12/23/2017 0:00,BP17120172,Yo
12/23/2017 0:00,BP17120173,Yo
12/23/2017 0:00,BP17120174,Yo
1/10/2018 0:00,BM18010011,Yo
1/10/2018 0:00,BM18010012,Yo
1/10/2018 0:00,BM18010013,Yo
1/10/2018 0:00,BM18010014,Yo
1/10/2018 0:00,BM18010015,Yo
1/10/2018 0:00,BM18010016,Yo
1/10/2018 0:00,BM18010017,Yo
1/10/2018 0:00,BM18010018,Yo
1/10/2018 0:00,BM18010019,Yo
1/10/2018 0:00,BM18010020,Yo
1/15/2018 0:00,CI1801325,Yo
1/15/2018 0:00,CI1801326,Yo
1/15/2018 0:00,CO1801120,Yo
1/15/2018 0:00,CO1801121,Yo
1/15/2018 0:00,CO1801122,Yo
1/15/2018 0:00,CO1801123,Yo
1/15/2018 0:00,CO1801124,Yo
1/15/2018 0:00,MC18010005,Ice
1/15/2018 0:00,MC18010006,Ice
1/25/2018 0:00,BM18010021,Yo
1/25/2018 0:00,BM18010022,Yo
1/25/2018 0:00,BM18010023,Yo
1/25/2018 0:00,BM18010024,Yo
1/25/2018 0:00,BM18010025,Yo
1/25/2018 0:00,BM18010026,Yo
1/25/2018 0:00,BM18010027,Yo
1/25/2018 0:00,BM18010028,Yo
1/25/2018 0:00,BM18010029,Yo
1/25/2018 0:00,BM18010030,Yo
1/29/2018 0:00,BP18010175,Yo
1/29/2018 0:00,BP18010176,Yo
1/29/2018 0:00,BP18010177,Yo
1/29/2018 0:00,BP18010178,Yo
1/29/2018 0:00,BP18010179,Yo
1/29/2018 0:00,BP18010180,Yo
1/29/2018 0:00,BP18010181,Yo
1/29/2018 0:00,BP18010182,Yo
1/29/2018 0:00,BP18010183,Yo
1/29/2018 0:00,BP18010184,Yo
2/2/2018 0:00,BM18010031,Yo
2/2/2018 0:00,BM18010032,Yo
2/2/2018 0:00,BM18010033,Yo
2/2/2018 0:00,BM18010034,Yo
2/2/2018 0:00,BM18010035,Yo
2/2/2018 0:00,BM18010036,Yo
2/2/2018 0:00,BM18010037,Yo
2/2/2018 0:00,BM18010038,Yo
2/2/2018 0:00,BM18010039,Yo
2/2/2018 0:00,BM18010040,Yo
2/15/2018 0:00,CI1802327,Yo
2/15/2018 0:00,CI1802328,Yo
2/15/2018 0:00,CI1802329,Yo
2/15/2018 0:00,CI1802330,Yo
2/15/2018 0:00,CI1802331,Yo
2/16/2018 0:00,BP18020185,Yo
2/16/2018 0:00,BP18020186,Yo
2/16/2018 0:00,BP18020187,Yo
2/16/2018 0:00,BP18020188,Yo
2/16/2018 0:00,BP18020189,Yo
2/16/2018 0:00,BP18020190,Yo
2/16/2018 0:00,BP18020191,Yo
2/16/2018 0:00,BP18020192,Yo
2/16/2018 0:00,BP18020193,Yo
2/16/2018 0:00,BP18020194,Yo
2/16/2018 0:00,BP18020195,Yo
2/16/2018 0:00,BP18020196,Yo
2/16/2018 0:00,BP18020197,Yo
2/16/2018 0:00,BP18020198,Yo
2/16/2018 0:00,BP18020199,Yo
2/16/2018 0:00,BP18020200,Yo
2/16/2018 0:00,BP18020201,Yo
2/16/2018 0:00,BP18020202,Yo
2/16/2018 0:00,BP18020203,Yo
2/16/2018 0:00,BP18020204,Yo
3/3/2018 0:00,BM18030041,Yo
3/3/2018 0:00,BM18030042,Yo
3/3/2018 0:00,BM18030043,Yo
3/3/2018 0:00,BM18030044,Yo
3/3/2018 0:00,BM18030045,Yo
3/3/2018 0:00,BM18030046,Yo
3/3/2018 0:00,BM18030047,Yo
3/3/2018 0:00,BM18030048,Yo
3/3/2018 0:00,BM18030049,Yo
3/3/2018 0:00,BM18030050,Yo
3/10/2018 0:00,BP18030205,Yo
3/10/2018 0:00,BP18030206,Yo
3/10/2018 0:00,BP18030207,Yo
3/10/2018 0:00,BP18030208,Yo
3/10/2018 0:00,BP18030209,Yo
3/15/2018 0:00,CI1803332,Yo
3/15/2018 0:00,CI1803333,Yo
3/15/2018 0:00,CI1803334,Yo
3/15/2018 0:00,CI1803335,Yo
3/15/2018 0:00,CI1803336,Yo
3/15/2018 0:00,CI1803337,Yo
3/15/2018 0:00,CI1803338,Yo
3/15/2018 0:00,CI1803339,Yo
3/15/2018 0:00,CI1803340,Yo
3/15/2018 0:00,CI1803341,Yo
3/15/2018 0:00,CI1803342,Yo
3/15/2018 0:00,CI1803343,Yo
3/15/2018 0:00,CI1803344,Yo
3/15/2018 0:00,CI1803345,Yo
3/15/2018 0:00,CI1803346,Yo
3/15/2018 0:00,MC18030007,Ice
3/15/2018 0:00,MC18030008,Ice
3/15/2018 0:00,MC18030009,Ice
3/15/2018 0:00,MC18030010,Ice
3/15/2018 0:00,MC18030011,Ice
3/15/2018 0:00,MC18030012,Ice
3/15/2018 0:00,MC18030013,Ice
3/15/2018 0:00,MC18030014,Ice
3/15/2018 0:00,MC18030015,Ice
3/15/2018 0:00,MC18030016,Ice
3/15/2018 0:00,MC18030017,Ice
3/15/2018 0:00,MC18030018,Ice
3/29/2018 0:00,BM18030051,Yo
3/29/2018 0:00,BM18030052,Yo
3/29/2018 0:00,BM18030053,Yo
3/29/2018 0:00,BM18030054,Yo
3/29/2018 0:00,BM18030055,Yo
3/29/2018 0:00,BM18030056,Yo
3/29/2018 0:00,BM18030057,Yo
3/29/2018 0:00,BM18030058,Yo
3/29/2018 0:00,BM18030059,Yo
3/29/2018 0:00,BM18030060,Yo
3/30/2018 0:00,BP18030210,Yo
3/30/2018 0:00,BP18030211,Yo
3/30/2018 0:00,BP18030212,Yo
3/30/2018 0:00,BP18030213,Yo
3/30/2018 0:00,BP18030214,Yo
3/30/2018 0:00,BP18030215,Yo
3/30/2018 0:00,BP18030216,Yo
3/30/2018 0:00,BP18030217,Yo
3/30/2018 0:00,BP18030218,Yo
3/30/2018 0:00,BP18030219,Yo
3/30/2018 0:00,BP18030220,Yo
3/30/2018 0:00,BP18030221,Yo
3/30/2018 0:00,BP18030222,Yo
3/30/2018 0:00,BP18030223,Yo
3/30/2018 0:00,BP18030224,Yo
4/10/2018 0:00,BM18040061,Yo
4/10/2018 0:00,BM18040062,Yo
4/10/2018 0:00,BM18040063,Yo
4/10/2018 0:00,BM18040064,Yo
4/10/2018 0:00,BM18040065,Yo
4/10/2018 0:00,BM18040066,Yo
4/10/2018 0:00,BM18040067,Yo
4/10/2018 0:00,BM18040068,Yo
4/10/2018 0:00,BM18040069,Yo
4/10/2018 0:00,BM18040070,Yo
4/16/2018 0:00,MC18040019,Ice
4/16/2018 0:00,MC18040020,Ice
4/16/2018 0:00,MC18040021,Ice
4/16/2018 0:00,MC18040022,Ice
4/16/2018 0:00,MC18040023,Ice
4/16/2018 0:00,MC18040024,Ice
4/16/2018 0:00,MC18040025,Ice
4/16/2018 0:00,MC18040026,Ice
4/16/2018 0:00,MC18040027,Ice
4/16/2018 0:00,MC18040028,Ice
4/16/2018 0:00,MC18040029,Ice
4/16/2018 0:00,MC18040030,Ice
4/16/2018 0:00,MC18040031,Ice
4/16/2018 0:00,MC18040032,Ice
4/16/2018 0:00,MC18040033,Ice
4/16/2018 0:00,MC18040034,Ice
4/16/2018 0:00,MC18040035,Ice
4/16/2018 0:00,MC18040036,Ice
4/25/2018 0:00,BP18040225,Yo
4/25/2018 0:00,BP18040226,Yo
4/25/2018 0:00,BP18040227,Yo
4/25/2018 0:00,BP18040228,Yo
4/25/2018 0:00,BP18040229,Yo
4/25/2018 0:00,BP18040230,Yo
4/25/2018 0:00,BP18040231,Yo
4/25/2018 0:00,BP18040232,Yo
4/25/2018 0:00,BP18040233,Yo
4/25/2018 0:00,BP18040234,Yo
4/30/2018 0:00,BP18050235,Yo
4/30/2018 0:00,BP18050236,Yo
4/30/2018 0:00,BP18050237,Yo
4/30/2018 0:00,BP18050238,Yo
4/30/2018 0:00,BP18050239,Yo
4/30/2018 0:00,BP18050240,Yo
4/30/2018 0:00,BP18050241,Yo
4/30/2018 0:00,BP18050242,Yo
4/30/2018 0:00,BP18050243,Yo
4/30/2018 0:00,BP18050244,Yo
5/9/2018 0:00,BP18050245,Yo
5/9/2018 0:00,BP18050246,Yo
5/9/2018 0:00,BP18050247,Yo
5/9/2018 0:00,BP18050248,Yo
5/9/2018 0:00,BP18050249,Yo
5/12/2018 0:00,BM18050071,Yo
5/12/2018 0:00,BM18050072,Yo
5/12/2018 0:00,BM18050073,Yo
5/12/2018 0:00,BM18050074,Yo
5/12/2018 0:00,BM18050075,Yo
5/12/2018 0:00,BM18050076,Yo
5/12/2018 0:00,BM18050077,Yo
5/12/2018 0:00,BM18050078,Yo
5/12/2018 0:00,BM18050079,Yo
5/12/2018 0:00,BM18050080,Yo
5/15/2018 0:00,CI1805347,Yo
5/15/2018 0:00,CI1805348,Yo
5/15/2018 0:00,CI1805349,Yo
5/15/2018 0:00,CI1805350,Yo
5/15/2018 0:00,CI1805351,Yo
5/15/2018 0:00,CI1805352,Yo
5/15/2018 0:00,CI1805353,Yo
5/15/2018 0:00,CI1805354,Yo
5/15/2018 0:00,CI1805355,Yo
5/15/2018 0:00,CI1805356,Yo
5/15/2018 0:00,CI1805357,Yo
5/15/2018 0:00,CI1805358,Yo
5/15/2018 0:00,CI1805359,Yo
5/15/2018 0:00,CI1805360,Yo
5/15/2018 0:00,CI1805361,Yo
5/15/2018 0:00,CI1805362,Yo
5/15/2018 0:00,CI1805363,Yo
5/15/2018 0:00,CI1805364,Yo
5/15/2018 0:00,CI1805365,Yo
5/15/2018 0:00,CI1805366,Yo
5/15/2018 0:00,MC18050037,Ice
5/15/2018 0:00,MC18050038,Ice
5/15/2018 0:00,MC18050039,Ice
5/15/2018 0:00,MC18050040,Ice
5/18/2018 0:00,BP18050250,Yo
5/18/2018 0:00,BP18050251,Yo
5/18/2018 0:00,BP18050252,Yo
5/18/2018 0:00,BP18050253,Yo
5/18/2018 0:00,BP18050254,Yo
5/28/2018 0:00,BP18050255,Yo
5/28/2018 0:00,BP18050256,Yo
5/28/2018 0:00,BP18050257,Yo
5/28/2018 0:00,BP18050258,Yo
5/28/2018 0:00,BP18050259,Yo
5/28/2018 0:00,BP18050260,Yo
5/28/2018 0:00,BP18050261,Yo
5/28/2018 0:00,BP18050262,Yo
5/28/2018 0:00,BP18050263,Yo
5/28/2018 0:00,BP18050264,Yo
6/7/2018 0:00,BM18060081,Yo
6/7/2018 0:00,BM18060082,Yo
6/7/2018 0:00,BM18060083,Yo
6/7/2018 0:00,BM18060084,Yo
6/7/2018 0:00,BM18060085,Yo
6/7/2018 0:00,BM18060086,Yo
6/7/2018 0:00,BM18060087,Yo
6/7/2018 0:00,BM18060088,Yo
6/7/2018 0:00,BM18060089,Yo
6/7/2018 0:00,BM18060090,Yo
6/13/2018 0:00,BP18060265,Yo
6/13/2018 0:00,BP18060266,Yo
6/13/2018 0:00,BP18060267,Yo
6/13/2018 0:00,BP18060268,Yo
6/13/2018 0:00,BP18060269,Yo
6/13/2018 0:00,BP18060270,Yo
6/13/2018 0:00,BP18060271,Yo
6/13/2018 0:00,BP18060272,Yo
6/13/2018 0:00,BP18060273,Yo
6/13/2018 0:00,BP18060274,Yo
6/15/2018 0:00,CI1806367,Yo
6/15/2018 0:00,CI1806368,Yo
6/15/2018 0:00,CI1806369,Yo
6/15/2018 0:00,CI1806370,Yo
6/15/2018 0:00,CI1806371,Yo
6/15/2018 0:00,CI1806372,Yo
6/15/2018 0:00,CI1806373,Yo
6/15/2018 0:00,CI1806374,Yo
6/15/2018 0:00,CI1806375,Yo
6/15/2018 0:00,CI1806376,Yo
6/15/2018 0:00,CI1806377,Yo
6/15/2018 0:00,CI1806378,Yo
6/15/2018 0:00,CI1806379,Yo
6/15/2018 0:00,CI1806380,Yo
6/15/2018 0:00,CI1806381,Yo
6/15/2018 0:00,CI1806382,Yo
6/15/2018 0:00,CI1806383,Yo
6/15/2018 0:00,CI1806384,Yo
6/15/2018 0:00,CI1806385,Yo
6/15/2018 0:00,CI1806386,Yo
6/15/2018 0:00,CI1806387,Yo
6/15/2018 0:00,CI1806388,Yo
6/15/2018 0:00,CI1806389,Yo
6/15/2018 0:00,CI1806390,Yo
6/15/2018 0:00,CI1806391,Yo
6/15/2018 0:00,CI1806392,Yo
6/15/2018 0:00,CI1806393,Yo
6/15/2018 0:00,CI1806394,Yo
6/15/2018 0:00,CI1806395,Yo
6/15/2018 0:00,CI1806396,Yo
6/15/2018 0:00,MC18060041,Ice
6/15/2018 0:00,MC18060042,Ice
6/15/2018 0:00,MC18060043,Ice
6/15/2018 0:00,MC18060044,Ice
6/15/2018 0:00,MC18060045,Ice
6/15/2018 0:00,MC18060046,Ice
6/15/2018 0:00,MC18060047,Ice
6/15/2018 0:00,MC18060048,Ice
6/15/2018 0:00,MC18060049,Ice
6/15/2018 0:00,MC18060050,Ice
6/15/2018 0:00,MC18060051,Ice
6/15/2018 0:00,MC18060052,Ice
6/15/2018 0:00,MC18060053,Ice
6/15/2018 0:00,MC18060054,Ice
6/15/2018 0:00,MC18060055,Ice
6/15/2018 0:00,MC18060056,Ice
6/15/2018 0:00,MC18060057,Ice
6/15/2018 0:00,MC18060058,Ice
6/15/2018 0:00,MC18060059,Ice
6/15/2018 0:00,MC18060060,Ice
6/20/2018 0:00,BP18060275,Yo
6/20/2018 0:00,BP18060276,Yo
6/20/2018 0:00,BP18060277,Yo
6/20/2018 0:00,BP18060278,Yo
6/20/2018 0:00,BP18060279,Yo
6/20/2018 0:00,BP18060280,Yo
6/20/2018 0:00,BP18060281,Yo
6/20/2018 0:00,BP18060282,Yo
6/20/2018 0:00,BP18060283,Yo
6/20/2018 0:00,BP18060284,Yo
7/3/2018 0:00,BM18070091,Yo
7/3/2018 0:00,BM18070092,Yo
7/3/2018 0:00,BM18070093,Yo
7/3/2018 0:00,BM18070094,Yo
7/3/2018 0:00,BM18070095,Yo
7/3/2018 0:00,BM18070096,Yo
7/3/2018 0:00,BM18070097,Yo
7/3/2018 0:00,BM18070098,Yo
7/3/2018 0:00,BM18070099,Yo
7/3/2018 0:00,BM18070100,Yo
7/10/2018 0:00,BP18070285,Yo
7/10/2018 0:00,BP18070286,Yo
7/10/2018 0:00,BP18070287,Yo
7/10/2018 0:00,BP18070288,Yo
7/10/2018 0:00,BP18070289,Yo
7/10/2018 0:00,BP18070290,Yo
7/10/2018 0:00,BP18070291,Yo
7/10/2018 0:00,BP18070292,Yo
7/10/2018 0:00,BP18070293,Yo
7/10/2018 0:00,BP18070294,Yo
7/13/2018 0:00,BM18070101,Yo
7/13/2018 0:00,BM18070102,Yo
7/13/2018 0:00,BM18070103,Yo
7/13/2018 0:00,BM18070104,Yo
7/13/2018 0:00,BM18070105,Yo
7/13/2018 0:00,BM18070106,Yo
7/13/2018 0:00,BM18070107,Yo
7/13/2018 0:00,BM18070108,Yo
7/13/2018 0:00,BM18070109,Yo
7/13/2018 0:00,BM18070110,Yo
7/16/2018 0:00,MC18070061,Ice
7/16/2018 0:00,MC18070062,Ice
7/16/2018 0:00,MC18070063,Ice
7/16/2018 0:00,MC18070064,Ice
7/16/2018 0:00,MC18070065,Ice
7/16/2018 0:00,MC18070066,Ice
7/16/2018 0:00,MC18070067,Ice
7/16/2018 0:00,MC18070068,Ice
7/16/2018 0:00,MC18070069,Ice
7/16/2018 0:00,MC18070070,Ice
7/16/2018 0:00,MC18070071,Ice
7/16/2018 0:00,MC18070072,Ice
7/16/2018 0:00,MC18070073,Ice
7/16/2018 0:00,MC18070074,Ice
7/16/2018 0:00,MC18070075,Ice
7/16/2018 0:00,MC18070076,Ice
7/16/2018 0:00,MC18070077,Ice
7/16/2018 0:00,MC18070078,Ice
7/16/2018 0:00,MC18070079,Ice
7/16/2018 0:00,MC18070080,Ice
7/20/2018 0:00,BM18070111,Yo
7/20/2018 0:00,BM18070112,Yo
7/20/2018 0:00,BM18070113,Yo
7/20/2018 0:00,BM18070114,Yo
7/20/2018 0:00,BM18070115,Yo
7/20/2018 0:00,BM18070116,Yo
7/20/2018 0:00,BM18070117,Yo
7/20/2018 0:00,BM18070118,Yo
7/20/2018 0:00,BM18070119,Yo
7/20/2018 0:00,BM18070120,Yo
7/31/2018 0:00,BP18070295,Yo
7/31/2018 0:00,BP18070296,Yo
7/31/2018 0:00,BP18070297,Yo
7/31/2018 0:00,BP18070298,Yo
7/31/2018 0:00,BP18070299,Yo
7/31/2018 0:00,BP18070300,Yo
7/31/2018 0:00,BP18070301,Yo
7/31/2018 0:00,BP18070302,Yo
7/31/2018 0:00,BP18070303,Yo
7/31/2018 0:00,BP18070304,Yo
8/4/2018 0:00,BM18080121,Yo
8/4/2018 0:00,BM18080122,Yo
8/4/2018 0:00,BM18080123,Yo
8/4/2018 0:00,BM18080124,Yo
8/4/2018 0:00,BM18080125,Yo
8/4/2018 0:00,BM18080126,Yo
8/4/2018 0:00,BM18080127,Yo
8/4/2018 0:00,BM18080128,Yo
8/4/2018 0:00,BM18080129,Yo
8/4/2018 0:00,BM18080130,Yo
8/10/2018 0:00,BM18080131,Yo
8/10/2018 0:00,BM18080132,Yo
8/10/2018 0:00,BM18080133,Yo
8/10/2018 0:00,BM18080134,Yo
8/10/2018 0:00,BM18080135,Yo
8/10/2018 0:00,BM18080136,Yo
8/10/2018 0:00,BM18080137,Yo
8/10/2018 0:00,BM18080138,Yo
8/10/2018 0:00,BM18080139,Yo
8/10/2018 0:00,BM18080140,Yo
8/15/2018 0:00,CI1808397,Yo
8/15/2018 0:00,CI1808398,Yo
8/15/2018 0:00,CI1808399,Yo
8/15/2018 0:00,CI1808400,Yo
8/15/2018 0:00,CI1808401,Yo
8/15/2018 0:00,CI1808402,Yo
8/15/2018 0:00,CI1808403,Yo
8/15/2018 0:00,CI1808404,Yo
8/15/2018 0:00,CI1808405,Yo
8/15/2018 0:00,CI1808406,Yo
8/15/2018 0:00,CI1808407,Yo
8/15/2018 0:00,CI1808408,Yo
8/15/2018 0:00,CI1808409,Yo
8/15/2018 0:00,CI1808410,Yo
8/15/2018 0:00,CI1808411,Yo
8/15/2018 0:00,CI1808412,Yo
8/15/2018 0:00,CI1808413,Yo
8/15/2018 0:00,CI1808414,Yo
8/15/2018 0:00,CI1808415,Yo
8/15/2018 0:00,CI1808416,Yo
8/15/2018 0:00,CI1808417,Yo
8/15/2018 0:00,CI1808418,Yo
8/15/2018 0:00,CI1808419,Yo
8/15/2018 0:00,CI1808420,Yo
8/15/2018 0:00,CI1808421,Yo
8/15/2018 0:00,CI1808422,Yo
8/15/2018 0:00,CI1808423,Yo
8/15/2018 0:00,CI1808424,Yo
8/15/2018 0:00,CI1808425,Yo
8/15/2018 0:00,CI1808426,Yo
8/15/2018 0:00,CO1808125,Yo
8/15/2018 0:00,CO1808126,Yo
8/15/2018 0:00,CO1808127,Yo
8/15/2018 0:00,MC18080081,Ice
8/15/2018 0:00,MC18080082,Ice
8/15/2018 0:00,MC18080083,Ice
8/15/2018 0:00,MC18080084,Ice
8/15/2018 0:00,MC18080085,Ice
8/15/2018 0:00,MC18080086,Ice
8/15/2018 0:00,MC18080087,Ice
8/15/2018 0:00,MC18080088,Ice
8/15/2018 0:00,MC18080089,Ice
8/15/2018 0:00,MC18080090,Ice
8/15/2018 0:00,MC18080091,Ice
8/15/2018 0:00,MC18080092,Ice
8/15/2018 0:00,MC18080093,Ice
8/15/2018 0:00,MC18080094,Ice
8/15/2018 0:00,MC18080095,Ice
8/20/2018 0:00,BP18080305,Yo
8/20/2018 0:00,BP18080306,Yo
8/20/2018 0:00,BP18080307,Yo
8/20/2018 0:00,BP18080308,Yo
8/20/2018 0:00,BP18080309,Yo
8/20/2018 0:00,BP18080310,Yo
8/20/2018 0:00,BP18080311,Yo
8/20/2018 0:00,BP18080312,Yo
8/20/2018 0:00,BP18080313,Yo
8/20/2018 0:00,BP18080314,Yo
8/24/2018 0:00,BP18080315,Yo
8/24/2018 0:00,BP18080316,Yo
8/24/2018 0:00,BP18080317,Yo
8/24/2018 0:00,BP18080318,Yo
8/24/2018 0:00,BP18080319,Yo
8/24/2018 0:00,BP18080320,Yo
8/24/2018 0:00,BP18080321,Yo
8/24/2018 0:00,BP18080322,Yo
8/24/2018 0:00,BP18080323,Yo
8/24/2018 0:00,BP18080324,Yo
9/1/2018 0:00,BM18080141,Yo
9/1/2018 0:00,BM18080142,Yo
9/1/2018 0:00,BM18080143,Yo
9/1/2018 0:00,BM18080144,Yo
9/1/2018 0:00,BM18080145,Yo
9/1/2018 0:00,BM18080146,Yo
9/1/2018 0:00,BM18080147,Yo
9/1/2018 0:00,BM18080148,Yo
9/1/2018 0:00,BM18080149,Yo
9/1/2018 0:00,BM18080150,Yo
9/7/2018 0:00,BP18090325,Yo
9/7/2018 0:00,BP18090326,Yo
9/7/2018 0:00,BP18090327,Yo
9/7/2018 0:00,BP18090328,Yo
9/7/2018 0:00,BP18090329,Yo
9/7/2018 0:00,BP18090330,Yo
9/7/2018 0:00,BP18090331,Yo
9/7/2018 0:00,BP18090332,Yo
9/7/2018 0:00,BP18090333,Yo
9/7/2018 0:00,BP18090334,Yo
9/14/2018 0:00,CI1809427,Yo
9/14/2018 0:00,CI1809428,Yo
9/14/2018 0:00,CI1809429,Yo
9/14/2018 0:00,CI1809430,Yo
9/14/2018 0:00,CI1809431,Yo
9/14/2018 0:00,CI1809432,Yo
9/14/2018 0:00,CI1809433,Yo
9/14/2018 0:00,CI1809434,Yo
9/14/2018 0:00,CI1809435,Yo
9/14/2018 0:00,CI1809436,Yo
9/20/2018 0:00,BM18090151,Yo
9/20/2018 0:00,BM18090152,Yo
9/20/2018 0:00,BM18090153,Yo
9/20/2018 0:00,BM18090154,Yo
9/20/2018 0:00,BM18090155,Yo
9/20/2018 0:00,BM18090156,Yo
9/20/2018 0:00,BM18090157,Yo
9/20/2018 0:00,BM18090158,Yo
9/20/2018 0:00,BM18090159,Yo
9/20/2018 0:00,BM18090160,Yo
9/26/2018 0:00,BM18090161,Yo
9/26/2018 0:00,BM18090162,Yo
9/26/2018 0:00,BM18090163,Yo
9/26/2018 0:00,BM18090164,Yo
9/26/2018 0:00,BM18090165,Yo
9/26/2018 0:00,BM18090166,Yo
9/26/2018 0:00,BM18090167,Yo
9/26/2018 0:00,BM18090168,Yo
9/26/2018 0:00,BM18090169,Yo
9/26/2018 0:00,BM18090170,Yo
9/28/2018 0:00,BP18090335,Yo
9/28/2018 0:00,BP18090336,Yo
9/28/2018 0:00,BP18090337,Yo
9/28/2018 0:00,BP18090338,Yo
9/28/2018 0:00,BP18090339,Yo
9/28/2018 0:00,BP18090340,Yo
9/28/2018 0:00,BP18090341,Yo
9/28/2018 0:00,BP18090342,Yo
9/28/2018 0:00,BP18090343,Yo
9/28/2018 0:00,BP18090344,Yo
10/8/2018 0:00,BM18100171,Yo
10/8/2018 0:00,BM18100172,Yo
10/8/2018 0:00,BM18100173,Yo
10/8/2018 0:00,BM18100174,Yo
10/8/2018 0:00,BM18100175,Yo
10/8/2018 0:00,BM18100176,Yo
10/8/2018 0:00,BM18100177,Yo
10/8/2018 0:00,BM18100178,Yo
10/8/2018 0:00,BM18100179,Yo
10/8/2018 0:00,BM18100180,Yo
10/15/2018 0:00,CI1810437,Yo
10/15/2018 0:00,CI1810438,Yo
10/15/2018 0:00,CI1810439,Yo
10/15/2018 0:00,CI1810440,Yo
10/15/2018 0:00,CI1810441,Yo
10/15/2018 0:00,CI1810442,Yo
10/15/2018 0:00,CI1810443,Yo
10/15/2018 0:00,CI1810444,Yo
10/15/2018 0:00,CI1810445,Yo
10/15/2018 0:00,CI1810446,Yo
10/15/2018 0:00,CI1810447,Yo
10/15/2018 0:00,CI1810448,Yo
10/15/2018 0:00,CI1810449,Yo
10/15/2018 0:00,MC18100096,Ice
10/15/2018 0:00,MC18100097,Ice
10/15/2018 0:00,MC18100098,Ice
10/15/2018 0:00,MC18100099,Ice
10/15/2018 0:00,MC18100100,Ice
10/15/2018 0:00,MC18100101,Ice
10/15/2018 0:00,MC18100102,Ice
10/15/2018 0:00,MC18100103,Ice
10/15/2018 0:00,MC18100104,Ice
10/15/2018 0:00,MC18100105,Ice
10/15/2018 0:00,MC18100106,Ice
10/15/2018 0:00,MC18100107,Ice
10/15/2018 0:00,MC18100108,Ice
10/15/2018 0:00,MC18100109,Ice
10/15/2018 0:00,MC18100110,Ice
10/15/2018 0:00,MC18100111,Ice
10/15/2018 0:00,MC18100112,Ice
10/15/2018 0:00,MC18100113,Ice
10/15/2018 0:00,MC18100114,Ice
10/15/2018 0:00,MC18100115,Ice
10/16/2018 0:00,BP18100345,Yo
10/16/2018 0:00,BP18100346,Yo
10/16/2018 0:00,BP18100347,Yo
10/16/2018 0:00,BP18100348,Yo
10/16/2018 0:00,BP18100349,Yo
10/16/2018 0:00,BP18100350,Yo
10/16/2018 0:00,BP18100351,Yo
10/16/2018 0:00,BP18100352,Yo
10/16/2018 0:00,BP18100353,Yo
10/16/2018 0:00,BP18100354,Yo
10/22/2018 0:00,BM18100181,Yo
10/22/2018 0:00,BM18100182,Yo
10/22/2018 0:00,BM18100183,Yo
10/22/2018 0:00,BM18100184,Yo
10/22/2018 0:00,BM18100185,Yo
10/22/2018 0:00,BM18100186,Yo
10/22/2018 0:00,BM18100187,Yo
10/22/2018 0:00,BM18100188,Yo
10/22/2018 0:00,BM18100189,Yo
10/22/2018 0:00,BM18100190,Yo
10/30/2018 0:00,BM18100191,Yo
10/30/2018 0:00,BM18100192,Yo
10/30/2018 0:00,BM18100193,Yo
10/30/2018 0:00,BM18100194,Yo
10/30/2018 0:00,BM18100195,Yo
10/30/2018 0:00,BM18100196,Yo
10/30/2018 0:00,BM18100197,Yo
10/30/2018 0:00,BM18100198,Yo
10/30/2018 0:00,BM18100199,Yo
10/30/2018 0:00,BM18100200,Yo
11/5/2018 0:00,BP18100355,Yo
11/5/2018 0:00,BP18100356,Yo
11/5/2018 0:00,BP18100357,Yo
11/5/2018 0:00,BP18100358,Yo
11/5/2018 0:00,BP18100359,Yo
11/5/2018 0:00,BP18100360,Yo
11/5/2018 0:00,BP18100361,Yo
11/5/2018 0:00,BP18100362,Yo
11/5/2018 0:00,BP18100363,Yo
11/5/2018 0:00,BP18100364,Yo
11/8/2018 0:00,BM18110201,Yo
11/8/2018 0:00,BM18110202,Yo
11/8/2018 0:00,BM18110203,Yo
11/8/2018 0:00,BM18110204,Yo
11/8/2018 0:00,BM18110205,Yo
11/8/2018 0:00,BM18110206,Yo
11/8/2018 0:00,BM18110207,Yo
11/8/2018 0:00,BM18110208,Yo
11/8/2018 0:00,BM18110209,Yo
11/8/2018 0:00,BM18110210,Yo
11/14/2018 0:00,BP18110365,Yo
11/14/2018 0:00,BP18110366,Yo
11/14/2018 0:00,BP18110367,Yo
11/14/2018 0:00,BP18110368,Yo
11/14/2018 0:00,BP18110369,Yo
11/14/2018 0:00,BP18110370,Yo
11/14/2018 0:00,BP18110371,Yo
11/14/2018 0:00,BP18110372,Yo
11/14/2018 0:00,BP18110373,Yo
11/14/2018 0:00,BP18110374,Yo
11/15/2018 0:00,CI1811450,Yo
11/15/2018 0:00,CI1811451,Yo
11/15/2018 0:00,CI1811452,Yo
11/15/2018 0:00,CI1811453,Yo
11/15/2018 0:00,CI1811454,Yo
11/15/2018 0:00,CI1811455,Yo
11/15/2018 0:00,CI1811456,Yo
11/15/2018 0:00,CI1811457,Yo
11/15/2018 0:00,CI1811458,Yo
11/15/2018 0:00,CI1811459,Yo
11/15/2018 0:00,CI1811460,Yo
11/15/2018 0:00,CI1811461,Yo
11/15/2018 0:00,CI1811462,Yo
11/15/2018 0:00,CI1811463,Yo
11/15/2018 0:00,CI1811464,Yo
11/15/2018 0:00,CI1811465,Yo
11/15/2018 0:00,CI1811466,Yo
11/15/2018 0:00,CI1811467,Yo
11/15/2018 0:00,CI1811468,Yo
11/15/2018 0:00,CI1811469,Yo
11/15/2018 0:00,CO1811128,Yo
11/15/2018 0:00,CO1811129,Yo
11/15/2018 0:00,CO1811130,Yo
11/15/2018 0:00,MC18110116,Ice
11/15/2018 0:00,MC18110117,Ice
11/15/2018 0:00,MC18110118,Ice
11/15/2018 0:00,MC18110119,Ice
11/15/2018 0:00,MC18110120,Ice
11/15/2018 0:00,MC18110121,Ice
11/15/2018 0:00,MC18110122,Ice
11/15/2018 0:00,MC18110123,Ice
11/15/2018 0:00,MC18110124,Ice
11/15/2018 0:00,MC18110125,Ice
11/15/2018 0:00,MC18110126,Ice
11/15/2018 0:00,MC18110127,Ice
11/15/2018 0:00,MC18110128,Ice
11/15/2018 0:00,MC18110129,Ice
11/15/2018 0:00,MC18110130,Ice
11/15/2018 0:00,MC18110131,Ice
11/15/2018 0:00,MC18110132,Ice
11/15/2018 0:00,MC18110133,Ice
11/15/2018 0:00,MC18110134,Ice
11/15/2018 0:00,MC18110135,Ice
11/15/2018 0:00,MC18110136,Ice
11/15/2018 0:00,MC18110137,Ice
11/15/2018 0:00,MC18110138,Ice
11/15/2018 0:00,MC18110139,Ice
11/15/2018 0:00,MC18110140,Ice
11/15/2018 0:00,MC18110141,Ice
11/15/2018 0:00,MC18110142,Ice
11/15/2018 0:00,MC18110143,Ice
11/15/2018 0:00,MC18110144,Ice
11/15/2018 0:00,MC18110145,Ice
11/15/2018 0:00,MC18110146,Ice
11/15/2018 0:00,MC18110147,Ice
11/15/2018 0:00,MC18110148,Ice
11/15/2018 0:00,MC18110149,Ice
11/15/2018 0:00,MC18110150,Ice
11/20/2018 0:00,BM18110211,Yo
11/20/2018 0:00,BM18110212,Yo
11/20/2018 0:00,BM18110213,Yo
11/20/2018 0:00,BM18110214,Yo
11/20/2018 0:00,BM18110215,Yo
11/20/2018 0:00,BM18110216,Yo
11/20/2018 0:00,BM18110217,Yo
11/20/2018 0:00,BM18110218,Yo
11/20/2018 0:00,BM18110219,Yo
11/20/2018 0:00,BM18110220,Yo
11/23/2018 0:00,BP18110375,Yo
11/23/2018 0:00,BP18110376,Yo
11/23/2018 0:00,BP18110377,Yo
11/23/2018 0:00,BP18110378,Yo
11/23/2018 0:00,BP18110379,Yo
11/23/2018 0:00,BP18110380,Yo
11/23/2018 0:00,BP18110381,Yo
11/23/2018 0:00,BP18110382,Yo
11/23/2018 0:00,BP18110383,Yo
11/23/2018 0:00,BP18110384,Yo
11/29/2018 0:00,BM18110221,Yo
11/29/2018 0:00,BM18110222,Yo
11/29/2018 0:00,BM18110223,Yo
11/29/2018 0:00,BM18110224,Yo
11/29/2018 0:00,BM18110225,Yo
11/29/2018 0:00,BM18110226,Yo
11/29/2018 0:00,BM18110227,Yo
11/29/2018 0:00,BM18110228,Yo
11/29/2018 0:00,BM18110229,Yo
11/29/2018 0:00,BM18110230,Yo
12/6/2018 0:00,BP18120385,Yo
12/6/2018 0:00,BP18120386,Yo
12/6/2018 0:00,BP18120387,Yo
12/6/2018 0:00,BP18120388,Yo
12/6/2018 0:00,BP18120389,Yo
12/6/2018 0:00,BP18120390,Yo
12/6/2018 0:00,BP18120391,Yo
12/6/2018 0:00,BP18120392,Yo
12/6/2018 0:00,BP18120393,Yo
12/6/2018 0:00,BP18120394,Yo
12/14/2018 0:00,CI1812470,Yo
12/14/2018 0:00,CI1812471,Yo
12/14/2018 0:00,CI1812472,Yo
12/14/2018 0:00,CI1812473,Yo
12/14/2018 0:00,CI1812474,Yo
12/14/2018 0:00,CI1812475,Yo
12/14/2018 0:00,CI1812476,Yo
12/14/2018 0:00,CI1812477,Yo
12/14/2018 0:00,CI1812478,Yo
12/14/2018 0:00,CI1812479,Yo
12/14/2018 0:00,CO1812131,Yo
12/14/2018 0:00,CO1812132,Yo
12/17/2018 0:00,BP18120395,Yo
12/17/2018 0:00,BP18120396,Yo
12/17/2018 0:00,BP18120397,Yo
12/17/2018 0:00,BP18120398,Yo
12/17/2018 0:00,BP18120399,Yo
12/17/2018 0:00,BP18120400,Yo
12/17/2018 0:00,BP18120401,Yo
12/17/2018 0:00,BP18120402,Yo
12/17/2018 0:00,BP18120403,Yo
12/17/2018 0:00,BP18120404,Yo
1/5/2019 0:00,BM18120231,Yo
1/5/2019 0:00,BM18120232,Yo
1/5/2019 0:00,BM18120233,Yo
1/5/2019 0:00,BM18120234,Yo
1/5/2019 0:00,BM18120235,Yo
1/5/2019 0:00,BM18120236,Yo
1/5/2019 0:00,BM18120237,Yo
1/5/2019 0:00,BM18120238,Yo
1/5/2019 0:00,BM18120239,Yo
1/5/2019 0:00,BM18120240,Yo
1/15/2019 0:00,CI1901480,Yo
1/15/2019 0:00,CI1901481,Yo
1/15/2019 0:00,CI1901482,Yo
1/15/2019 0:00,CI1901483,Yo
1/15/2019 0:00,CI1901484,Yo
1/15/2019 0:00,CI1901485,Yo
1/15/2019 0:00,CI1901486,Yo
1/15/2019 0:00,CI1901487,Yo
1/15/2019 0:00,CI1901488,Yo
1/15/2019 0:00,CI1901489,Yo
1/15/2019 0:00,CO1901133,Yo
1/15/2019 0:00,CO1901134,Yo
1/15/2019 0:00,MC19020151,Ice
1/15/2019 0:00,MC19020152,Ice
1/15/2019 0:00,MC19020153,Ice
1/15/2019 0:00,MC19020154,Ice
1/15/2019 0:00,MC19020155,Ice
1/15/2019 0:00,MC19020156,Ice
1/15/2019 0:00,MC19020157,Ice
1/15/2019 0:00,MC19020158,Ice
1/15/2019 0:00,MC19020159,Ice
1/15/2019 0:00,MC19020160,Ice
1/15/2019 0:00,MC19020161,Ice
1/15/2019 0:00,MC19020162,Ice
1/15/2019 0:00,MC19020163,Ice
1/15/2019 0:00,MC19020164,Ice
1/15/2019 0:00,MC19020165,Ice
1/15/2019 0:00,MC19020166,Ice
1/15/2019 0:00,MC19020167,Ice
1/15/2019 0:00,MC19020168,Ice
1/15/2019 0:00,MC19020169,Ice
1/15/2019 0:00,MC19020170,Ice
1/15/2019 0:00,MC19020171,Ice
1/15/2019 0:00,MC19020172,Ice
1/15/2019 0:00,MC19020173,Ice
1/15/2019 0:00,MC19020174,Ice
1/15/2019 0:00,MC19020175,Ice
1/15/2019 0:00,MC19020176,Ice
1/15/2019 0:00,MC19020177,Ice
1/15/2019 0:00,MC19020178,Ice
1/15/2019 0:00,MC19020179,Ice
1/15/2019 0:00,MC19020180,Ice
1/17/2019 0:00,BP19010405,Yo
1/17/2019 0:00,BP19010406,Yo
1/17/2019 0:00,BP19010407,Yo
1/17/2019 0:00,BP19010408,Yo
1/17/2019 0:00,BP19010409,Yo
1/17/2019 0:00,BP19010410,Yo
1/17/2019 0:00,BP19010411,Yo
1/17/2019 0:00,BP19010412,Yo
1/17/2019 0:00,BP19010413,Yo
1/17/2019 0:00,BP19010414,Yo
1/25/2019 0:00,BM19010241,Yo
1/25/2019 0:00,BM19010242,Yo
1/25/2019 0:00,BM19010243,Yo
1/25/2019 0:00,BM19010244,Yo
1/25/2019 0:00,BM19010245,Yo
1/25/2019 0:00,BM19010246,Yo
1/25/2019 0:00,BM19010247,Yo
1/25/2019 0:00,BM19010248,Yo
1/25/2019 0:00,BM19010249,Yo
1/25/2019 0:00,BM19010250,Yo
2/4/2019 0:00,BP19020415,Yo
2/4/2019 0:00,BP19020416,Yo
2/4/2019 0:00,BP19020417,Yo
2/4/2019 0:00,BP19020418,Yo
2/4/2019 0:00,BP19020419,Yo
2/4/2019 0:00,BP19020420,Yo
2/4/2019 0:00,BP19020421,Yo
2/4/2019 0:00,BP19020422,Yo
2/4/2019 0:00,BP19020423,Yo
2/4/2019 0:00,BP19020424,Yo
2/5/2019 0:00,BM19020251,Yo
2/5/2019 0:00,BM19020252,Yo
2/5/2019 0:00,BM19020253,Yo
2/5/2019 0:00,BM19020254,Yo
2/5/2019 0:00,BM19020255,Yo
2/5/2019 0:00,BM19020256,Yo
2/5/2019 0:00,BM19020257,Yo
2/5/2019 0:00,BM19020258,Yo
2/5/2019 0:00,BM19020259,Yo
2/5/2019 0:00,BM19020260,Yo
2/7/2019 0:00,BM19020261,Yo
2/7/2019 0:00,BM19020262,Yo
2/7/2019 0:00,BM19020263,Yo
2/7/2019 0:00,BM19020264,Yo
2/7/2019 0:00,BM19020265,Yo
2/7/2019 0:00,BM19020266,Yo
2/7/2019 0:00,BM19020267,Yo
2/7/2019 0:00,BM19020268,Yo
2/7/2019 0:00,BM19020269,Yo
2/7/2019 0:00,BM19020270,Yo
2/13/2019 0:00,BP19020425,Yo
2/13/2019 0:00,BP19020426,Yo
2/13/2019 0:00,BP19020427,Yo
2/13/2019 0:00,BP19020428,Yo
2/13/2019 0:00,BP19020429,Yo
2/13/2019 0:00,BP19020430,Yo
2/13/2019 0:00,BP19020431,Yo
2/13/2019 0:00,BP19020432,Yo
2/13/2019 0:00,BP19020433,Yo
2/13/2019 0:00,BP19020434,Yo
2/15/2019 0:00,CI1902490,Yo
2/15/2019 0:00,CI1902491,Yo
2/15/2019 0:00,CI1902492,Yo
2/15/2019 0:00,CI1902493,Yo
2/15/2019 0:00,CI1902494,Yo
2/15/2019 0:00,CI1902495,Yo
2/15/2019 0:00,CI1902496,Yo
2/15/2019 0:00,CI1902497,Yo
2/15/2019 0:00,CI1902498,Yo
2/15/2019 0:00,CI1902499,Yo
2/23/2019 0:00,BM19020271,Yo
2/23/2019 0:00,BM19020272,Yo
2/23/2019 0:00,BM19020273,Yo
2/23/2019 0:00,BM19020274,Yo
2/23/2019 0:00,BM19020275,Yo
2/23/2019 0:00,BM19020276,Yo
2/23/2019 0:00,BM19020277,Yo
2/23/2019 0:00,BM19020278,Yo
2/23/2019 0:00,BM19020279,Yo
2/23/2019 0:00,BM19020280,Yo
3/1/2019 0:00,BP19030435,Yo
3/1/2019 0:00,BP19030436,Yo
3/1/2019 0:00,BP19030437,Yo
3/1/2019 0:00,BP19030438,Yo
3/1/2019 0:00,BP19030439,Yo
3/1/2019 0:00,BP19030440,Yo
3/1/2019 0:00,BP19030441,Yo
3/1/2019 0:00,BP19030442,Yo
3/1/2019 0:00,BP19030443,Yo
3/1/2019 0:00,BP19030444,Yo
3/7/2019 0:00,BM19030281,Yo
3/7/2019 0:00,BM19030282,Yo
3/7/2019 0:00,BM19030283,Yo
3/7/2019 0:00,BM19030284,Yo
3/7/2019 0:00,BM19030285,Yo
3/7/2019 0:00,BM19030286,Yo
3/7/2019 0:00,BM19030287,Yo
3/7/2019 0:00,BM19030288,Yo
3/7/2019 0:00,BM19030289,Yo
3/7/2019 0:00,BM19030290,Yo
3/9/2019 0:00,BM19030291,Yo
3/9/2019 0:00,BM19030292,Yo
3/9/2019 0:00,BM19030293,Yo
3/9/2019 0:00,BM19030294,Yo
3/9/2019 0:00,BM19030295,Yo
3/9/2019 0:00,BM19030296,Yo
3/9/2019 0:00,BM19030297,Yo
3/9/2019 0:00,BM19030298,Yo
3/9/2019 0:00,BM19030299,Yo
3/9/2019 0:00,BM19030300,Yo
3/14/2019 0:00,BP19030445,Yo
3/14/2019 0:00,BP19030446,Yo
3/14/2019 0:00,BP19030447,Yo
3/14/2019 0:00,BP19030448,Yo
3/14/2019 0:00,BP19030449,Yo
3/14/2019 0:00,BP19030450,Yo
3/14/2019 0:00,BP19030451,Yo
3/14/2019 0:00,BP19030452,Yo
3/14/2019 0:00,BP19030453,Yo
3/14/2019 0:00,BP19030454,Yo
3/15/2019 0:00,CI1903500,Yo
3/15/2019 0:00,CI1903501,Yo
3/15/2019 0:00,CI1903502,Yo
3/15/2019 0:00,CI1903503,Yo
3/15/2019 0:00,CI1903504,Yo
3/15/2019 0:00,CI1903505,Yo
3/15/2019 0:00,CI1903506,Yo
3/15/2019 0:00,CI1903507,Yo
3/15/2019 0:00,CI1903508,Yo
3/15/2019 0:00,CI1903509,Yo
3/15/2019 0:00,CI1903510,Yo
3/15/2019 0:00,CI1903511,Yo
3/15/2019 0:00,CI1903512,Yo
3/15/2019 0:00,CI1903513,Yo
3/15/2019 0:00,CI1903514,Yo
3/15/2019 0:00,CI1903515,Yo
3/15/2019 0:00,CI1903516,Yo
3/15/2019 0:00,CI1903517,Yo
3/15/2019 0:00,CI1903518,Yo
3/15/2019 0:00,CI1903519,Yo
3/15/2019 0:00,CI1903520,Yo
3/15/2019 0:00,CO1903135,Yo
3/15/2019 0:00,MC19030181,Ice
3/15/2019 0:00,MC19030182,Ice
3/15/2019 0:00,MC19030183,Ice
3/15/2019 0:00,MC19030184,Ice
3/15/2019 0:00,MC19030185,Ice
3/15/2019 0:00,MC19030186,Ice
3/15/2019 0:00,MC19030187,Ice
3/15/2019 0:00,MC19030188,Ice
3/15/2019 0:00,MC19030189,Ice
3/15/2019 0:00,MC19030190,Ice
3/15/2019 0:00,MC19030191,Ice
3/15/2019 0:00,MC19030192,Ice
3/15/2019 0:00,MC19030193,Ice
3/15/2019 0:00,MC19030194,Ice
3/15/2019 0:00,MC19030195,Ice
3/15/2019 0:00,MC19030196,Ice
3/15/2019 0:00,MC19030197,Ice
3/15/2019 0:00,MC19030198,Ice
3/15/2019 0:00,MC19030199,Ice
3/15/2019 0:00,MC19030200,Ice
3/27/2019 0:00,BP19030455,Yo
3/27/2019 0:00,BP19030456,Yo
3/27/2019 0:00,BP19030457,Yo
3/27/2019 0:00,BP19030458,Yo
3/27/2019 0:00,BP19030459,Yo
3/27/2019 0:00,BP19030460,Yo
3/27/2019 0:00,BP19030461,Yo
3/27/2019 0:00,BP19030462,Yo
3/27/2019 0:00,BP19030463,Yo
3/27/2019 0:00,BP19030464,Yo
3/29/2019 0:00,BM19030301,Yo
3/29/2019 0:00,BM19030302,Yo
3/29/2019 0:00,BM19030303,Yo
3/29/2019 0:00,BM19030304,Yo
3/29/2019 0:00,BM19030305,Yo
3/29/2019 0:00,BM19030306,Yo
3/29/2019 0:00,BM19030307,Yo
3/29/2019 0:00,BM19030308,Yo
3/29/2019 0:00,BM19030309,Yo
3/29/2019 0:00,BM19030310,Yo
4/3/2019 0:00,BM19040311,Yo
4/3/2019 0:00,BM19040312,Yo
4/3/2019 0:00,BM19040313,Yo
4/3/2019 0:00,BM19040314,Yo
4/3/2019 0:00,BM19040315,Yo
4/3/2019 0:00,BM19040316,Yo
4/3/2019 0:00,BM19040317,Yo
4/3/2019 0:00,BM19040318,Yo
4/3/2019 0:00,BM19040319,Yo
4/3/2019 0:00,BM19040320,Yo
4/4/2019 0:00,BP19040465,Yo
4/4/2019 0:00,BP19040466,Yo
4/4/2019 0:00,BP19040467,Yo
4/4/2019 0:00,BP19040468,Yo
4/4/2019 0:00,BP19040469,Yo
4/4/2019 0:00,BP19040470,Yo
4/4/2019 0:00,BP19040471,Yo
4/4/2019 0:00,BP19040472,Yo
4/4/2019 0:00,BP19040473,Yo
4/4/2019 0:00,BP19040474,Yo
4/15/2019 0:00,CI1904521,Yo
4/15/2019 0:00,CI1904522,Yo
4/15/2019 0:00,CI1904523,Yo
4/15/2019 0:00,CI1904524,Yo
4/15/2019 0:00,CI1904525,Yo
4/15/2019 0:00,CI1904526,Yo
4/15/2019 0:00,CI1904527,Yo
4/15/2019 0:00,CI1904528,Yo
4/15/2019 0:00,CI1904529,Yo
4/15/2019 0:00,CI1904530,Yo
4/15/2019 0:00,CI1904531,Yo
4/15/2019 0:00,CI1904532,Yo
4/15/2019 0:00,CI1904533,Yo
4/15/2019 0:00,CI1904534,Yo
4/15/2019 0:00,CI1904535,Yo
4/15/2019 0:00,CI1904536,Yo
4/15/2019 0:00,CI1904537,Yo
4/15/2019 0:00,CI1904538,Yo
4/15/2019 0:00,CI1904539,Yo
4/15/2019 0:00,CI1904540,Yo
4/15/2019 0:00,CO1904136,Yo
4/23/2019 0:00,BP19040475,Yo
4/23/2019 0:00,BP19040476,Yo
4/23/2019 0:00,BP19040477,Yo
4/23/2019 0:00,BP19040478,Yo
4/23/2019 0:00,BP19040479,Yo
4/23/2019 0:00,BP19040480,Yo
4/23/2019 0:00,BP19040481,Yo
4/23/2019 0:00,BP19040482,Yo
4/23/2019 0:00,BP19040483,Yo
4/23/2019 0:00,BP19040484,Yo
4/27/2019 0:00,BM19040321,Yo
4/27/2019 0:00,BM19040322,Yo
4/27/2019 0:00,BM19040323,Yo
4/27/2019 0:00,BM19040324,Yo
4/27/2019 0:00,BM19040325,Yo
4/27/2019 0:00,BM19040326,Yo
4/27/2019 0:00,BM19040327,Yo
4/27/2019 0:00,BM19040328,Yo
4/27/2019 0:00,BM19040329,Yo
4/27/2019 0:00,BM19040330,Yo
5/3/2019 0:00,BM19050331,Yo
5/3/2019 0:00,BM19050332,Yo
5/3/2019 0:00,BM19050333,Yo
5/3/2019 0:00,BM19050334,Yo
5/3/2019 0:00,BM19050335,Yo
5/3/2019 0:00,BM19050336,Yo
5/3/2019 0:00,BM19050337,Yo
5/3/2019 0:00,BM19050338,Yo
5/3/2019 0:00,BM19050339,Yo
5/3/2019 0:00,BM19050340,Yo
5/10/2019 0:00,BP19050485,Yo
5/10/2019 0:00,BP19050486,Yo
5/10/2019 0:00,BP19050487,Yo
5/10/2019 0:00,BP19050488,Yo
5/10/2019 0:00,BP19050489,Yo
5/10/2019 0:00,BP19050490,Yo
5/10/2019 0:00,BP19050491,Yo
5/10/2019 0:00,BP19050492,Yo
5/10/2019 0:00,BP19050493,Yo
5/10/2019 0:00,BP19050494,Yo
5/15/2019 0:00,CI1905541,Yo
5/15/2019 0:00,CI1905542,Yo
5/15/2019 0:00,CI1905543,Yo
5/15/2019 0:00,CI1905544,Yo
5/15/2019 0:00,CI1905545,Yo
5/15/2019 0:00,CI1905546,Yo
5/15/2019 0:00,CI1905547,Yo
5/15/2019 0:00,CI1905548,Yo
5/15/2019 0:00,CO1905137,Yo
5/15/2019 0:00,CO1905138,Yo
5/15/2019 0:00,MC19050201,Ice
5/15/2019 0:00,MC19050202,Ice
5/15/2019 0:00,MC19050203,Ice
5/15/2019 0:00,MC19050204,Ice
5/15/2019 0:00,MC19050205,Ice
5/15/2019 0:00,MC19050206,Ice
5/15/2019 0:00,MC19050207,Ice
5/15/2019 0:00,MC19050208,Ice
5/15/2019 0:00,MC19050209,Ice
5/15/2019 0:00,MC19050210,Ice
5/15/2019 0:00,MC19050211,Ice
5/15/2019 0:00,MC19050212,Ice
5/15/2019 0:00,MC19050213,Ice
5/15/2019 0:00,MC19050214,Ice
5/15/2019 0:00,MC19050215,Ice
5/15/2019 0:00,MC19050216,Ice
5/15/2019 0:00,MC19050217,Ice
5/15/2019 0:00,MC19050218,Ice
5/15/2019 0:00,MC19050219,Ice
5/15/2019 0:00,MC19050220,Ice
5/17/2019 0:00,BM19050341,Yo
5/17/2019 0:00,BM19050342,Yo
5/17/2019 0:00,BM19050343,Yo
5/17/2019 0:00,BM19050344,Yo
5/17/2019 0:00,BM19050345,Yo
5/17/2019 0:00,BM19050346,Yo
5/17/2019 0:00,BM19050347,Yo
5/17/2019 0:00,BM19050348,Yo
5/17/2019 0:00,BM19050349,Yo
5/17/2019 0:00,BM19050350,Yo
5/25/2019 0:00,BP19050495,Yo
5/25/2019 0:00,BP19050496,Yo
5/25/2019 0:00,BP19050497,Yo
5/25/2019 0:00,BP19050498,Yo
5/25/2019 0:00,BP19050499,Yo
5/25/2019 0:00,BP19050500,Yo
5/25/2019 0:00,BP19050501,Yo
5/25/2019 0:00,BP19050502,Yo
5/25/2019 0:00,BP19050503,Yo
5/25/2019 0:00,BP19050504,Yo
5/31/2019 0:00,BP19050505,Yo
5/31/2019 0:00,BP19050506,Yo
5/31/2019 0:00,BP19050507,Yo
5/31/2019 0:00,BP19050508,Yo
5/31/2019 0:00,BP19050509,Yo
5/31/2019 0:00,BP19050510,Yo
5/31/2019 0:00,BP19050511,Yo
5/31/2019 0:00,BP19050512,Yo
5/31/2019 0:00,BP19050513,Yo
5/31/2019 0:00,BP19050514,Yo
6/7/2019 0:00,BM19060351,Yo
6/7/2019 0:00,BM19060352,Yo
6/7/2019 0:00,BM19060353,Yo
6/7/2019 0:00,BM19060354,Yo
6/7/2019 0:00,BM19060355,Yo
6/7/2019 0:00,BM19060356,Yo
6/7/2019 0:00,BM19060357,Yo
6/7/2019 0:00,BM19060358,Yo
6/7/2019 0:00,BM19060359,Yo
6/7/2019 0:00,BM19060360,Yo
6/12/2019 0:00,BP19060515,Yo
6/12/2019 0:00,BP19060516,Yo
6/12/2019 0:00,BP19060517,Yo
6/12/2019 0:00,BP19060518,Yo
6/12/2019 0:00,BP19060519,Yo
6/12/2019 0:00,BP19060520,Yo
6/12/2019 0:00,BP19060521,Yo
6/12/2019 0:00,BP19060522,Yo
6/12/2019 0:00,BP19060523,Yo
6/12/2019 0:00,BP19060524,Yo
6/14/2019 0:00,CI1906549,Yo
6/14/2019 0:00,CI1906550,Yo
6/14/2019 0:00,CI1906551,Yo
6/14/2019 0:00,CI1906552,Yo
6/14/2019 0:00,CI1906553,Yo
6/14/2019 0:00,CI1906554,Yo
6/14/2019 0:00,CI1906555,Yo
6/14/2019 0:00,CI1906556,Yo
6/14/2019 0:00,CI1906557,Yo
6/14/2019 0:00,CI1906558,Yo
6/14/2019 0:00,CI1906559,Yo
6/14/2019 0:00,CI1906560,Yo
6/14/2019 0:00,CI1906561,Yo
6/14/2019 0:00,CI1906562,Yo
6/14/2019 0:00,CI1906563,Yo
6/14/2019 0:00,CI1906564,Yo
6/17/2019 0:00,MC19060221,Ice
6/17/2019 0:00,MC19060222,Ice
6/17/2019 0:00,MC19060223,Ice
6/17/2019 0:00,MC19060224,Ice
6/17/2019 0:00,MC19060225,Ice
6/17/2019 0:00,MC19060226,Ice
6/17/2019 0:00,MC19060227,Ice
6/17/2019 0:00,MC19060228,Ice
6/17/2019 0:00,MC19060229,Ice
6/17/2019 0:00,MC19060230,Ice
6/17/2019 0:00,MC19060231,Ice
6/17/2019 0:00,MC19060232,Ice
6/17/2019 0:00,MC19060233,Ice
6/17/2019 0:00,MC19060234,Ice
6/17/2019 0:00,MC19060235,Ice
6/17/2019 0:00,MC19060236,Ice
6/17/2019 0:00,MC19060237,Ice
6/17/2019 0:00,MC19060238,Ice
6/17/2019 0:00,MC19060239,Ice
6/17/2019 0:00,MC19060240,Ice
6/17/2019 0:00,MC19060241,Ice
6/21/2019 0:00,BM19060361,Yo
6/21/2019 0:00,BM19060362,Yo
6/21/2019 0:00,BM19060363,Yo
6/21/2019 0:00,BM19060364,Yo
6/21/2019 0:00,BM19060365,Yo
6/21/2019 0:00,BM19060366,Yo
6/21/2019 0:00,BM19060367,Yo
6/21/2019 0:00,BM19060368,Yo
6/21/2019 0:00,BM19060369,Yo
6/21/2019 0:00,BM19060370,Yo
6/29/2019 0:00,BP19060525,Yo
6/29/2019 0:00,BP19060526,Yo
6/29/2019 0:00,BP19060527,Yo
6/29/2019 0:00,BP19060528,Yo
6/29/2019 0:00,BP19060529,Yo
6/29/2019 0:00,BP19060530,Yo
6/29/2019 0:00,BP19060531,Yo
6/29/2019 0:00,BP19060532,Yo
6/29/2019 0:00,BP19060533,Yo
6/29/2019 0:00,BP19060534,Yo
7/6/2019 0:00,BM19070371,Yo
7/6/2019 0:00,BM19070372,Yo
7/6/2019 0:00,BM19070373,Yo
7/6/2019 0:00,BM19070374,Yo
7/6/2019 0:00,BM19070375,Yo
7/6/2019 0:00,BM19070376,Yo
7/6/2019 0:00,BM19070377,Yo
7/6/2019 0:00,BM19070378,Yo
7/6/2019 0:00,BM19070379,Yo
7/6/2019 0:00,BM19070380,Yo
7/15/2019 0:00,CI1907565,Yo
7/15/2019 0:00,CI1907566,Yo
7/15/2019 0:00,CI1907567,Yo
7/15/2019 0:00,CI1907568,Yo
7/15/2019 0:00,CI1907569,Yo
7/15/2019 0:00,CI1907570,Yo
7/15/2019 0:00,CI1907571,Yo
7/15/2019 0:00,CI1907572,Yo
7/15/2019 0:00,CI1907573,Yo
7/15/2019 0:00,CI1907574,Yo
7/15/2019 0:00,CI1907575,Yo
7/15/2019 0:00,CI1907576,Yo
7/15/2019 0:00,CI1907577,Yo
7/15/2019 0:00,CI1907578,Yo
7/15/2019 0:00,CI1907579,Yo
7/15/2019 0:00,CI1907580,Yo
7/15/2019 0:00,CI1907581,Yo
7/15/2019 0:00,CI1907582,Yo
7/15/2019 0:00,CI1907583,Yo
7/15/2019 0:00,CI1907584,Yo
7/15/2019 0:00,CI1907585,Yo
7/15/2019 0:00,CI1907586,Yo
7/15/2019 0:00,CI1907587,Yo
7/15/2019 0:00,CI1907588,Yo
7/15/2019 0:00,CI1907589,Yo
7/15/2019 0:00,CI1907590,Yo
7/15/2019 0:00,CI1907591,Yo
7/15/2019 0:00,CI1907592,Yo
7/15/2019 0:00,CI1907593,Yo
7/15/2019 0:00,CI1907594,Yo
7/15/2019 0:00,CI1907595,Yo
7/15/2019 0:00,CI1907596,Yo
7/15/2019 0:00,CI1907597,Yo
7/15/2019 0:00,CI1907598,Yo
7/15/2019 0:00,CI1907599,Yo
7/15/2019 0:00,CI1907600,Yo
7/15/2019 0:00,CI1907601,Yo
7/15/2019 0:00,CI1907602,Yo
7/15/2019 0:00,CI1907603,Yo
7/15/2019 0:00,CI1907604,Yo
7/15/2019 0:00,CO1907139,Yo
7/15/2019 0:00,CO1907140,Yo
7/15/2019 0:00,CO1907141,Yo
7/15/2019 0:00,CO1907142,Yo
7/15/2019 0:00,MC19070242,Ice
7/15/2019 0:00,MC19070243,Ice
7/15/2019 0:00,MC19070244,Ice
7/15/2019 0:00,MC19070245,Ice
7/15/2019 0:00,MC19070246,Ice
7/15/2019 0:00,MC19070247,Ice
7/15/2019 0:00,MC19070248,Ice
7/15/2019 0:00,MC19070249,Ice
7/15/2019 0:00,MC19070250,Ice
7/15/2019 0:00,MC19070251,Ice
7/15/2019 0:00,MC19070252,Ice
7/15/2019 0:00,MC19070253,Ice
7/15/2019 0:00,MC19070254,Ice
7/15/2019 0:00,MC19070255,Ice
7/15/2019 0:00,MC19070256,Ice
7/15/2019 0:00,MC19070257,Ice
7/15/2019 0:00,MC19070258,Ice
7/15/2019 0:00,MC19070259,Ice
7/15/2019 0:00,MC19070260,Ice
7/15/2019 0:00,MC19070261,Ice
7/15/2019 0:00,MC19070262,Ice
7/15/2019 0:00,MC19070263,Ice
7/15/2019 0:00,MC19070264,Ice
7/15/2019 0:00,MC19070265,Ice
7/15/2019 0:00,MC19070266,Ice
7/15/2019 0:00,MC19070267,Ice
7/15/2019 0:00,MC19070268,Ice
7/15/2019 0:00,MC19070269,Ice
7/15/2019 0:00,MC19070270,Ice
7/15/2019 0:00,MC19070271,Ice
7/18/2019 0:00,BP19070535,Yo
7/18/2019 0:00,BP19070536,Yo
7/18/2019 0:00,BP19070537,Yo
7/18/2019 0:00,BP19070538,Yo
7/18/2019 0:00,BP19070539,Yo
7/18/2019 0:00,BP19070540,Yo
7/18/2019 0:00,BP19070541,Yo
7/18/2019 0:00,BP19070542,Yo
7/18/2019 0:00,BP19070543,Yo
7/18/2019 0:00,BP19070544,Yo
7/26/2019 0:00,BP19070545,Yo
7/26/2019 0:00,BP19070546,Yo
7/26/2019 0:00,BP19070547,Yo
7/26/2019 0:00,BP19070548,Yo
7/26/2019 0:00,BP19070549,Yo
7/26/2019 0:00,BP19070550,Yo
7/26/2019 0:00,BP19070551,Yo
7/26/2019 0:00,BP19070552,Yo
7/26/2019 0:00,BP19070553,Yo
7/26/2019 0:00,BP19070554,Yo
8/5/2019 0:00,BP19070555,Yo
8/5/2019 0:00,BP19070556,Yo
8/5/2019 0:00,BP19070557,Yo
8/5/2019 0:00,BP19070558,Yo
8/5/2019 0:00,BP19070559,Yo
8/5/2019 0:00,BP19070560,Yo
8/5/2019 0:00,BP19070561,Yo
8/5/2019 0:00,BP19070562,Yo
8/5/2019 0:00,BP19070563,Yo
8/5/2019 0:00,BP19070564,Yo
8/9/2019 0:00,BM19080381,Yo
8/9/2019 0:00,BM19080382,Yo
8/9/2019 0:00,BM19080383,Yo
8/9/2019 0:00,BM19080384,Yo
8/9/2019 0:00,BM19080385,Yo
8/9/2019 0:00,BM19080386,Yo
8/9/2019 0:00,BM19080387,Yo
8/9/2019 0:00,BM19080388,Yo
8/9/2019 0:00,BM19080389,Yo
8/9/2019 0:00,BM19080390,Yo
8/15/2019 0:00,CI1908605,Yo
8/15/2019 0:00,CI1908606,Yo
8/15/2019 0:00,CI1908607,Yo
8/15/2019 0:00,CI1908608,Yo
8/15/2019 0:00,CI1908609,Yo
8/15/2019 0:00,CI1908610,Yo
8/15/2019 0:00,CI1908611,Yo
8/15/2019 0:00,CI1908612,Yo
8/15/2019 0:00,CI1908613,Yo
8/15/2019 0:00,CI1908614,Yo
8/15/2019 0:00,CO1908143,Yo
8/15/2019 0:00,CO1908144,Yo
8/15/2019 0:00,MC19080272,Ice
8/15/2019 0:00,MC19080273,Ice
8/15/2019 0:00,MC19080274,Ice
8/15/2019 0:00,MC19080275,Ice
8/15/2019 0:00,MC19080276,Ice
8/15/2019 0:00,MC19080277,Ice
8/15/2019 0:00,MC19080278,Ice
8/15/2019 0:00,MC19080279,Ice
8/15/2019 0:00,MC19080280,Ice
8/15/2019 0:00,MC19080281,Ice
8/15/2019 0:00,MC19080282,Ice
8/15/2019 0:00,MC19080283,Ice
8/15/2019 0:00,MC19080284,Ice
8/15/2019 0:00,MC19080285,Ice
8/15/2019 0:00,MC19080286,Ice
8/15/2019 0:00,MC19080287,Ice
8/15/2019 0:00,MC19080288,Ice
8/15/2019 0:00,MC19080289,Ice
8/15/2019 0:00,MC19080290,Ice
8/15/2019 0:00,MC19080291,Ice
8/15/2019 0:00,MC19080292,Ice
8/15/2019 0:00,MC19080293,Ice
8/15/2019 0:00,MC19080294,Ice
8/15/2019 0:00,MC19080295,Ice
8/15/2019 0:00,MC19080296,Ice
8/15/2019 0:00,MC19080297,Ice
8/15/2019 0:00,MC19080298,Ice
8/15/2019 0:00,MC19080299,Ice
8/15/2019 0:00,MC19080300,Ice
8/15/2019 0:00,MC19080301,Ice
8/20/2019 0:00,BP19080565,Yo
8/20/2019 0:00,BP19080566,Yo
8/20/2019 0:00,BP19080567,Yo
8/20/2019 0:00,BP19080568,Yo
8/20/2019 0:00,BP19080569,Yo
8/20/2019 0:00,BP19080570,Yo
8/20/2019 0:00,BP19080571,Yo
8/20/2019 0:00,BP19080572,Yo
8/20/2019 0:00,BP19080573,Yo
8/20/2019 0:00,BP19080574,Yo
8/26/2019 0:00,BM19080391,Yo
8/26/2019 0:00,BM19080392,Yo
8/26/2019 0:00,BM19080393,Yo
8/26/2019 0:00,BM19080394,Yo
8/26/2019 0:00,BM19080395,Yo
8/26/2019 0:00,BM19080396,Yo
8/26/2019 0:00,BM19080397,Yo
8/26/2019 0:00,BM19080398,Yo
8/26/2019 0:00,BM19080399,Yo
8/26/2019 0:00,BM19080400,Yo
8/29/2019 0:00,BP19080575,Yo
8/29/2019 0:00,BP19080576,Yo
8/29/2019 0:00,BP19080577,Yo
8/29/2019 0:00,BP19080578,Yo
8/29/2019 0:00,BP19080579,Yo
8/29/2019 0:00,BP19080580,Yo
8/29/2019 0:00,BP19080581,Yo
8/29/2019 0:00,BP19080582,Yo
8/29/2019 0:00,BP19080583,Yo
8/29/2019 0:00,BP19080584,Yo
9/3/2019 0:00,BM19090401,Yo
9/3/2019 0:00,BM19090402,Yo
9/3/2019 0:00,BM19090403,Yo
9/3/2019 0:00,BM19090404,Yo
9/3/2019 0:00,BM19090405,Yo
9/3/2019 0:00,BM19090406,Yo
9/3/2019 0:00,BM19090407,Yo
9/3/2019 0:00,BM19090408,Yo
9/3/2019 0:00,BM19090409,Yo
9/3/2019 0:00,BM19090410,Yo
9/7/2019 0:00,BP19090585,Yo
9/7/2019 0:00,BP19090586,Yo
9/7/2019 0:00,BP19090587,Yo
9/7/2019 0:00,BP19090588,Yo
9/7/2019 0:00,BP19090589,Yo
9/7/2019 0:00,BP19090590,Yo
9/7/2019 0:00,BP19090591,Yo
9/7/2019 0:00,BP19090592,Yo
9/7/2019 0:00,BP19090593,Yo
9/7/2019 0:00,BP19090594,Yo
9/16/2019 0:00,BM19090411,Yo
9/16/2019 0:00,BM19090412,Yo
9/16/2019 0:00,BM19090413,Yo
9/16/2019 0:00,BM19090414,Yo
9/16/2019 0:00,BM19090415,Yo
9/16/2019 0:00,BM19090416,Yo
9/16/2019 0:00,BM19090417,Yo
9/16/2019 0:00,BM19090418,Yo
9/16/2019 0:00,BM19090419,Yo
9/16/2019 0:00,BM19090420,Yo
9/16/2019 0:00,CI1909615,Yo
9/16/2019 0:00,CI1909616,Yo
9/16/2019 0:00,CI1909617,Yo
9/16/2019 0:00,CI1909618,Yo
9/16/2019 0:00,CI1909619,Yo
9/16/2019 0:00,CI1909620,Yo
9/16/2019 0:00,CI1909621,Yo
9/16/2019 0:00,CI1909622,Yo
9/16/2019 0:00,CI1909623,Yo
9/16/2019 0:00,CI1909624,Yo
9/16/2019 0:00,MC19090302,Ice
9/16/2019 0:00,MC19090303,Ice
9/16/2019 0:00,MC19090304,Ice
9/16/2019 0:00,MC19090305,Ice
9/16/2019 0:00,MC19090306,Ice
9/16/2019 0:00,MC19090307,Ice
9/16/2019 0:00,MC19090308,Ice
9/16/2019 0:00,MC19090309,Ice
9/16/2019 0:00,MC19090310,Ice
9/16/2019 0:00,MC19090311,Ice
9/16/2019 0:00,MC19090312,Ice
9/16/2019 0:00,MC19090313,Ice
9/16/2019 0:00,MC19090314,Ice
9/16/2019 0:00,MC19090315,Ice
9/16/2019 0:00,MC19090316,Ice
9/16/2019 0:00,MC19090317,Ice
9/16/2019 0:00,MC19090318,Ice
9/16/2019 0:00,MC19090319,Ice
9/16/2019 0:00,MC19090320,Ice
9/16/2019 0:00,MC19090321,Ice
9/16/2019 0:00,MC19090322,Ice
9/16/2019 0:00,MC19090323,Ice
9/16/2019 0:00,MC19090324,Ice
9/16/2019 0:00,MC19090325,Ice
9/16/2019 0:00,MC19090326,Ice
9/16/2019 0:00,MC19090327,Ice
9/16/2019 0:00,MC19090328,Ice
9/16/2019 0:00,MC19090329,Ice
9/16/2019 0:00,MC19090330,Ice
9/16/2019 0:00,MC19090331,Ice
9/16/2019 0:00,MC19090332,Ice
9/21/2019 0:00,BP19090595,Yo
9/21/2019 0:00,BP19090596,Yo
9/21/2019 0:00,BP19090597,Yo
9/21/2019 0:00,BP19090598,Yo
9/21/2019 0:00,BP19090599,Yo
9/21/2019 0:00,BP19090600,Yo
9/21/2019 0:00,BP19090601,Yo
9/21/2019 0:00,BP19090602,Yo
9/21/2019 0:00,BP19090603,Yo
9/21/2019 0:00,BP19090604,Yo
9/30/2019 0:00,BP19090605,Yo
9/30/2019 0:00,BP19090606,Yo
9/30/2019 0:00,BP19090607,Yo
9/30/2019 0:00,BP19090608,Yo
9/30/2019 0:00,BP19090609,Yo
9/30/2019 0:00,BP19090610,Yo
9/30/2019 0:00,BP19090611,Yo
9/30/2019 0:00,BP19090612,Yo
9/30/2019 0:00,BP19090613,Yo
9/30/2019 0:00,BP19090614,Yo
10/4/2019 0:00,BM19100421,Yo
10/4/2019 0:00,BM19100422,Yo
10/4/2019 0:00,BM19100423,Yo
10/4/2019 0:00,BM19100424,Yo
10/4/2019 0:00,BM19100425,Yo
10/4/2019 0:00,BM19100426,Yo
10/4/2019 0:00,BM19100427,Yo
10/4/2019 0:00,BM19100428,Yo
10/4/2019 0:00,BM19100429,Yo
10/4/2019 0:00,BM19100430,Yo
10/10/2019 0:00,BP19100615,Yo
10/10/2019 0:00,BP19100616,Yo
10/10/2019 0:00,BP19100617,Yo
10/10/2019 0:00,BP19100618,Yo
10/10/2019 0:00,BP19100619,Yo
10/10/2019 0:00,BP19100620,Yo
10/10/2019 0:00,BP19100621,Yo
10/10/2019 0:00,BP19100622,Yo
10/10/2019 0:00,BP19100623,Yo
10/10/2019 0:00,BP19100624,Yo
10/15/2019 0:00,CI1910625,Yo
10/15/2019 0:00,CI1910626,Yo
10/15/2019 0:00,CI1910627,Yo
10/15/2019 0:00,CI1910628,Yo
10/15/2019 0:00,CI1910629,Yo
10/15/2019 0:00,CI1910630,Yo
10/15/2019 0:00,CI1910631,Yo
10/15/2019 0:00,CI1910632,Yo
10/15/2019 0:00,CI1910633,Yo
10/15/2019 0:00,CI1910634,Yo
10/15/2019 0:00,CI1910635,Yo
10/15/2019 0:00,CI1910636,Yo
10/15/2019 0:00,CI1910637,Yo
10/15/2019 0:00,CI1910638,Yo
10/15/2019 0:00,CI1910639,Yo
10/15/2019 0:00,CI1910640,Yo
10/15/2019 0:00,CI1910641,Yo
10/15/2019 0:00,CI1910642,Yo
10/15/2019 0:00,CI1910643,Yo
10/15/2019 0:00,CI1910644,Yo
10/15/2019 0:00,CI1910645,Yo
10/15/2019 0:00,CO1910145,Yo
10/15/2019 0:00,MC19100333,Ice
10/15/2019 0:00,MC19100334,Ice
10/15/2019 0:00,MC19100335,Ice
10/15/2019 0:00,MC19100336,Ice
10/15/2019 0:00,MC19100337,Ice
10/15/2019 0:00,MC19100338,Ice
10/15/2019 0:00,MC19100339,Ice
10/15/2019 0:00,MC19100340,Ice
10/15/2019 0:00,MC19100341,Ice
10/15/2019 0:00,MC19100342,Ice
10/15/2019 0:00,MC19100343,Ice
10/15/2019 0:00,MC19100344,Ice
10/15/2019 0:00,MC19100345,Ice
10/15/2019 0:00,MC19100346,Ice
10/15/2019 0:00,MC19100347,Ice
10/15/2019 0:00,MC19100348,Ice
10/15/2019 0:00,MC19100349,Ice
10/15/2019 0:00,MC19100350,Ice
10/15/2019 0:00,MC19100351,Ice
10/15/2019 0:00,MC19100352,Ice
10/18/2019 0:00,BM19100431,Yo
10/18/2019 0:00,BM19100432,Yo
10/18/2019 0:00,BM19100433,Yo
10/18/2019 0:00,BM19100434,Yo
10/18/2019 0:00,BM19100435,Yo
10/18/2019 0:00,BM19100436,Yo
10/18/2019 0:00,BM19100437,Yo
10/18/2019 0:00,BM19100438,Yo
10/18/2019 0:00,BM19100439,Yo
10/18/2019 0:00,BM19100440,Yo
10/25/2019 0:00,BP19100625,Yo
10/25/2019 0:00,BP19100626,Yo
10/25/2019 0:00,BP19100627,Yo
10/25/2019 0:00,BP19100628,Yo
10/25/2019 0:00,BP19100629,Yo
10/25/2019 0:00,BP19100630,Yo
10/25/2019 0:00,BP19100631,Yo
10/25/2019 0:00,BP19100632,Yo
10/25/2019 0:00,BP19100633,Yo
10/25/2019 0:00,BP19100634,Yo
10/30/2019 0:00,BM19100441,Yo
10/30/2019 0:00,BM19100442,Yo
10/30/2019 0:00,BM19100443,Yo
10/30/2019 0:00,BM19100444,Yo
10/30/2019 0:00,BM19100445,Yo
10/30/2019 0:00,BM19100446,Yo
10/30/2019 0:00,BM19100447,Yo
10/30/2019 0:00,BM19100448,Yo
10/30/2019 0:00,BM19100449,Yo
10/30/2019 0:00,BM19100450,Yo
11/5/2019 0:00,BP19110635,Yo
11/5/2019 0:00,BP19110636,Yo
11/5/2019 0:00,BP19110637,Yo
11/5/2019 0:00,BP19110638,Yo
11/5/2019 0:00,BP19110639,Yo
11/5/2019 0:00,BP19110640,Yo
11/5/2019 0:00,BP19110641,Yo
11/5/2019 0:00,BP19110642,Yo
11/5/2019 0:00,BP19110643,Yo
11/5/2019 0:00,BP19110644,Yo
11/12/2019 0:00,BM19110451,Yo
11/12/2019 0:00,BM19110452,Yo
11/12/2019 0:00,BM19110453,Yo
11/12/2019 0:00,BM19110454,Yo
11/12/2019 0:00,BM19110455,Yo
11/12/2019 0:00,BM19110456,Yo
11/12/2019 0:00,BM19110457,Yo
11/12/2019 0:00,BM19110458,Yo
11/12/2019 0:00,BM19110459,Yo
11/12/2019 0:00,BM19110460,Yo
11/15/2019 0:00,CI1911646,Yo
11/15/2019 0:00,CI1911647,Yo
11/15/2019 0:00,CI1911648,Yo
11/15/2019 0:00,CI1911649,Yo
11/15/2019 0:00,CI1911650,Yo
11/15/2019 0:00,CI1911651,Yo
11/15/2019 0:00,CI1911652,Yo
11/15/2019 0:00,CI1911653,Yo
11/15/2019 0:00,CI1911654,Yo
11/15/2019 0:00,CI1911655,Yo
11/15/2019 0:00,MC19110353,Ice
11/15/2019 0:00,MC19110354,Ice
11/15/2019 0:00,MC19110355,Ice
11/15/2019 0:00,MC19110356,Ice
11/15/2019 0:00,MC19110357,Ice
11/15/2019 0:00,MC19110358,Ice
11/15/2019 0:00,MC19110359,Ice
11/15/2019 0:00,MC19110360,Ice
11/15/2019 0:00,MC19110361,Ice
11/15/2019 0:00,MC19110362,Ice
11/16/2019 0:00,BP19110645,Yo
11/16/2019 0:00,BP19110646,Yo
11/16/2019 0:00,BP19110647,Yo
11/16/2019 0:00,BP19110648,Yo
11/16/2019 0:00,BP19110649,Yo
11/16/2019 0:00,BP19110650,Yo
11/16/2019 0:00,BP19110651,Yo
11/16/2019 0:00,BP19110652,Yo
11/16/2019 0:00,BP19110653,Yo
11/16/2019 0:00,BP19110654,Yo
11/27/2019 0:00,BP19110655,Yo
11/27/2019 0:00,BP19110656,Yo
11/27/2019 0:00,BP19110657,Yo
11/27/2019 0:00,BP19110658,Yo
11/27/2019 0:00,BP19110659,Yo
11/27/2019 0:00,BP19110660,Yo
11/27/2019 0:00,BP19110661,Yo
11/27/2019 0:00,BP19110662,Yo
11/27/2019 0:00,BP19110663,Yo
11/27/2019 0:00,BP19110664,Yo
11/30/2019 0:00,BM19110461,Yo
11/30/2019 0:00,BM19110462,Yo
11/30/2019 0:00,BM19110463,Yo
11/30/2019 0:00,BM19110464,Yo
11/30/2019 0:00,BM19110465,Yo
11/30/2019 0:00,BM19110466,Yo
11/30/2019 0:00,BM19110467,Yo
11/30/2019 0:00,BM19110468,Yo
11/30/2019 0:00,BM19110469,Yo
11/30/2019 0:00,BM19110470,Yo
12/10/2019 0:00,BP19120665,Yo
12/10/2019 0:00,BP19120666,Yo
12/10/2019 0:00,BP19120667,Yo
12/10/2019 0:00,BP19120668,Yo
12/10/2019 0:00,BP19120669,Yo
12/10/2019 0:00,BP19120670,Yo
12/10/2019 0:00,BP19120671,Yo
12/10/2019 0:00,BP19120672,Yo
12/10/2019 0:00,BP19120673,Yo
12/10/2019 0:00,BP19120674,Yo
12/16/2019 0:00,CI1912656,Yo
12/16/2019 0:00,CI1912657,Yo
12/16/2019 0:00,CI1912658,Yo
12/16/2019 0:00,CI1912659,Yo
12/16/2019 0:00,CI1912660,Yo
12/16/2019 0:00,CI1912661,Yo
12/16/2019 0:00,CI1912662,Yo
12/16/2019 0:00,CI1912663,Yo
12/16/2019 0:00,CI1912664,Yo
12/16/2019 0:00,CI1912665,Yo
12/16/2019 0:00,CI1912666,Yo
12/16/2019 0:00,CI1912667,Yo
12/16/2019 0:00,CI1912668,Yo
12/16/2019 0:00,CI1912669,Yo
12/16/2019 0:00,CI1912670,Yo
12/16/2019 0:00,CI1912671,Yo
12/16/2019 0:00,CI1912672,Yo
12/16/2019 0:00,CI1912673,Yo
12/16/2019 0:00,CI1912674,Yo
12/16/2019 0:00,CI1912675,Yo
12/16/2019 0:00,MC19120363,Ice
12/16/2019 0:00,MC19120364,Ice
12/16/2019 0:00,MC19120365,Ice
12/16/2019 0:00,MC19120366,Ice
12/16/2019 0:00,MC19120367,Ice
12/16/2019 0:00,MC19120368,Ice
12/16/2019 0:00,MC19120369,Ice
12/16/2019 0:00,MC19120370,Ice
12/16/2019 0:00,MC19120371,Ice
12/16/2019 0:00,MC19120372,Ice
12/16/2019 0:00,MC19120373,Ice
12/16/2019 0:00,MC19120374,Ice
12/16/2019 0:00,MC19120375,Ice
12/16/2019 0:00,MC19120376,Ice
12/16/2019 0:00,MC19120377,Ice
12/16/2019 0:00,MC19120378,Ice
12/16/2019 0:00,MC19120379,Ice
12/16/2019 0:00,MC19120380,Ice
12/16/2019 0:00,MC19120381,Ice
12/16/2019 0:00,MC19120382,Ice
12/16/2019 0:00,MC19120383,Ice
12/16/2019 0:00,MC19120384,Ice
12/16/2019 0:00,MC19120385,Ice
12/16/2019 0:00,MC19120386,Ice
12/16/2019 0:00,MC19120387,Ice
1/3/2020 0:00,BM20010471,Yo
1/3/2020 0:00,BM20010472,Yo
1/3/2020 0:00,BM20010473,Yo
1/3/2020 0:00,BM20010474,Yo
1/3/2020 0:00,BM20010475,Yo
1/3/2020 0:00,BM20010476,Yo
1/3/2020 0:00,BM20010477,Yo
1/3/2020 0:00,BM20010478,Yo
1/3/2020 0:00,BM20010479,Yo
1/3/2020 0:00,BM20010480,Yo
1/8/2020 0:00,BM20010481,Yo
1/8/2020 0:00,BM20010482,Yo
1/8/2020 0:00,BM20010483,Yo
1/8/2020 0:00,BM20010484,Yo
1/8/2020 0:00,BM20010485,Yo
1/8/2020 0:00,BM20010486,Yo
1/8/2020 0:00,BM20010487,Yo
1/8/2020 0:00,BM20010488,Yo
1/8/2020 0:00,BM20010489,Yo
1/8/2020 0:00,BM20010490,Yo
1/9/2020 0:00,BP20010675,Yo
1/9/2020 0:00,BP20010676,Yo
1/9/2020 0:00,BP20010677,Yo
1/9/2020 0:00,BP20010678,Yo
1/9/2020 0:00,BP20010679,Yo
1/9/2020 0:00,BP20010680,Yo
1/9/2020 0:00,BP20010681,Yo
1/9/2020 0:00,BP20010682,Yo
1/9/2020 0:00,BP20010683,Yo
1/9/2020 0:00,BP20010684,Yo
1/15/2020 0:00,CI2001676,Yo
1/15/2020 0:00,CI2001677,Yo
1/15/2020 0:00,CI2001678,Yo
1/15/2020 0:00,CI2001679,Yo
1/15/2020 0:00,CI2001680,Yo
1/15/2020 0:00,CI2001681,Yo
1/15/2020 0:00,CI2001682,Yo
1/15/2020 0:00,CI2001683,Yo
1/15/2020 0:00,CI2001684,Yo
1/15/2020 0:00,CI2001685,Yo
1/15/2020 0:00,CI2001686,Yo
1/15/2020 0:00,MC20010388,Ice
1/15/2020 0:00,MC20010389,Ice
1/15/2020 0:00,MC20010390,Ice
1/15/2020 0:00,MC20010391,Ice
1/15/2020 0:00,MC20010392,Ice
1/15/2020 0:00,MC20010393,Ice
1/15/2020 0:00,MC20010394,Ice
1/15/2020 0:00,MC20010395,Ice
1/15/2020 0:00,MC20010396,Ice
1/15/2020 0:00,MC20010397,Ice
1/20/2020 0:00,BM20010491,Yo
1/20/2020 0:00,BM20010492,Yo
1/20/2020 0:00,BM20010493,Yo
1/20/2020 0:00,BM20010494,Yo
1/20/2020 0:00,BM20010495,Yo
1/20/2020 0:00,BM20010496,Yo
1/20/2020 0:00,BM20010497,Yo
1/20/2020 0:00,BM20010498,Yo
1/20/2020 0:00,BM20010499,Yo
1/20/2020 0:00,BM20010500,Yo
1/25/2020 0:00,BP20010685,Yo
1/25/2020 0:00,BP20010686,Yo
1/25/2020 0:00,BP20010687,Yo
1/25/2020 0:00,BP20010688,Yo
1/25/2020 0:00,BP20010689,Yo
1/25/2020 0:00,BP20010690,Yo
1/25/2020 0:00,BP20010691,Yo
1/25/2020 0:00,BP20010692,Yo
1/25/2020 0:00,BP20010693,Yo
1/25/2020 0:00,BP20010694,Yo
1/31/2020 0:00,BM20010501,Yo
1/31/2020 0:00,BM20010502,Yo
1/31/2020 0:00,BM20010503,Yo
1/31/2020 0:00,BM20010504,Yo
1/31/2020 0:00,BM20010505,Yo
1/31/2020 0:00,BM20010506,Yo
1/31/2020 0:00,BM20010507,Yo
1/31/2020 0:00,BM20010508,Yo
1/31/2020 0:00,BM20010509,Yo
1/31/2020 0:00,BM20010510,Yo
2/7/2020 0:00,BM20020511,Yo
2/7/2020 0:00,BM20020512,Yo
2/7/2020 0:00,BM20020513,Yo
2/7/2020 0:00,BM20020514,Yo
2/7/2020 0:00,BM20020515,Yo
2/7/2020 0:00,BM20020516,Yo
2/7/2020 0:00,BM20020517,Yo
2/7/2020 0:00,BM20020518,Yo
2/7/2020 0:00,BM20020519,Yo
2/7/2020 0:00,BM20020520,Yo
2/14/2020 0:00,CI2002687,Yo
2/14/2020 0:00,CI2002688,Yo
2/14/2020 0:00,CI2002689,Yo
2/14/2020 0:00,CI2002690,Yo
2/14/2020 0:00,CI2002691,Yo
2/14/2020 0:00,CI2002692,Yo
2/14/2020 0:00,CI2002693,Yo
2/14/2020 0:00,CI2002694,Yo
2/14/2020 0:00,CI2002695,Yo
2/14/2020 0:00,CI2002696,Yo
2/14/2020 0:00,CI2002697,Yo
2/14/2020 0:00,CO2002146,Yo
2/14/2020 0:00,CO2002147,Yo
2/14/2020 0:00,MC20020398,Ice
2/14/2020 0:00,MC20020399,Ice
2/14/2020 0:00,MC20020400,Ice
2/14/2020 0:00,MC20020401,Ice
2/14/2020 0:00,MC20020402,Ice
2/14/2020 0:00,MC20020403,Ice
2/14/2020 0:00,MC20020404,Ice
2/14/2020 0:00,MC20020405,Ice
2/14/2020 0:00,MC20020406,Ice
2/14/2020 0:00,MC20020407,Ice
2/14/2020 0:00,MC20020408,Ice
2/14/2020 0:00,MC20020409,Ice
2/14/2020 0:00,MC20020410,Ice
2/14/2020 0:00,MC20020411,Ice
2/14/2020 0:00,MC20020412,Ice
2/14/2020 0:00,MC20020413,Ice
2/14/2020 0:00,MC20020414,Ice
2/14/2020 0:00,MC20020415,Ice
2/14/2020 0:00,MC20020416,Ice
2/14/2020 0:00,MC20020417,Ice
2/14/2020 0:00,MC20020418,Ice
2/14/2020 0:00,MC20020419,Ice
2/14/2020 0:00,MC20020420,Ice
2/18/2020 0:00,BP20020695,Yo
2/18/2020 0:00,BP20020696,Yo
2/18/2020 0:00,BP20020697,Yo
2/18/2020 0:00,BP20020698,Yo
2/18/2020 0:00,BP20020699,Yo
2/18/2020 0:00,BP20020700,Yo
2/18/2020 0:00,BP20020701,Yo
2/18/2020 0:00,BP20020702,Yo
2/18/2020 0:00,BP20020703,Yo
2/18/2020 0:00,BP20020704,Yo
3/6/2020 0:00,BM20030521,Yo
3/6/2020 0:00,BM20030522,Yo
3/6/2020 0:00,BM20030523,Yo
3/6/2020 0:00,BM20030524,Yo
3/6/2020 0:00,BM20030525,Yo
3/6/2020 0:00,BM20030526,Yo
3/6/2020 0:00,BM20030527,Yo
3/6/2020 0:00,BM20030528,Yo
3/6/2020 0:00,BM20030529,Yo
3/6/2020 0:00,BM20030530,Yo
3/16/2020 0:00,BP20030705,Yo
3/16/2020 0:00,BP20030706,Yo
3/16/2020 0:00,BP20030707,Yo
3/16/2020 0:00,BP20030708,Yo
3/16/2020 0:00,BP20030709,Yo
3/16/2020 0:00,BP20030710,Yo
3/16/2020 0:00,BP20030711,Yo
3/16/2020 0:00,BP20030712,Yo
3/16/2020 0:00,BP20030713,Yo
3/16/2020 0:00,BP20030714,Yo
3/16/2020 0:00,CC63030544,Yo
3/16/2020 0:00,CC63030545,Yo
3/16/2020 0:00,CC63030546,Yo
3/16/2020 0:00,CC63030547,Yo
3/16/2020 0:00,CC63030548,Yo
3/16/2020 0:00,CC63030549,Yo
3/16/2020 0:00,CC63030550,Yo
3/16/2020 0:00,CC63030551,Yo
3/16/2020 0:00,CC63030552,Yo
3/16/2020 0:00,CC63030553,Yo
3/16/2020 0:00,CC63030554,Yo
3/16/2020 0:00,CC63030555,Yo
3/16/2020 0:00,CC63030556,Yo
3/16/2020 0:00,CC63030557,Yo
3/16/2020 0:00,CC63030558,Yo
3/16/2020 0:00,CC63030559,Yo
3/16/2020 0:00,CC63030560,Yo
3/16/2020 0:00,CC63030561,Yo
3/16/2020 0:00,CC63030562,Yo
3/16/2020 0:00,CC63030563,Yo
3/16/2020 0:00,CC63030564,Yo
3/16/2020 0:00,CC63030565,Yo
3/16/2020 0:00,CC63030566,Yo
3/16/2020 0:00,CC63030567,Yo
3/16/2020 0:00,CC63030568,Yo
3/16/2020 0:00,CC63030569,Yo
3/16/2020 0:00,CC63030570,Yo
3/16/2020 0:00,CI2003698,Yo
3/16/2020 0:00,CI2003699,Yo
3/16/2020 0:00,CI2003700,Yo
3/16/2020 0:00,CI2003701,Yo
3/16/2020 0:00,CI2003702,Yo
3/16/2020 0:00,CI2003703,Yo
3/16/2020 0:00,CI2003704,Yo
3/16/2020 0:00,CI2003705,Yo
3/16/2020 0:00,CI2003706,Yo
3/16/2020 0:00,CI2003707,Yo
3/16/2020 0:00,CI2003708,Yo
3/16/2020 0:00,CI2003709,Yo
3/16/2020 0:00,CI2003710,Yo
3/16/2020 0:00,CI2003711,Yo
3/16/2020 0:00,CI2003712,Yo
3/16/2020 0:00,CI2003713,Yo
3/16/2020 0:00,CI2003714,Yo
3/16/2020 0:00,CI2003715,Yo
3/16/2020 0:00,CI2003716,Yo
3/16/2020 0:00,CI2003717,Yo
3/16/2020 0:00,MC20030421,Ice
3/16/2020 0:00,MC20030422,Ice
3/16/2020 0:00,MC20030423,Ice
3/16/2020 0:00,MC20030424,Ice
3/16/2020 0:00,MC20030425,Ice
3/16/2020 0:00,MC20030426,Ice
3/16/2020 0:00,MC20030427,Ice
3/16/2020 0:00,MC20030428,Ice
3/16/2020 0:00,MC20030429,Ice
3/16/2020 0:00,MC20030430,Ice
3/16/2020 0:00,MC20030431,Ice
3/16/2020 0:00,MC20030432,Ice
3/16/2020 0:00,MC20030433,Ice
3/16/2020 0:00,MC20030434,Ice
3/16/2020 0:00,MC20030435,Ice
3/16/2020 0:00,MC20030436,Ice
3/16/2020 0:00,MC20030437,Ice
3/16/2020 0:00,MC20030438,Ice
3/16/2020 0:00,MC20030439,Ice
3/16/2020 0:00,MC20030440,Ice
3/24/2020 0:00,BM20030531,Yo
3/24/2020 0:00,BM20030532,Yo
3/24/2020 0:00,BM20030533,Yo
3/24/2020 0:00,BM20030534,Yo
3/24/2020 0:00,BM20030535,Yo
3/24/2020 0:00,BM20030536,Yo
3/24/2020 0:00,BM20030537,Yo
3/24/2020 0:00,BM20030538,Yo
3/24/2020 0:00,BM20030539,Yo
3/24/2020 0:00,BM20030540,Yo
4/4/2020 0:00,BM20040541,Yo
4/4/2020 0:00,BM20040542,Yo
4/4/2020 0:00,BM20040543,Yo
4/4/2020 0:00,BM20040544,Yo
4/4/2020 0:00,BM20040545,Yo
4/4/2020 0:00,BM20040546,Yo
4/4/2020 0:00,BM20040547,Yo
4/4/2020 0:00,BM20040548,Yo
4/4/2020 0:00,BM20040549,Yo
4/4/2020 0:00,BM20040550,Yo
4/7/2020 0:00,BP20040715,Yo
4/7/2020 0:00,BP20040716,Yo
4/7/2020 0:00,BP20040717,Yo
4/7/2020 0:00,BP20040718,Yo
4/7/2020 0:00,BP20040719,Yo
4/7/2020 0:00,BP20040720,Yo
4/7/2020 0:00,BP20040721,Yo
4/7/2020 0:00,BP20040722,Yo
4/7/2020 0:00,BP20040723,Yo
4/7/2020 0:00,BP20040724,Yo
4/10/2020 0:00,BM20040551,Yo
4/10/2020 0:00,BM20040552,Yo
4/10/2020 0:00,BM20040553,Yo
4/10/2020 0:00,BM20040554,Yo
4/10/2020 0:00,BM20040555,Yo
4/10/2020 0:00,BM20040556,Yo
4/10/2020 0:00,BM20040557,Yo
4/10/2020 0:00,BM20040558,Yo
4/10/2020 0:00,BM20040559,Yo
4/10/2020 0:00,BM20040560,Yo
4/15/2020 0:00,CC63040571,Yo
4/15/2020 0:00,CC63040572,Yo
4/15/2020 0:00,CC63040573,Yo
4/15/2020 0:00,CC63040574,Yo
4/15/2020 0:00,CC63040575,Yo
4/15/2020 0:00,CC63040576,Yo
4/15/2020 0:00,CC63040577,Yo
4/15/2020 0:00,CC63040578,Yo
4/15/2020 0:00,CC63040579,Yo
4/15/2020 0:00,CC63040580,Yo
4/15/2020 0:00,CC63040581,Yo
4/15/2020 0:00,CC63040582,Yo
4/15/2020 0:00,CC63040583,Yo
4/15/2020 0:00,CC63040584,Yo
4/15/2020 0:00,CC63040585,Yo
4/15/2020 0:00,CC63040586,Yo
4/15/2020 0:00,CC63040587,Yo
4/15/2020 0:00,CC63040588,Yo
4/15/2020 0:00,CC63040589,Yo
4/15/2020 0:00,CC63040590,Yo
4/15/2020 0:00,MC20040441,Ice
4/15/2020 0:00,MC20040442,Ice
4/15/2020 0:00,MC20040443,Ice
4/15/2020 0:00,MC20040444,Ice
4/15/2020 0:00,MC20040445,Ice
4/15/2020 0:00,MC20040446,Ice
4/15/2020 0:00,MC20040447,Ice
4/15/2020 0:00,MC20040448,Ice
4/15/2020 0:00,MC20040449,Ice
4/15/2020 0:00,MC20040450,Ice
4/18/2020 0:00,BP20040725,Yo
4/18/2020 0:00,BP20040726,Yo
4/18/2020 0:00,BP20040727,Yo
4/18/2020 0:00,BP20040728,Yo
4/18/2020 0:00,BP20040729,Yo
4/18/2020 0:00,BP20040730,Yo
4/18/2020 0:00,BP20040731,Yo
4/18/2020 0:00,BP20040732,Yo
4/18/2020 0:00,BP20040733,Yo
4/18/2020 0:00,BP20040734,Yo
5/7/2020 0:00,BM20050561,Yo
5/7/2020 0:00,BM20050562,Yo
5/7/2020 0:00,BM20050563,Yo
5/7/2020 0:00,BM20050564,Yo
5/7/2020 0:00,BM20050565,Yo
5/7/2020 0:00,BM20050566,Yo
5/7/2020 0:00,BM20050567,Yo
5/7/2020 0:00,BM20050568,Yo
5/7/2020 0:00,BM20050569,Yo
5/7/2020 0:00,BM20050570,Yo
5/14/2020 0:00,BP20050735,Yo
5/14/2020 0:00,BP20050736,Yo
5/14/2020 0:00,BP20050737,Yo
5/14/2020 0:00,BP20050738,Yo
5/14/2020 0:00,BP20050739,Yo
5/14/2020 0:00,BP20050740,Yo
5/14/2020 0:00,BP20050741,Yo
5/14/2020 0:00,BP20050742,Yo
5/14/2020 0:00,BP20050743,Yo
5/14/2020 0:00,BP20050744,Yo
5/15/2020 0:00,CC6305591,Yo
5/15/2020 0:00,CC6305592,Yo
5/15/2020 0:00,CC6305593,Yo
5/15/2020 0:00,CC6305594,Yo
5/15/2020 0:00,CC6305595,Yo
5/15/2020 0:00,CC6305596,Yo
5/15/2020 0:00,CC6305597,Yo
5/15/2020 0:00,CC6305598,Yo
5/15/2020 0:00,CC6305599,Yo
5/15/2020 0:00,CC6305600,Yo
5/15/2020 0:00,CI2005718,Yo
5/15/2020 0:00,CI2005719,Yo
5/15/2020 0:00,CI2005720,Yo
5/15/2020 0:00,CI2005721,Yo
5/15/2020 0:00,CI2005722,Yo
5/15/2020 0:00,CI2005723,Yo
5/15/2020 0:00,CI2005724,Yo
5/15/2020 0:00,CI2005725,Yo
5/15/2020 0:00,CI2005726,Yo
5/15/2020 0:00,CI2005727,Yo
5/15/2020 0:00,MC20050451,Ice
5/15/2020 0:00,MC20050452,Ice
5/15/2020 0:00,MC20050453,Ice
5/15/2020 0:00,MC20050454,Ice
5/15/2020 0:00,MC20050455,Ice
5/15/2020 0:00,MC20050456,Ice
5/15/2020 0:00,MC20050457,Ice
5/15/2020 0:00,MC20050458,Ice
5/15/2020 0:00,MC20050459,Ice
5/15/2020 0:00,MC20050460,Ice
5/15/2020 0:00,MC20050461,Ice
5/15/2020 0:00,MC20050462,Ice
5/15/2020 0:00,MC20050463,Ice
5/15/2020 0:00,MC20050464,Ice
5/15/2020 0:00,MC20050465,Ice
5/15/2020 0:00,MC20050466,Ice
5/15/2020 0:00,MC20050467,Ice
5/15/2020 0:00,MC20050468,Ice
5/15/2020 0:00,MC20050469,Ice
5/15/2020 0:00,MC20050470,Ice
5/23/2020 0:00,BM20050571,Yo
5/23/2020 0:00,BM20050572,Yo
5/23/2020 0:00,BM20050573,Yo
5/23/2020 0:00,BM20050574,Yo
5/23/2020 0:00,BM20050575,Yo
5/23/2020 0:00,BM20050576,Yo
5/23/2020 0:00,BM20050577,Yo
5/23/2020 0:00,BM20050578,Yo
5/23/2020 0:00,BM20050579,Yo
5/23/2020 0:00,BM20050580,Yo
6/8/2020 0:00,BP20060745,Yo
6/8/2020 0:00,BP20060746,Yo
6/8/2020 0:00,BP20060747,Yo
6/8/2020 0:00,BP20060748,Yo
6/8/2020 0:00,BP20060749,Yo
6/8/2020 0:00,BP20060750,Yo
6/8/2020 0:00,BP20060751,Yo
6/8/2020 0:00,BP20060752,Yo
6/8/2020 0:00,BP20060753,Yo
6/8/2020 0:00,BP20060754,Yo
6/14/2020 0:00,BM20060581,Yo
6/14/2020 0:00,BM20060582,Yo
6/14/2020 0:00,BM20060583,Yo
6/14/2020 0:00,BM20060584,Yo
6/14/2020 0:00,BM20060585,Yo
6/14/2020 0:00,BM20060586,Yo
6/14/2020 0:00,BM20060587,Yo
6/14/2020 0:00,BM20060588,Yo
6/14/2020 0:00,BM20060589,Yo
6/14/2020 0:00,BM20060590,Yo
6/15/2020 0:00,CC6306601,Yo
6/15/2020 0:00,CC6306602,Yo
6/15/2020 0:00,CC6306603,Yo
6/15/2020 0:00,CC6306604,Yo
6/15/2020 0:00,CC6306605,Yo
6/15/2020 0:00,CC6306606,Yo
6/15/2020 0:00,CC6306607,Yo
6/15/2020 0:00,CC6306608,Yo
6/15/2020 0:00,CC6306609,Yo
6/15/2020 0:00,CC6306610,Yo
6/15/2020 0:00,CI2006728,Yo
6/15/2020 0:00,CI2006729,Yo
6/15/2020 0:00,CI2006730,Yo
6/15/2020 0:00,CI2006731,Yo
6/15/2020 0:00,CI2006732,Yo
6/15/2020 0:00,CI2006733,Yo
6/15/2020 0:00,CI2006734,Yo
6/15/2020 0:00,CI2006735,Yo
6/15/2020 0:00,CI2006736,Yo
6/15/2020 0:00,CI2006737,Yo
6/22/2020 0:00,BP20060755,Yo
6/22/2020 0:00,BP20060756,Yo
6/22/2020 0:00,BP20060757,Yo
6/22/2020 0:00,BP20060758,Yo
6/22/2020 0:00,BP20060759,Yo
6/22/2020 0:00,BP20060760,Yo
6/22/2020 0:00,BP20060761,Yo
6/22/2020 0:00,BP20060762,Yo
6/22/2020 0:00,BP20060763,Yo
6/22/2020 0:00,BP20060764,Yo
7/3/2020 0:00,BM20070591,Yo
7/3/2020 0:00,BM20070592,Yo
7/3/2020 0:00,BM20070593,Yo
7/3/2020 0:00,BM20070594,Yo
7/3/2020 0:00,BM20070595,Yo
7/3/2020 0:00,BM20070596,Yo
7/3/2020 0:00,BM20070597,Yo
7/3/2020 0:00,BM20070598,Yo
7/3/2020 0:00,BM20070599,Yo
7/3/2020 0:00,BM20070600,Yo
7/15/2020 0:00,BSF00000001,Don
7/15/2020 0:00,BSF00000002,Don
7/15/2020 0:00,BSF00000003,Don
7/15/2020 0:00,BSF00000004,Don
7/15/2020 0:00,BSF20070001,Don
7/15/2020 0:00,BSF20070002,Don
7/15/2020 0:00,BSF20070003,Don
7/15/2020 0:00,BSF20070011,Don
7/15/2020 0:00,BSF20070012,Don
7/15/2020 0:00,BSF20070013,Don
7/15/2020 0:00,BSF20070014,Don
7/15/2020 0:00,BSF20070015,Don
7/15/2020 0:00,BSG20070001,Don
7/15/2020 0:00,BSG20070002,Don
7/15/2020 0:00,BSG20070011,Don
7/15/2020 0:00,BSG20070012,Don
7/15/2020 0:00,CC6307611,Yo
7/15/2020 0:00,CC6307612,Yo
7/15/2020 0:00,CC6307613,Yo
7/15/2020 0:00,CC6307614,Yo
7/15/2020 0:00,CC6307615,Yo
7/15/2020 0:00,CC6307616,Yo
7/15/2020 0:00,CC6307617,Yo
7/15/2020 0:00,CC6307618,Yo
7/15/2020 0:00,CC6307619,Yo
7/15/2020 0:00,CC6307620,Yo
7/15/2020 0:00,CC6307621,Yo
7/15/2020 0:00,CC6307622,Yo
7/15/2020 0:00,CC6307623,Yo
7/15/2020 0:00,CC6307624,Yo
7/15/2020 0:00,CC6307625,Yo
7/15/2020 0:00,CC6307626,Yo
7/15/2020 0:00,CC6307627,Yo
7/15/2020 0:00,CC6307628,Yo
7/15/2020 0:00,CC6307629,Yo
7/15/2020 0:00,CC6307630,Yo
7/15/2020 0:00,CC6307631,Yo
7/15/2020 0:00,CC6307632,Yo
7/15/2020 0:00,CC6307633,Yo
7/15/2020 0:00,CC6307634,Yo
7/15/2020 0:00,CC6307635,Yo
7/15/2020 0:00,CC6307636,Yo
7/15/2020 0:00,CC6307637,Yo
7/15/2020 0:00,CC6307638,Yo
7/15/2020 0:00,CC6307639,Yo
7/15/2020 0:00,CC6307640,Yo
7/15/2020 0:00,CI2007738,Yo
7/15/2020 0:00,CI2007739,Yo
7/15/2020 0:00,CI2007740,Yo
7/15/2020 0:00,CI2007741,Yo
7/15/2020 0:00,CI2007742,Yo
7/15/2020 0:00,CI2007743,Yo
7/15/2020 0:00,CI2007744,Yo
7/15/2020 0:00,CI2007745,Yo
7/15/2020 0:00,CI2007746,Yo
7/15/2020 0:00,CI2007747,Yo
7/15/2020 0:00,CI2007748,Yo
7/15/2020 0:00,CI2007749,Yo
7/15/2020 0:00,CI2007750,Yo
7/15/2020 0:00,CI2007751,Yo
7/15/2020 0:00,CI2007752,Yo
7/15/2020 0:00,CI2007753,Yo
7/15/2020 0:00,CI2007754,Yo
7/15/2020 0:00,CI2007755,Yo
7/15/2020 0:00,CI2007756,Yo
7/15/2020 0:00,CI2007757,Yo
7/15/2020 0:00,CI2007758,Yo
7/15/2020 0:00,CI2007759,Yo
7/15/2020 0:00,CI2007760,Yo
7/15/2020 0:00,CI2007761,Yo
7/15/2020 0:00,CI2007762,Yo
7/15/2020 0:00,CI2007763,Yo
7/15/2020 0:00,CI2007764,Yo
7/15/2020 0:00,CI2007765,Yo
7/15/2020 0:00,CI2007766,Yo
7/15/2020 0:00,CI2007767,Yo
7/15/2020 0:00,MC20070471,Ice
7/15/2020 0:00,MC20070472,Ice
7/15/2020 0:00,MC20070473,Ice
7/15/2020 0:00,MC20070474,Ice
7/15/2020 0:00,MC20070475,Ice
7/15/2020 0:00,MC20070476,Ice
7/15/2020 0:00,MC20070477,Ice
7/15/2020 0:00,MC20070478,Ice
7/15/2020 0:00,MC20070479,Ice
7/15/2020 0:00,MC20070480,Ice
7/15/2020 0:00,MC20070481,Ice
7/15/2020 0:00,MC20070482,Ice
7/15/2020 0:00,MC20070483,Ice
7/15/2020 0:00,MC20070484,Ice
7/15/2020 0:00,MC20070485,Ice
7/15/2020 0:00,MC20070486,Ice
7/15/2020 0:00,MC20070487,Ice
7/15/2020 0:00,MC20070488,Ice
7/15/2020 0:00,MC20070489,Ice
7/15/2020 0:00,MC20070490,Ice
7/15/2020 0:00,MC20070491,Ice
7/15/2020 0:00,MC20070492,Ice
7/15/2020 0:00,MC20070493,Ice
7/15/2020 0:00,MC20070494,Ice
7/15/2020 0:00,MC20070495,Ice
7/15/2020 0:00,MC20070496,Ice
7/15/2020 0:00,MC20070497,Ice
7/15/2020 0:00,MC20070498,Ice
7/15/2020 0:00,MC20070499,Ice
7/15/2020 0:00,MC20070500,Ice
7/15/2020 0:00,MC20070501,Ice
7/15/2020 0:00,MC20070502,Ice
7/15/2020 0:00,MC20070503,Ice
7/15/2020 0:00,MC20070504,Ice
7/15/2020 0:00,MC20070505,Ice
7/15/2020 0:00,MC20070506,Ice
7/15/2020 0:00,MC20070507,Ice
7/15/2020 0:00,MC20070508,Ice
7/15/2020 0:00,MC20070509,Ice
7/15/2020 0:00,MC20070510,Ice
7/15/2020 0:00,MC20070511,Ice
7/15/2020 0:00,MC20070512,Ice
7/15/2020 0:00,MC20070513,Ice
7/15/2020 0:00,MC20070514,Ice
7/15/2020 0:00,MC20070515,Ice
7/15/2020 0:00,MC20070516,Ice
7/15/2020 0:00,MC20070517,Ice
7/15/2020 0:00,MC20070518,Ice
7/15/2020 0:00,MC20070519,Ice
7/15/2020 0:00,MC20070520,Ice
7/15/2020 0:00,MC20070521,Ice
7/15/2020 0:00,MC20070522,Ice
7/15/2020 0:00,MC20070523,Ice
7/15/2020 0:00,MC20070524,Ice
7/15/2020 0:00,MC20070525,Ice
7/15/2020 0:00,MC20070526,Ice
7/15/2020 0:00,MC20070527,Ice
7/15/2020 0:00,MC20070528,Ice
7/15/2020 0:00,MC20070529,Ice
7/15/2020 0:00,MC20070530,Ice
7/15/2020 0:00,MC20070531,Ice
7/15/2020 0:00,MC20070532,Ice
7/18/2020 0:00,BP20070765,Yo
7/18/2020 0:00,BP20070766,Yo
7/18/2020 0:00,BP20070767,Yo
7/18/2020 0:00,BP20070768,Yo
7/18/2020 0:00,BP20070769,Yo
7/18/2020 0:00,BP20070770,Yo
7/18/2020 0:00,BP20070771,Yo
7/18/2020 0:00,BP20070772,Yo
7/18/2020 0:00,BP20070773,Yo
7/18/2020 0:00,BP20070774,Yo
7/23/2020 0:00,BM20070601,Yo
7/23/2020 0:00,BM20070602,Yo
7/23/2020 0:00,BM20070603,Yo
7/23/2020 0:00,BM20070604,Yo
7/23/2020 0:00,BM20070605,Yo
7/23/2020 0:00,BM20070606,Yo
7/23/2020 0:00,BM20070607,Yo
7/23/2020 0:00,BM20070608,Yo
7/23/2020 0:00,BM20070609,Yo
7/23/2020 0:00,BM20070610,Yo
8/1/2020 0:00,BM20080611,Yo
8/1/2020 0:00,BM20080612,Yo
8/1/2020 0:00,BM20080613,Yo
8/1/2020 0:00,BM20080614,Yo
8/1/2020 0:00,BM20080615,Yo
8/1/2020 0:00,BM20080616,Yo
8/1/2020 0:00,BM20080617,Yo
8/1/2020 0:00,BM20080618,Yo
8/1/2020 0:00,BM20080619,Yo
8/1/2020 0:00,BM20080620,Yo
8/7/2020 0:00,BP20080775,Yo
8/7/2020 0:00,BP20080776,Yo
8/7/2020 0:00,BP20080777,Yo
8/7/2020 0:00,BP20080778,Yo
8/7/2020 0:00,BP20080779,Yo
8/7/2020 0:00,BP20080780,Yo
8/7/2020 0:00,BP20080781,Yo
8/7/2020 0:00,BP20080782,Yo
8/7/2020 0:00,BP20080783,Yo
8/7/2020 0:00,BP20080784,Yo
8/14/2020 0:00,CC6308641,Yo
8/14/2020 0:00,CC6308642,Yo
8/14/2020 0:00,CC6308643,Yo
8/14/2020 0:00,CC6308644,Yo
8/14/2020 0:00,CC6308645,Yo
8/14/2020 0:00,CC6308646,Yo
8/14/2020 0:00,CC6308647,Yo
8/14/2020 0:00,CC6308648,Yo
8/14/2020 0:00,CC6308649,Yo
8/14/2020 0:00,CC6308650,Yo
8/14/2020 0:00,CC6308651,Yo
8/14/2020 0:00,CC6308652,Yo
8/14/2020 0:00,CC6308653,Yo
8/14/2020 0:00,CC6308654,Yo
8/14/2020 0:00,CC6308655,Yo
8/14/2020 0:00,CC6308656,Yo
8/14/2020 0:00,CC6308657,Yo
8/14/2020 0:00,CC6308658,Yo
8/14/2020 0:00,CC6308659,Yo
8/14/2020 0:00,CC6308660,Yo
8/14/2020 0:00,CI2008768,Yo
8/14/2020 0:00,CI2008769,Yo
8/14/2020 0:00,CI2008770,Yo
8/14/2020 0:00,CI2008771,Yo
8/14/2020 0:00,CI2008772,Yo
8/14/2020 0:00,CI2008773,Yo
8/14/2020 0:00,CI2008774,Yo
8/14/2020 0:00,CI2008775,Yo
8/14/2020 0:00,CI2008776,Yo
8/14/2020 0:00,CI2008777,Yo
8/14/2020 0:00,CI2008778,Yo
8/14/2020 0:00,CI2008779,Yo
8/14/2020 0:00,CI2008780,Yo
8/14/2020 0:00,CI2008781,Yo
8/14/2020 0:00,CI2008782,Yo
8/14/2020 0:00,CI2008783,Yo
8/14/2020 0:00,CI2008784,Yo
8/14/2020 0:00,CI2008785,Yo
8/14/2020 0:00,CI2008786,Yo
8/14/2020 0:00,CI2008787,Yo
8/14/2020 0:00,CI2008788,Yo
8/14/2020 0:00,CI2008789,Yo
8/14/2020 0:00,CI2008790,Yo
8/14/2020 0:00,CI2008791,Yo
8/14/2020 0:00,CI2008792,Yo
8/14/2020 0:00,CI2008793,Yo
8/14/2020 0:00,CI2008794,Yo
8/14/2020 0:00,CI2008795,Yo
8/14/2020 0:00,CI2008796,Yo
8/14/2020 0:00,CI2008797,Yo
8/19/2020 0:00,BM20080621,Yo
8/19/2020 0:00,BM20080622,Yo
8/19/2020 0:00,BM20080623,Yo
8/19/2020 0:00,BM20080624,Yo
8/19/2020 0:00,BM20080625,Yo
8/19/2020 0:00,BM20080626,Yo
8/19/2020 0:00,BM20080627,Yo
8/19/2020 0:00,BM20080628,Yo
8/19/2020 0:00,BM20080629,Yo
8/19/2020 0:00,BM20080630,Yo
8/29/2020 0:00,BM20080631,Yo
8/29/2020 0:00,BM20080632,Yo
8/29/2020 0:00,BM20080633,Yo
8/29/2020 0:00,BM20080634,Yo
8/29/2020 0:00,BM20080635,Yo
8/29/2020 0:00,BM20080636,Yo
8/29/2020 0:00,BM20080637,Yo
8/29/2020 0:00,BM20080638,Yo
8/29/2020 0:00,BM20080639,Yo
8/29/2020 0:00,BM20080640,Yo
9/12/2020 0:00,BP20090785,Yo
9/12/2020 0:00,BP20090786,Yo
9/12/2020 0:00,BP20090787,Yo
9/12/2020 0:00,BP20090788,Yo
9/12/2020 0:00,BP20090789,Yo
9/12/2020 0:00,BP20090790,Yo
9/12/2020 0:00,BP20090791,Yo
9/12/2020 0:00,BP20090792,Yo
9/12/2020 0:00,BP20090793,Yo
9/12/2020 0:00,BP20090794,Yo
9/15/2020 0:00,CC6309661,Yo
9/15/2020 0:00,CC6309662,Yo
9/15/2020 0:00,CC6309663,Yo
9/15/2020 0:00,CC6309664,Yo
9/15/2020 0:00,CC6309665,Yo
9/15/2020 0:00,CC6309666,Yo
9/15/2020 0:00,CC6309667,Yo
9/15/2020 0:00,CC6309668,Yo
9/15/2020 0:00,CC6309669,Yo
9/15/2020 0:00,CC6309670,Yo
9/15/2020 0:00,CC6309671,Yo
9/15/2020 0:00,CC6309672,Yo
9/15/2020 0:00,CC6309673,Yo
9/15/2020 0:00,CC6309674,Yo
9/15/2020 0:00,CC6309675,Yo
9/15/2020 0:00,CC6309676,Yo
9/15/2020 0:00,CC6309677,Yo
9/15/2020 0:00,CC6309678,Yo
9/15/2020 0:00,CC6309679,Yo
9/15/2020 0:00,CC6309680,Yo
9/15/2020 0:00,MC20090533,Ice
9/15/2020 0:00,MC20090534,Ice
9/15/2020 0:00,MC20090535,Ice
9/15/2020 0:00,MC20090536,Ice
9/15/2020 0:00,MC20090537,Ice
9/15/2020 0:00,MC20090538,Ice
9/15/2020 0:00,MC20090539,Ice
9/15/2020 0:00,MC20090540,Ice
9/15/2020 0:00,MC20090541,Ice
9/15/2020 0:00,MC20090542,Ice
9/18/2020 0:00,BM20090641,Yo
9/18/2020 0:00,BM20090642,Yo
9/18/2020 0:00,BM20090643,Yo
9/18/2020 0:00,BM20090644,Yo
9/18/2020 0:00,BM20090645,Yo
9/18/2020 0:00,BM20090646,Yo
9/18/2020 0:00,BM20090647,Yo
9/18/2020 0:00,BM20090648,Yo
9/18/2020 0:00,BM20090649,Yo
9/18/2020 0:00,BM20090650,Yo
9/25/2020 0:00,BM20090651,Yo
9/25/2020 0:00,BM20090652,Yo
9/25/2020 0:00,BM20090653,Yo
9/25/2020 0:00,BM20090654,Yo
9/25/2020 0:00,BM20090655,Yo
9/25/2020 0:00,BM20090656,Yo
9/25/2020 0:00,BM20090657,Yo
9/25/2020 0:00,BM20090658,Yo
9/25/2020 0:00,BM20090659,Yo
9/25/2020 0:00,BM20090660,Yo
10/3/2020 0:00,BP20100795,Yo
10/3/2020 0:00,BP20100796,Yo
10/3/2020 0:00,BP20100797,Yo
10/3/2020 0:00,BP20100798,Yo
10/3/2020 0:00,BP20100799,Yo
10/3/2020 0:00,BP20100800,Yo
10/3/2020 0:00,BP20100801,Yo
10/3/2020 0:00,BP20100802,Yo
10/3/2020 0:00,BP20100803,Yo
10/3/2020 0:00,BP20100804,Yo
10/15/2020 0:00,BSF20100016,Don
10/15/2020 0:00,BSF20100017,Don
10/15/2020 0:00,BSF20100018,Don
10/15/2020 0:00,BSF20100019,Don
10/15/2020 0:00,BSF20100020,Don
10/15/2020 0:00,BSF20100021,Don
10/15/2020 0:00,BSF20100022,Don
10/15/2020 0:00,BSF20100023,Don
10/15/2020 0:00,BSG20100013,Don
10/15/2020 0:00,BSG20100014,Don
10/15/2020 0:00,BSG20100015,Don
10/15/2020 0:00,CC6310681,Yo
10/15/2020 0:00,CC6310682,Yo
10/15/2020 0:00,CC6310683,Yo
10/15/2020 0:00,CC6310684,Yo
10/15/2020 0:00,CC6310685,Yo
10/15/2020 0:00,CC6310686,Yo
10/15/2020 0:00,CC6310687,Yo
10/15/2020 0:00,CC6310688,Yo
10/15/2020 0:00,CC6310689,Yo
10/15/2020 0:00,CC6310690,Yo
10/15/2020 0:00,CC6310691,Yo
10/15/2020 0:00,CC6310692,Yo
10/15/2020 0:00,CC6310693,Yo
10/15/2020 0:00,CC6310694,Yo
10/15/2020 0:00,CC6310695,Yo
10/15/2020 0:00,CC6310696,Yo
10/15/2020 0:00,CC6310697,Yo
10/15/2020 0:00,CC6310698,Yo
10/15/2020 0:00,CC6310699,Yo
10/15/2020 0:00,CC6310700,Yo
10/15/2020 0:00,CI2010798,Yo
10/15/2020 0:00,CI2010799,Yo
10/15/2020 0:00,CI2010800,Yo
10/15/2020 0:00,CI2010801,Yo
10/15/2020 0:00,CI2010802,Yo
10/15/2020 0:00,MC20010543,Ice
10/15/2020 0:00,MC20010544,Ice
10/15/2020 0:00,MC20010545,Ice
10/15/2020 0:00,MC20010546,Ice
10/15/2020 0:00,MC20010547,Ice
10/15/2020 0:00,MC20010548,Ice
10/15/2020 0:00,MC20010549,Ice
10/15/2020 0:00,MC20010550,Ice
10/15/2020 0:00,MC20010551,Ice
10/15/2020 0:00,MC20010552,Ice
10/15/2020 0:00,MC20010553,Ice
10/15/2020 0:00,MC20010554,Ice
10/15/2020 0:00,MC20010555,Ice
10/15/2020 0:00,MC20010556,Ice
10/15/2020 0:00,MC20010557,Ice
10/15/2020 0:00,MC20010558,Ice
10/15/2020 0:00,MC20010559,Ice
10/15/2020 0:00,MC20010560,Ice
10/15/2020 0:00,MC20010561,Ice
10/15/2020 0:00,MC20010562,Ice
10/17/2020 0:00,BM20100661,Yo
10/17/2020 0:00,BM20100662,Yo
10/17/2020 0:00,BM20100663,Yo
10/17/2020 0:00,BM20100664,Yo
10/17/2020 0:00,BM20100665,Yo
10/17/2020 0:00,BM20100666,Yo
10/17/2020 0:00,BM20100667,Yo
10/17/2020 0:00,BM20100668,Yo
10/17/2020 0:00,BM20100669,Yo
10/17/2020 0:00,BM20100670,Yo
10/31/2020 0:00,BP20100805,Yo
10/31/2020 0:00,BP20100806,Yo
10/31/2020 0:00,BP20100807,Yo
10/31/2020 0:00,BP20100808,Yo
10/31/2020 0:00,BP20100809,Yo
10/31/2020 0:00,BP20100810,Yo
10/31/2020 0:00,BP20100811,Yo
10/31/2020 0:00,BP20100812,Yo
10/31/2020 0:00,BP20100813,Yo
10/31/2020 0:00,BP20100814,Yo
11/6/2020 0:00,BM20110671,Yo
11/6/2020 0:00,BM20110672,Yo
11/6/2020 0:00,BM20110673,Yo
11/6/2020 0:00,BM20110674,Yo
11/6/2020 0:00,BM20110675,Yo
11/6/2020 0:00,BM20110676,Yo
11/6/2020 0:00,BM20110677,Yo
11/6/2020 0:00,BM20110678,Yo
11/6/2020 0:00,BM20110679,Yo
11/6/2020 0:00,BM20110680,Yo
11/13/2020 0:00,BM20110681,Yo
11/13/2020 0:00,BM20110682,Yo
11/13/2020 0:00,BM20110683,Yo
11/13/2020 0:00,BM20110684,Yo
11/13/2020 0:00,BM20110685,Yo
11/13/2020 0:00,BM20110686,Yo
11/13/2020 0:00,BM20110687,Yo
11/13/2020 0:00,BM20110688,Yo
11/13/2020 0:00,BM20110689,Yo
11/13/2020 0:00,BM20110690,Yo
11/16/2020 0:00,BSF20110024,Don
11/16/2020 0:00,BSF20110025,Don
11/16/2020 0:00,BSF20110026,Don
11/16/2020 0:00,BSF20110027,Don
11/16/2020 0:00,BSF20110028,Don
11/16/2020 0:00,BSF20110029,Don
11/16/2020 0:00,BSF20110030,Don
11/16/2020 0:00,BSF20110031,Don
11/16/2020 0:00,BSF20110032,Don
11/16/2020 0:00,BSG20110016,Don
11/16/2020 0:00,BSG20110017,Don
11/16/2020 0:00,BSG20110018,Don
11/16/2020 0:00,BSG20110029,Don
11/16/2020 0:00,CC6311701,Yo
11/16/2020 0:00,CC6311702,Yo
11/16/2020 0:00,CC6311703,Yo
11/16/2020 0:00,CC6311704,Yo
11/16/2020 0:00,CC6311705,Yo
11/16/2020 0:00,CC6311706,Yo
11/16/2020 0:00,CC6311707,Yo
11/16/2020 0:00,CC6311708,Yo
11/16/2020 0:00,CC6311709,Yo
11/16/2020 0:00,CC6311710,Yo
11/16/2020 0:00,CC6311711,Yo
11/16/2020 0:00,CC6311712,Yo
11/16/2020 0:00,CC6311713,Yo
11/16/2020 0:00,CC6311714,Yo
11/16/2020 0:00,CC6311715,Yo
11/16/2020 0:00,CC6311716,Yo
11/16/2020 0:00,CC6311717,Yo
11/16/2020 0:00,CC6311718,Yo
11/16/2020 0:00,CC6311719,Yo
11/16/2020 0:00,CC6311720,Yo
11/16/2020 0:00,CI2011803,Yo
11/16/2020 0:00,CI2011804,Yo
11/16/2020 0:00,CI2011805,Yo
11/16/2020 0:00,CI2011806,Yo
11/16/2020 0:00,CI2011807,Yo
11/16/2020 0:00,CI2011808,Yo
11/16/2020 0:00,CI2011809,Yo
11/16/2020 0:00,CI2011810,Yo
11/16/2020 0:00,CI2011811,Yo
11/16/2020 0:00,CI2011812,Yo
11/16/2020 0:00,MC20110563,Ice
11/16/2020 0:00,MC20110564,Ice
11/16/2020 0:00,MC20110565,Ice
11/16/2020 0:00,MC20110566,Ice
11/16/2020 0:00,MC20110567,Ice
11/16/2020 0:00,MC20110568,Ice
11/16/2020 0:00,MC20110569,Ice
11/16/2020 0:00,MC20110570,Ice
11/16/2020 0:00,MC20110571,Ice
11/16/2020 0:00,MC20110572,Ice
11/16/2020 0:00,MC20110573,Ice
11/16/2020 0:00,MC20110574,Ice
11/16/2020 0:00,MC20110575,Ice
11/16/2020 0:00,MC20110576,Ice
11/16/2020 0:00,MC20110577,Ice
11/16/2020 0:00,MC20110578,Ice
11/16/2020 0:00,MC20110579,Ice
11/16/2020 0:00,MC20110580,Ice
11/16/2020 0:00,MC20110581,Ice
11/16/2020 0:00,MC20110582,Ice
11/16/2020 0:00,MC20110583,Ice
11/16/2020 0:00,MC20110584,Ice
11/16/2020 0:00,MC20110585,Ice
11/16/2020 0:00,MC20110586,Ice
11/16/2020 0:00,MC20110587,Ice
11/16/2020 0:00,MC20110588,Ice
11/16/2020 0:00,MC20110589,Ice
11/16/2020 0:00,MC20110590,Ice
11/16/2020 0:00,MC20110591,Ice
11/16/2020 0:00,MC20110592,Ice
11/16/2020 0:00,MC20110593,Ice
11/20/2020 0:00,BP20110815,Yo
11/20/2020 0:00,BP20110816,Yo
11/20/2020 0:00,BP20110817,Yo
11/20/2020 0:00,BP20110818,Yo
11/20/2020 0:00,BP20110819,Yo
11/20/2020 0:00,BP20110820,Yo
11/20/2020 0:00,BP20110821,Yo
11/20/2020 0:00,BP20110822,Yo
11/20/2020 0:00,BP20110823,Yo
11/20/2020 0:00,BP20110824,Yo
11/30/2020 0:00,BM20110691,Yo
11/30/2020 0:00,BM20110692,Yo
11/30/2020 0:00,BM20110693,Yo
11/30/2020 0:00,BM20110694,Yo
11/30/2020 0:00,BM20110695,Yo
11/30/2020 0:00,BM20110696,Yo
11/30/2020 0:00,BM20110697,Yo
11/30/2020 0:00,BM20110698,Yo
11/30/2020 0:00,BM20110699,Yo
11/30/2020 0:00,BM20110700,Yo
12/9/2020 0:00,BP20120825,Yo
12/9/2020 0:00,BP20120826,Yo
12/9/2020 0:00,BP20120827,Yo
12/9/2020 0:00,BP20120828,Yo
12/9/2020 0:00,BP20120829,Yo
12/9/2020 0:00,BP20120830,Yo
12/9/2020 0:00,BP20120831,Yo
12/9/2020 0:00,BP20120832,Yo
12/9/2020 0:00,BP20120833,Yo
12/9/2020 0:00,BP20120834,Yo
12/15/2020 0:00,BSF20120033,Don
12/15/2020 0:00,BSF20120034,Don
12/15/2020 0:00,BSF20120035,Don
12/15/2020 0:00,BSF20120036,Don
12/15/2020 0:00,BSF20120037,Don
12/15/2020 0:00,BSF20120038,Don
12/15/2020 0:00,BSF20120039,Don
12/15/2020 0:00,BSF20120040,Don
12/15/2020 0:00,BSF20120041,Don
12/15/2020 0:00,BSF20120042,Don
12/15/2020 0:00,BSF20120043,Don
12/15/2020 0:00,BSF20120044,Don
12/15/2020 0:00,BSF20120045,Don
12/15/2020 0:00,BSF20120046,Don
12/15/2020 0:00,BSF20120047,Don
12/15/2020 0:00,BSF20120048,Don
12/15/2020 0:00,BSF20120049,Don
12/15/2020 0:00,BSF20120050,Don
12/15/2020 0:00,BSF20120051,Don
12/15/2020 0:00,BSF20120052,Don
12/15/2020 0:00,BSF20120053,Don
12/15/2020 0:00,BSF20120054,Don
12/15/2020 0:00,BSF20120055,Don
12/15/2020 0:00,BSF20120056,Don
12/15/2020 0:00,BSF20120057,Don
12/15/2020 0:00,BSF20120058,Don
12/15/2020 0:00,BSF20120059,Don
12/15/2020 0:00,BSF20120060,Don
12/15/2020 0:00,BSF20120061,Don
12/15/2020 0:00,BSF20120062,Don
12/15/2020 0:00,BSF20120063,Don
12/15/2020 0:00,BSF20120064,Don
12/15/2020 0:00,BSF20120065,Don
12/15/2020 0:00,BSF20120066,Don
12/15/2020 0:00,BSF20120067,Don
12/15/2020 0:00,BSG20120030,Don
12/15/2020 0:00,BSG20120031,Don
12/15/2020 0:00,BSG20120032,Don
12/15/2020 0:00,BSG20120033,Don
12/15/2020 0:00,BSG20120034,Don
12/15/2020 0:00,BSG20120035,Don
12/15/2020 0:00,BSG20120036,Don
12/15/2020 0:00,CC6312721,Yo
12/15/2020 0:00,CC6312722,Yo
12/15/2020 0:00,CC6312723,Yo
12/15/2020 0:00,CC6312724,Yo
12/15/2020 0:00,CC6312725,Yo
12/15/2020 0:00,CC6312726,Yo
12/15/2020 0:00,CC6312727,Yo
12/15/2020 0:00,CC6312728,Yo
12/15/2020 0:00,CC6312729,Yo
12/15/2020 0:00,CC6312730,Yo
12/15/2020 0:00,CC6312731,Yo
12/15/2020 0:00,CC6312732,Yo
12/15/2020 0:00,CC6312733,Yo
12/15/2020 0:00,CC6312734,Yo
12/15/2020 0:00,CC6312735,Yo
12/15/2020 0:00,CC6312736,Yo
12/15/2020 0:00,CC6312737,Yo
12/15/2020 0:00,CC6312738,Yo
12/15/2020 0:00,CC6312739,Yo
12/15/2020 0:00,CC6312740,Yo
12/15/2020 0:00,CC6312741,Yo
12/15/2020 0:00,CC6412742,Yo
12/15/2020 0:00,CC6412743,Yo
12/15/2020 0:00,CC6412744,Yo
12/15/2020 0:00,CC6412745,Yo
12/15/2020 0:00,CC6412746,Yo
12/15/2020 0:00,CI2012813,Yo
12/15/2020 0:00,CI2012814,Yo
12/15/2020 0:00,CI2012815,Yo
12/15/2020 0:00,CI2012816,Yo
12/15/2020 0:00,CI2012817,Yo
12/15/2020 0:00,CI2012818,Yo
12/15/2020 0:00,CI2012819,Yo
12/15/2020 0:00,CI2012820,Yo
12/15/2020 0:00,CI2012821,Yo
12/15/2020 0:00,CI2012822,Yo
12/15/2020 0:00,CI2012823,Yo
12/15/2020 0:00,CI2012824,Yo
12/15/2020 0:00,CI2012825,Yo
12/15/2020 0:00,CI2012826,Yo
12/15/2020 0:00,CI2012827,Yo
12/15/2020 0:00,CI2012828,Yo
12/15/2020 0:00,CI2012829,Yo
12/15/2020 0:00,CI2012830,Yo
12/15/2020 0:00,CI2012831,Yo
12/15/2020 0:00,CI2012832,Yo
12/23/2020 0:00,BM20120701,Yo
12/23/2020 0:00,BM20120702,Yo
12/23/2020 0:00,BM20120703,Yo
12/23/2020 0:00,BM20120704,Yo
12/23/2020 0:00,BM20120705,Yo
12/23/2020 0:00,BM20120706,Yo
12/23/2020 0:00,BM20120707,Yo
12/23/2020 0:00,BM20120708,Yo
12/23/2020 0:00,BM20120709,Yo
12/23/2020 0:00,BM20120710,Yo
12/24/2020 0:00,BP20120835,Yo
12/24/2020 0:00,BP20120836,Yo
12/24/2020 0:00,BP20120837,Yo
12/24/2020 0:00,BP20120838,Yo
12/24/2020 0:00,BP20120839,Yo
12/24/2020 0:00,BP20120840,Yo
12/24/2020 0:00,BP20120841,Yo
12/24/2020 0:00,BP20120842,Yo
12/24/2020 0:00,BP20120843,Yo
12/24/2020 0:00,BP20120844,Yo
1/11/2021 0:00,BM20120711,Yo
1/11/2021 0:00,BM20120712,Yo
1/11/2021 0:00,BM20120713,Yo
1/11/2021 0:00,BM20120714,Yo
1/11/2021 0:00,BM21010715,Yo
1/11/2021 0:00,BM21010716,Yo
1/11/2021 0:00,BM21010717,Yo
1/11/2021 0:00,BM21010718,Yo
1/11/2021 0:00,BM21010719,Yo
1/11/2021 0:00,BM21010720,Yo
1/15/2021 0:00,BM21010721,Yo
1/15/2021 0:00,BM21010722,Yo
1/15/2021 0:00,BM21010723,Yo
1/15/2021 0:00,BM21010724,Yo
1/15/2021 0:00,BM21010725,Yo
1/15/2021 0:00,BM21010726,Yo
1/15/2021 0:00,BM21010727,Yo
1/15/2021 0:00,BM21010728,Yo
1/15/2021 0:00,BM21010729,Yo
1/15/2021 0:00,BM21010730,Yo
1/15/2021 0:00,BSF21010068,Don
1/15/2021 0:00,BSF21010069,Don
1/15/2021 0:00,BSF21010070,Don
1/15/2021 0:00,BSF21010071,Don
1/15/2021 0:00,BSF21010072,Don
1/15/2021 0:00,BSF21010073,Don
1/15/2021 0:00,BSF21010074,Don
1/15/2021 0:00,BSF21010075,Don
1/15/2021 0:00,BSF21010076,Don
1/15/2021 0:00,BSF21010077,Don
1/15/2021 0:00,BSF21010078,Don
1/15/2021 0:00,BSF21010079,Don
1/15/2021 0:00,BSF21010080,Don
1/15/2021 0:00,BSF21010081,Don
1/15/2021 0:00,BSF21010082,Don
1/15/2021 0:00,BSF21010083,Don
1/15/2021 0:00,BSF21010084,Don
1/15/2021 0:00,BSF21010085,Don
1/15/2021 0:00,BSF21010086,Don
1/15/2021 0:00,BSG21010037,Don
1/15/2021 0:00,BSG21010038,Don
1/15/2021 0:00,BSG21010039,Don
1/15/2021 0:00,BSG21010040,Don
1/15/2021 0:00,CC6401747,Yo
1/15/2021 0:00,CC6401748,Yo
1/15/2021 0:00,CC6401751,Yo
1/15/2021 0:00,CC6401752,Yo
1/15/2021 0:00,CC6401753,Yo
1/15/2021 0:00,CC6401754,Yo
1/15/2021 0:00,CC6401755,Yo
1/15/2021 0:00,CC6401756,Yo
1/15/2021 0:00,CC6401757,Yo
1/15/2021 0:00,CC6401758,Yo
1/15/2021 0:00,CC6401759,Yo
1/15/2021 0:00,CC6401760,Yo
1/15/2021 0:00,CI2101833,Yo
1/15/2021 0:00,CI2101834,Yo
1/15/2021 0:00,CI2101835,Yo
1/15/2021 0:00,CI2101836,Yo
1/15/2021 0:00,CI2101837,Yo
1/15/2021 0:00,CI2101838,Yo
1/15/2021 0:00,CI2101839,Yo
1/15/2021 0:00,CI2101840,Yo
1/15/2021 0:00,CI2101841,Yo
1/15/2021 0:00,CI2101842,Yo
1/15/2021 0:00,MC21010594,Ice
1/15/2021 0:00,MC21010595,Ice
1/15/2021 0:00,MC21010596,Ice
1/15/2021 0:00,MC21010597,Ice
1/15/2021 0:00,MC21010598,Ice
1/15/2021 0:00,MC21010599,Ice
1/15/2021 0:00,MC21010600,Ice
1/15/2021 0:00,MC21010601,Ice
1/15/2021 0:00,MC21010602,Ice
1/15/2021 0:00,MC21010603,Ice
1/26/2021 0:00,BP21010845,Yo
1/26/2021 0:00,BP21010846,Yo
1/26/2021 0:00,BP21010847,Yo
1/26/2021 0:00,BP21010848,Yo
1/26/2021 0:00,BP21010849,Yo
1/26/2021 0:00,BP21010850,Yo
1/26/2021 0:00,BP21010851,Yo
1/26/2021 0:00,BP21010852,Yo
1/26/2021 0:00,BP21010853,Yo
1/26/2021 0:00,BP21010854,Yo
2/4/2021 0:00,BM21020731,Yo
2/4/2021 0:00,BM21020732,Yo
2/4/2021 0:00,BM21020733,Yo
2/4/2021 0:00,BM21020734,Yo
2/4/2021 0:00,BM21020735,Yo
2/4/2021 0:00,BM21020736,Yo
2/4/2021 0:00,BM21020737,Yo
2/4/2021 0:00,BM21020738,Yo
2/4/2021 0:00,BM21020739,Yo
2/4/2021 0:00,BM21020740,Yo
2/10/2021 0:00,BP21020855,Yo
2/10/2021 0:00,BP21020856,Yo
2/10/2021 0:00,BP21020857,Yo
2/10/2021 0:00,BP21020858,Yo
2/10/2021 0:00,BP21020859,Yo
2/10/2021 0:00,BP21020860,Yo
2/10/2021 0:00,BP21020861,Yo
2/10/2021 0:00,BP21020862,Yo
2/10/2021 0:00,BP21020863,Yo
2/10/2021 0:00,BP21020864,Yo
2/15/2021 0:00,BSF21020087,Don
2/15/2021 0:00,BSF21020088,Don
2/15/2021 0:00,BSF21020089,Don
2/15/2021 0:00,BSF21020090,Don
2/15/2021 0:00,BSF21020091,Don
2/15/2021 0:00,BSF21020092,Don
2/15/2021 0:00,BSF21020093,Don
2/15/2021 0:00,BSF21020094,Don
2/15/2021 0:00,BSG21020041,Don
2/15/2021 0:00,BSG21020042,Don
2/15/2021 0:00,BSG21020043,Don
2/15/2021 0:00,BSG21020044,Don
2/15/2021 0:00,BSG21020045,Don
2/15/2021 0:00,BSG21020046,Don
2/15/2021 0:00,BSG21020047,Don
2/15/2021 0:00,CC6402761,Yo
2/15/2021 0:00,CC6402762,Yo
2/15/2021 0:00,CC6402763,Yo
2/15/2021 0:00,CC6402764,Yo
2/15/2021 0:00,CC6402765,Yo
2/15/2021 0:00,CC6402766,Yo
2/15/2021 0:00,CC6402767,Yo
2/15/2021 0:00,CC6402768,Yo
2/15/2021 0:00,CC6402769,Yo
2/15/2021 0:00,CC6402770,Yo
2/15/2021 0:00,CC6402771,Yo
2/15/2021 0:00,CC6402772,Yo
2/15/2021 0:00,CC6402773,Yo
2/15/2021 0:00,CC6402774,Yo
2/15/2021 0:00,CC6402775,Yo
2/15/2021 0:00,CI2102843,Yo
2/15/2021 0:00,CI2102844,Yo
2/15/2021 0:00,CI2102845,Yo
2/15/2021 0:00,CI2102846,Yo
2/15/2021 0:00,CI2102847,Yo
2/15/2021 0:00,CI2102848,Yo
2/15/2021 0:00,CI2102849,Yo
2/15/2021 0:00,CI2102850,Yo
2/15/2021 0:00,CI2102851,Yo
2/15/2021 0:00,CI2102852,Yo
2/15/2021 0:00,CI2102853,Yo
2/15/2021 0:00,MC21020604,Ice
2/15/2021 0:00,MC21020605,Ice
2/15/2021 0:00,MC21020606,Ice
2/15/2021 0:00,MC21020607,Ice
2/15/2021 0:00,MC21020608,Ice
2/15/2021 0:00,MC21020609,Ice
2/15/2021 0:00,MC21020610,Ice
2/15/2021 0:00,MC21020611,Ice
2/15/2021 0:00,MC21020612,Ice
2/15/2021 0:00,MC21020613,Ice
2/15/2021 0:00,MC21020614,Ice
2/15/2021 0:00,MC21020615,Ice
2/15/2021 0:00,MC21020616,Ice
2/15/2021 0:00,MC21020617,Ice
2/15/2021 0:00,MC21020618,Ice
2/15/2021 0:00,MC21020619,Ice
2/15/2021 0:00,MC21020620,Ice
2/15/2021 0:00,MC21020621,Ice
2/15/2021 0:00,MC21020622,Ice
2/15/2021 0:00,MC21020623,Ice
2/15/2021 0:00,MC21020624,Ice
2/20/2021 0:00,BP21020865,Yo
2/20/2021 0:00,BP21020866,Yo
2/20/2021 0:00,BP21020867,Yo
2/20/2021 0:00,BP21020868,Yo
2/20/2021 0:00,BP21020869,Yo
2/20/2021 0:00,BP21020870,Yo
2/20/2021 0:00,BP21020871,Yo
2/20/2021 0:00,BP21020872,Yo
2/20/2021 0:00,BP21020873,Yo
2/20/2021 0:00,BP21020874,Yo
3/1/2021 0:00,BM21020741,Yo
3/1/2021 0:00,BM21020742,Yo
3/1/2021 0:00,BM21020743,Yo
3/1/2021 0:00,BM21020744,Yo
3/1/2021 0:00,BM21020745,Yo
3/1/2021 0:00,BM21020746,Yo
3/1/2021 0:00,BM21020747,Yo
3/1/2021 0:00,BM21020748,Yo
3/1/2021 0:00,BM21020749,Yo
3/1/2021 0:00,BM21020750,Yo
3/5/2021 0:00,BP21030875,Yo
3/5/2021 0:00,BP21030876,Yo
3/5/2021 0:00,BP21030877,Yo
3/5/2021 0:00,BP21030878,Yo
3/5/2021 0:00,BP21030879,Yo
3/5/2021 0:00,BP21030880,Yo
3/5/2021 0:00,BP21030881,Yo
3/5/2021 0:00,BP21030882,Yo
3/5/2021 0:00,BP21030883,Yo
3/5/2021 0:00,BP21030884,Yo
3/11/2021 0:00,BP21030885,Yo
3/11/2021 0:00,BP21030886,Yo
3/11/2021 0:00,BP21030887,Yo
3/11/2021 0:00,BP21030888,Yo
3/11/2021 0:00,BP21030889,Yo
3/11/2021 0:00,BP21030890,Yo
3/11/2021 0:00,BP21030891,Yo
3/11/2021 0:00,BP21030892,Yo
3/11/2021 0:00,BP21030893,Yo
3/11/2021 0:00,BP21030894,Yo
3/15/2021 0:00,BSF21030095,Don
3/15/2021 0:00,BSF21030096,Don
3/15/2021 0:00,BSF21030097,Don
3/15/2021 0:00,BSF21030098,Don
3/15/2021 0:00,BSF21030099,Don
3/15/2021 0:00,BSF21030100,Don
3/15/2021 0:00,BSF21030101,Don
3/15/2021 0:00,BSF21030102,Don
3/15/2021 0:00,BSF21030103,Don
3/15/2021 0:00,BSF21030104,Don
3/15/2021 0:00,BSF21030105,Don
3/15/2021 0:00,BSF21030106,Don
3/15/2021 0:00,BSF21030107,Don
3/15/2021 0:00,BSF21030108,Don
3/15/2021 0:00,BSF21030109,Don
3/15/2021 0:00,BSF21030110,Don
3/15/2021 0:00,BSF21030111,Don
3/15/2021 0:00,BSF21030112,Don
3/15/2021 0:00,BSF21030113,Don
3/15/2021 0:00,BSF21030114,Don
3/15/2021 0:00,BSF21030115,Don
3/15/2021 0:00,BSF21030116,Don
3/15/2021 0:00,BSF21030117,Don
3/15/2021 0:00,BSF21030118,Don
3/15/2021 0:00,BSF21030119,Don
3/15/2021 0:00,BSF21030120,Don
3/15/2021 0:00,BSF21030121,Don
3/15/2021 0:00,BSF21030122,Don
3/15/2021 0:00,BSF21030123,Don
3/15/2021 0:00,BSF21030124,Don
3/15/2021 0:00,BSF21030125,Don
3/15/2021 0:00,BSF21030126,Don
3/15/2021 0:00,BSF21030127,Don
3/15/2021 0:00,BSF21030128,Don
3/15/2021 0:00,BSF21030129,Don
3/15/2021 0:00,BSF21030130,Don
3/15/2021 0:00,BSF21030131,Don
3/15/2021 0:00,BSF21030132,Don
3/15/2021 0:00,BSF21030133,Don
3/15/2021 0:00,BSF21030134,Don
3/15/2021 0:00,BSF21030135,Don
3/15/2021 0:00,BSF21030136,Don
3/15/2021 0:00,BSF21030137,Don
3/15/2021 0:00,BSF21030138,Don
3/15/2021 0:00,BSF21030139,Don
3/15/2021 0:00,BSF21030140,Don
3/15/2021 0:00,BSF21030141,Don
3/15/2021 0:00,BSF21030142,Don
3/15/2021 0:00,BSF21030143,Don
3/15/2021 0:00,BSF21030144,Don
3/15/2021 0:00,BSF21030145,Don
3/15/2021 0:00,BSF21030146,Don
3/15/2021 0:00,BSF21030147,Don
3/15/2021 0:00,BSF21030148,Don
3/15/2021 0:00,BSF21030149,Don
3/15/2021 0:00,BSF21030150,Don
3/15/2021 0:00,BSF21030151,Don
3/15/2021 0:00,BSF21030152,Don
3/15/2021 0:00,BSF21030153,Don
3/15/2021 0:00,BSG21030048,Don
3/15/2021 0:00,BSG21030049,Don
3/15/2021 0:00,BSG21030050,Don
3/15/2021 0:00,BSG21030051,Don
3/15/2021 0:00,BSG21030052,Don
3/15/2021 0:00,BSG21030053,Don
3/15/2021 0:00,BSG21030054,Don
3/15/2021 0:00,BSG21030055,Don
3/15/2021 0:00,BSG21030056,Don
3/15/2021 0:00,BSG21030057,Don
3/15/2021 0:00,BSG21030058,Don
3/15/2021 0:00,BSG21030059,Don
3/15/2021 0:00,BSG21030060,Don
3/15/2021 0:00,BSG21030061,Don
3/15/2021 0:00,BSG21030062,Don
3/15/2021 0:00,BSG21030063,Don
3/15/2021 0:00,BSG21030064,Don
3/15/2021 0:00,BSG21030065,Don
3/15/2021 0:00,BSG21030066,Don
3/15/2021 0:00,BSG21030067,Don
3/15/2021 0:00,BSG21030068,Don
3/15/2021 0:00,BSG21030069,Don
3/15/2021 0:00,BSG21030070,Don
3/15/2021 0:00,BSG21030071,Don
3/15/2021 0:00,BSG21030072,Don
3/15/2021 0:00,CC6403776,Yo
3/15/2021 0:00,CC6403777,Yo
3/15/2021 0:00,CC6403778,Yo
3/15/2021 0:00,CC6403779,Yo
3/15/2021 0:00,CC6403780,Yo
3/15/2021 0:00,CC6403781,Yo
3/15/2021 0:00,CC6403782,Yo
3/15/2021 0:00,CC6403783,Yo
3/15/2021 0:00,CC6403784,Yo
3/15/2021 0:00,CC6403785,Yo
3/15/2021 0:00,CC6403786,Yo
3/15/2021 0:00,CC6403787,Yo
3/15/2021 0:00,CC6403788,Yo
3/15/2021 0:00,CC6403789,Yo
3/15/2021 0:00,CC6403790,Yo
3/15/2021 0:00,CC6403791,Yo
3/15/2021 0:00,CC6403792,Yo
3/15/2021 0:00,CC6403793,Yo
3/15/2021 0:00,CC6403794,Yo
3/15/2021 0:00,CC6403795,Yo
3/15/2021 0:00,CC6403796,Yo
3/15/2021 0:00,CC6403797,Yo
3/15/2021 0:00,CC6403798,Yo
3/15/2021 0:00,CC6403799,Yo
3/15/2021 0:00,CC6403800,Yo
3/15/2021 0:00,CI2103853,Yo
3/15/2021 0:00,CI2103854,Yo
3/15/2021 0:00,CI2103855,Yo
3/15/2021 0:00,CI2103856,Yo
3/15/2021 0:00,CI2103857,Yo
3/15/2021 0:00,CI2103858,Yo
3/15/2021 0:00,CI2103859,Yo
3/15/2021 0:00,CI2103860,Yo
3/15/2021 0:00,CI2103861,Yo
3/15/2021 0:00,CI2103862,Yo
3/15/2021 0:00,CI2103863,Yo
3/15/2021 0:00,CI2103864,Yo
3/15/2021 0:00,CI2103865,Yo
3/15/2021 0:00,CI2103866,Yo
3/15/2021 0:00,CI2103867,Yo
3/15/2021 0:00,CI2103868,Yo
3/15/2021 0:00,CI2103869,Yo
3/15/2021 0:00,CI2103870,Yo
3/15/2021 0:00,CI2103871,Yo
3/15/2021 0:00,CI2103872,Yo
3/15/2021 0:00,CO2103148,Yo
3/15/2021 0:00,CO2103149,Yo
3/15/2021 0:00,CO2103150,Yo
3/15/2021 0:00,MC21030625,Ice
3/15/2021 0:00,MC21030626,Ice
3/15/2021 0:00,MC21030627,Ice
3/15/2021 0:00,MC21030628,Ice
3/15/2021 0:00,MC21030629,Ice
3/15/2021 0:00,MC21030630,Ice
3/15/2021 0:00,MC21030631,Ice
3/15/2021 0:00,MC21030632,Ice
3/15/2021 0:00,MC21030633,Ice
3/15/2021 0:00,MC21030634,Ice
3/15/2021 0:00,MC21030635,Ice
3/15/2021 0:00,MC21030636,Ice
3/15/2021 0:00,MC21030637,Ice
3/15/2021 0:00,MC21030638,Ice
3/15/2021 0:00,MC21030639,Ice
3/15/2021 0:00,MC21030640,Ice
3/15/2021 0:00,MC21030641,Ice
3/15/2021 0:00,MC21030642,Ice
3/15/2021 0:00,MC21030643,Ice
3/15/2021 0:00,MC21030644,Ice
3/20/2021 0:00,BM21030751,Yo
3/20/2021 0:00,BM21030752,Yo
3/20/2021 0:00,BM21030753,Yo
3/20/2021 0:00,BM21030754,Yo
3/20/2021 0:00,BM21030755,Yo
3/20/2021 0:00,BM21030756,Yo
3/20/2021 0:00,BM21030757,Yo
3/20/2021 0:00,BM21030758,Yo
3/20/2021 0:00,BM21030759,Yo
3/20/2021 0:00,BM21030760,Yo
3/25/2021 0:00,BP21030895,Yo
3/25/2021 0:00,BP21030896,Yo
3/25/2021 0:00,BP21030897,Yo
3/25/2021 0:00,BP21030898,Yo
3/25/2021 0:00,BP21030899,Yo
3/25/2021 0:00,BP21030900,Yo
3/25/2021 0:00,BP21030901,Yo
3/25/2021 0:00,BP21030902,Yo
3/25/2021 0:00,BP21030903,Yo
3/25/2021 0:00,BP21030904,Yo
4/3/2021 0:00,BM21040761,Yo
4/3/2021 0:00,BM21040762,Yo
4/3/2021 0:00,BM21040763,Yo
4/3/2021 0:00,BM21040764,Yo
4/3/2021 0:00,BM21040765,Yo
4/3/2021 0:00,BM21040766,Yo
4/3/2021 0:00,BM21040767,Yo
4/3/2021 0:00,BM21040768,Yo
4/3/2021 0:00,BM21040769,Yo
4/3/2021 0:00,BM21040770,Yo
4/9/2021 0:00,BP21040905,Yo
4/9/2021 0:00,BP21040906,Yo
4/9/2021 0:00,BP21040907,Yo
4/9/2021 0:00,BP21040908,Yo
4/9/2021 0:00,BP21040909,Yo
4/9/2021 0:00,BP21040910,Yo
4/9/2021 0:00,BP21040911,Yo
4/9/2021 0:00,BP21040912,Yo
4/9/2021 0:00,BP21040913,Yo
4/9/2021 0:00,BP21040914,Yo
4/15/2021 0:00,BSF21040154,Don
4/15/2021 0:00,BSF21040155,Don
4/15/2021 0:00,BSF21040156,Don
4/15/2021 0:00,BSF21040157,Don
4/15/2021 0:00,BSF21040158,Don
4/15/2021 0:00,BSF21040159,Don
4/15/2021 0:00,BSF21040160,Don
4/15/2021 0:00,BSF21040161,Don
4/15/2021 0:00,BSF21040162,Don
4/15/2021 0:00,BSF21040163,Don
4/15/2021 0:00,BSF21040164,Don
4/15/2021 0:00,BSF21040165,Don
4/15/2021 0:00,BSF21040166,Don
4/15/2021 0:00,BSF21040167,Don
4/15/2021 0:00,BSF21040168,Don
4/15/2021 0:00,BSF21040169,Don
4/15/2021 0:00,BSF21040170,Don
4/15/2021 0:00,BSF21040171,Don
4/15/2021 0:00,BSF21040172,Don
4/15/2021 0:00,BSF21040173,Don
4/15/2021 0:00,BSF21040174,Don
4/15/2021 0:00,BSF21040175,Don
4/15/2021 0:00,BSF21040176,Don
4/15/2021 0:00,BSF21040177,Don
4/15/2021 0:00,BSF21040178,Don
4/15/2021 0:00,BSF21040179,Don
4/15/2021 0:00,BSF21040180,Don
4/15/2021 0:00,BSF21040181,Don
4/15/2021 0:00,BSG21040073,Don
4/15/2021 0:00,BSG21040074,Don
4/15/2021 0:00,BSG21040075,Don
4/15/2021 0:00,BSG21040076,Don
4/15/2021 0:00,BSG21040077,Don
4/15/2021 0:00,BSG21040078,Don
4/15/2021 0:00,BSG21040079,Don
4/15/2021 0:00,BSG21040080,Don
4/15/2021 0:00,BSG21040081,Don
4/15/2021 0:00,BSG21040082,Don
4/15/2021 0:00,CC6404801,Yo
4/15/2021 0:00,CC6404802,Yo
4/15/2021 0:00,CC6404803,Yo
4/15/2021 0:00,CC6404804,Yo
4/15/2021 0:00,CC6404805,Yo
4/15/2021 0:00,CC6404806,Yo
4/15/2021 0:00,CC6404807,Yo
4/15/2021 0:00,CC6404808,Yo
4/15/2021 0:00,CC6404809,Yo
4/15/2021 0:00,CC6404810,Yo
4/15/2021 0:00,CC6404811,Yo
4/15/2021 0:00,CC6404812,Yo
4/15/2021 0:00,CC6404813,Yo
4/15/2021 0:00,CC6404814,Yo
4/15/2021 0:00,CC6404815,Yo
4/15/2021 0:00,CC6404816,Yo
4/15/2021 0:00,CC6404817,Yo
4/15/2021 0:00,CC6404818,Yo
4/15/2021 0:00,CC6404819,Yo
4/15/2021 0:00,CC6404820,Yo
4/15/2021 0:00,CI2104873,Yo
4/15/2021 0:00,CI2104874,Yo
4/15/2021 0:00,CI2104875,Yo
4/15/2021 0:00,CI2104876,Yo
4/15/2021 0:00,CI2104877,Yo
4/15/2021 0:00,CI2104878,Yo
4/15/2021 0:00,CI2104879,Yo
4/15/2021 0:00,CI2104880,Yo
4/15/2021 0:00,CI2104881,Yo
4/15/2021 0:00,CI2104882,Yo
4/15/2021 0:00,CI2104883,Yo
4/15/2021 0:00,CI2104884,Yo
4/15/2021 0:00,CI2104885,Yo
4/15/2021 0:00,CI2104886,Yo
4/15/2021 0:00,CI2104887,Yo
4/15/2021 0:00,CI2104888,Yo
4/15/2021 0:00,CI2104889,Yo
4/15/2021 0:00,CI2104890,Yo
4/15/2021 0:00,CI2104891,Yo
4/15/2021 0:00,CI2104892,Yo
4/15/2021 0:00,CO2104151,Yo
4/15/2021 0:00,MC21040645,Ice
4/15/2021 0:00,MC21040646,Ice
4/15/2021 0:00,MC21040647,Ice
4/15/2021 0:00,MC21040648,Ice
4/15/2021 0:00,MC21040649,Ice
4/15/2021 0:00,MC21040650,Ice
4/15/2021 0:00,MC21040651,Ice
4/15/2021 0:00,MC21040652,Ice
4/15/2021 0:00,MC21040653,Ice
4/15/2021 0:00,MC21040654,Ice
4/24/2021 0:00,BM21040771,Yo
4/24/2021 0:00,BM21040772,Yo
4/24/2021 0:00,BM21040773,Yo
4/24/2021 0:00,BM21040774,Yo
4/24/2021 0:00,BM21040775,Yo
4/24/2021 0:00,BM21040776,Yo
4/24/2021 0:00,BM21040777,Yo
4/24/2021 0:00,BM21040778,Yo
4/24/2021 0:00,BM21040779,Yo
4/24/2021 0:00,BM21040780,Yo
4/28/2021 0:00,BP21040915,Yo
4/28/2021 0:00,BP21040916,Yo
4/28/2021 0:00,BP21040917,Yo
4/28/2021 0:00,BP21040918,Yo
4/28/2021 0:00,BP21040919,Yo
4/28/2021 0:00,BP21040920,Yo
4/28/2021 0:00,BP21040921,Yo
4/28/2021 0:00,BP21040922,Yo
4/28/2021 0:00,BP21040923,Yo
4/28/2021 0:00,BP21040924,Yo
5/6/2021 0:00,BM21050781,Yo
5/6/2021 0:00,BM21050782,Yo
5/6/2021 0:00,BM21050783,Yo
5/6/2021 0:00,BM21050784,Yo
5/6/2021 0:00,BM21050785,Yo
5/6/2021 0:00,BM21050786,Yo
5/6/2021 0:00,BM21050787,Yo
5/6/2021 0:00,BM21050788,Yo
5/6/2021 0:00,BM21050789,Yo
5/6/2021 0:00,BM21050790,Yo
5/11/2021 0:00,BP21050925,Yo
5/11/2021 0:00,BP21050926,Yo
5/11/2021 0:00,BP21050927,Yo
5/11/2021 0:00,BP21050928,Yo
5/11/2021 0:00,BP21050929,Yo
5/11/2021 0:00,BP21050930,Yo
5/11/2021 0:00,BP21050931,Yo
5/11/2021 0:00,BP21050932,Yo
5/11/2021 0:00,BP21050933,Yo
5/11/2021 0:00,BP21050934,Yo
5/14/2021 0:00,CC6405821,Yo
5/14/2021 0:00,CC6405822,Yo
5/14/2021 0:00,CC6405823,Yo
5/14/2021 0:00,CC6405824,Yo
5/14/2021 0:00,CC6405825,Yo
5/14/2021 0:00,CC6405826,Yo
5/14/2021 0:00,CC6405827,Yo
5/14/2021 0:00,CC6405828,Yo
5/14/2021 0:00,CC6405829,Yo
5/14/2021 0:00,CC6405830,Yo
5/14/2021 0:00,CC6405831,Yo
5/14/2021 0:00,CC6405832,Yo
5/14/2021 0:00,CC6405833,Yo
5/14/2021 0:00,CC6405834,Yo
5/14/2021 0:00,CC6405835,Yo
5/14/2021 0:00,CC6405836,Yo
5/14/2021 0:00,CC6405837,Yo
5/14/2021 0:00,CC6405838,Yo
5/14/2021 0:00,CC6405839,Yo
5/14/2021 0:00,CC6405840,Yo
5/14/2021 0:00,CI2105893,Yo
5/14/2021 0:00,CI2105894,Yo
5/14/2021 0:00,CI2105895,Yo
5/14/2021 0:00,CI2105896,Yo
5/14/2021 0:00,CI2105897,Yo
5/14/2021 0:00,CI2105898,Yo
5/14/2021 0:00,CI2105899,Yo
5/14/2021 0:00,CI2105900,Yo
5/14/2021 0:00,CI2105901,Yo
5/14/2021 0:00,CI2105902,Yo
5/14/2021 0:00,CI2105903,Yo
5/14/2021 0:00,CI2105904,Yo
5/14/2021 0:00,CI2105905,Yo
5/14/2021 0:00,CI2105906,Yo
5/14/2021 0:00,CI2105907,Yo
5/14/2021 0:00,CI2105908,Yo
5/14/2021 0:00,CI2105909,Yo
5/14/2021 0:00,CI2105910,Yo
5/14/2021 0:00,CI2105911,Yo
5/14/2021 0:00,CI2105912,Yo
5/14/2021 0:00,CI2105913,Yo
5/14/2021 0:00,CI2105914,Yo
5/14/2021 0:00,CI2105915,Yo
5/14/2021 0:00,CI2105916,Yo
5/14/2021 0:00,CI2105917,Yo
5/14/2021 0:00,CI2105918,Yo
5/14/2021 0:00,CI2105919,Yo
5/14/2021 0:00,CI2105920,Yo
5/14/2021 0:00,CI2105921,Yo
5/14/2021 0:00,MC21050655,Ice
5/14/2021 0:00,MC21050656,Ice
5/14/2021 0:00,MC21050657,Ice
5/14/2021 0:00,MC21050658,Ice
5/14/2021 0:00,MC21050659,Ice
5/14/2021 0:00,MC21050660,Ice
5/14/2021 0:00,MC21050661,Ice
5/14/2021 0:00,MC21050662,Ice
5/14/2021 0:00,MC21050663,Ice
5/14/2021 0:00,MC21050664,Ice
5/14/2021 0:00,MC21050665,Ice
5/14/2021 0:00,MC21050666,Ice
5/14/2021 0:00,MC21050667,Ice
5/14/2021 0:00,MC21050668,Ice
5/14/2021 0:00,MC21050669,Ice
5/14/2021 0:00,MC21050670,Ice
5/14/2021 0:00,MC21050671,Ice
5/14/2021 0:00,MC21050672,Ice
5/14/2021 0:00,MC21050673,Ice
5/14/2021 0:00,MC21050674,Ice
5/14/2021 0:00,MC21050675,Ice
5/14/2021 0:00,MC21050676,Ice
5/14/2021 0:00,MC21050677,Ice
5/14/2021 0:00,MC21050678,Ice
5/14/2021 0:00,MC21050679,Ice
5/14/2021 0:00,MC21050680,Ice
5/14/2021 0:00,MC21050681,Ice
5/14/2021 0:00,MC21050682,Ice
5/14/2021 0:00,MC21050683,Ice
5/14/2021 0:00,MC21050684,Ice
5/14/2021 0:00,MC21050685,Ice
5/14/2021 0:00,MC21050686,Ice
5/14/2021 0:00,MC21050687,Ice
5/14/2021 0:00,MC21050688,Ice
5/14/2021 0:00,MC21050689,Ice
5/14/2021 0:00,MC21050690,Ice
5/14/2021 0:00,MC21050691,Ice
5/14/2021 0:00,MC21050692,Ice
5/14/2021 0:00,MC21050693,Ice
5/14/2021 0:00,MC21050694,Ice
5/17/2021 0:00,A21050011,Don
5/17/2021 0:00,A21050012,Don
5/17/2021 0:00,A21050013,Don
5/17/2021 0:00,BP21050935,Yo
5/17/2021 0:00,BP21050936,Yo
5/17/2021 0:00,BP21050937,Yo
5/17/2021 0:00,BP21050938,Yo
5/17/2021 0:00,BP21050939,Yo
5/17/2021 0:00,BP21050940,Yo
5/17/2021 0:00,BP21050941,Yo
5/17/2021 0:00,BP21050942,Yo
5/17/2021 0:00,BP21050943,Yo
5/17/2021 0:00,BP21050944,Yo
5/17/2021 0:00,BSF21050182,Don
5/17/2021 0:00,BSF21050183,Don
5/17/2021 0:00,BSF21050184,Don
5/17/2021 0:00,BSF21050185,Don
5/17/2021 0:00,BSF21050186,Don
5/17/2021 0:00,BSF21050187,Don
5/17/2021 0:00,BSF21050188,Don
5/17/2021 0:00,BSF21050189,Don
5/17/2021 0:00,BSF21050190,Don
5/17/2021 0:00,BSF21050191,Don
5/17/2021 0:00,BSF21050192,Don
5/17/2021 0:00,BSF21050193,Don
5/17/2021 0:00,BSF21050194,Don
5/17/2021 0:00,BSF21050195,Don
5/17/2021 0:00,BSF21050196,Don
5/17/2021 0:00,BSF21050197,Don
5/17/2021 0:00,BSF21050198,Don
5/17/2021 0:00,BSF21050199,Don
5/17/2021 0:00,BSF21050200,Don
5/17/2021 0:00,BSF21050201,Don
5/17/2021 0:00,BSF21050202,Don
5/17/2021 0:00,BSF21050203,Don
5/17/2021 0:00,BSF21050204,Don
5/17/2021 0:00,BSF21050205,Don
5/17/2021 0:00,BSF21050206,Don
5/17/2021 0:00,BSF21050207,Don
5/17/2021 0:00,BSF21050208,Don
5/17/2021 0:00,BSF21050209,Don
5/17/2021 0:00,BSF21050210,Don
5/17/2021 0:00,BSF21050211,Don
5/17/2021 0:00,BSF21050212,Don
5/17/2021 0:00,BSF21050213,Don
5/17/2021 0:00,BSF21050214,Don
5/17/2021 0:00,BSF21050215,Don
5/17/2021 0:00,BSF21050216,Don
5/17/2021 0:00,BSF21050217,Don
5/17/2021 0:00,BSF21050218,Don
5/17/2021 0:00,BSF21050219,Don
5/17/2021 0:00,BSF21050220,Don
5/17/2021 0:00,BSF21050221,Don
5/17/2021 0:00,BSF21050222,Don
5/17/2021 0:00,BSF21050223,Don
5/17/2021 0:00,BSF21050224,Don
5/17/2021 0:00,BSF21050225,Don
5/17/2021 0:00,BSF21050226,Don
5/17/2021 0:00,BSF21050227,Don
5/17/2021 0:00,BSF21050228,Don
5/17/2021 0:00,BSF21050229,Don
5/17/2021 0:00,BSF21050230,Don
5/17/2021 0:00,BSF21050231,Don
5/17/2021 0:00,BSF21050232,Don
5/17/2021 0:00,BSF21050233,Don
5/17/2021 0:00,BSF21050234,Don
5/17/2021 0:00,BSF21050235,Don
5/17/2021 0:00,BSF21050236,Don
5/17/2021 0:00,BSF21050237,Don
5/17/2021 0:00,BSF21050238,Don
5/17/2021 0:00,BSF21050239,Don
5/17/2021 0:00,BSF21050240,Don
5/17/2021 0:00,BSF21050241,Don
5/17/2021 0:00,BSF21050242,Don
5/17/2021 0:00,BSF21050243,Don
5/17/2021 0:00,BSF21050244,Don
5/17/2021 0:00,BSF21050245,Don
5/17/2021 0:00,BSF21050246,Don
5/17/2021 0:00,BSF21050247,Don
5/17/2021 0:00,BSF21050248,Don
5/17/2021 0:00,BSF21050249,Don
5/17/2021 0:00,BSF21050250,Don
5/17/2021 0:00,BSF21050251,Don
5/17/2021 0:00,BSF21050252,Don
5/17/2021 0:00,BSF21050253,Don
5/17/2021 0:00,BSF21050254,Don
5/17/2021 0:00,BSF21050255,Don
5/17/2021 0:00,BSF21050256,Don
5/17/2021 0:00,BSF21050257,Don
5/17/2021 0:00,BSF21050258,Don
5/17/2021 0:00,BSF21050259,Don
5/17/2021 0:00,BSF21050260,Don
5/17/2021 0:00,BSF21050261,Don
5/17/2021 0:00,BSF21050262,Don
5/17/2021 0:00,BSF21050263,Don
5/17/2021 0:00,BSF21050264,Don
5/17/2021 0:00,BSF21050265,Don
5/17/2021 0:00,BSF21050266,Don
5/17/2021 0:00,BSF21050267,Don
5/17/2021 0:00,BSF21050268,Don
5/17/2021 0:00,BSF21050269,Don
5/17/2021 0:00,BSF21050270,Don
5/17/2021 0:00,BSF21050271,Don
5/17/2021 0:00,BSF21050272,Don
5/17/2021 0:00,BSF21050273,Don
5/17/2021 0:00,BSF21050274,Don
5/17/2021 0:00,BSG21050083,Don
5/17/2021 0:00,BSG21050084,Don
5/17/2021 0:00,BSG21050085,Don
5/17/2021 0:00,BSG21050086,Don
5/17/2021 0:00,BSG21050087,Don
5/17/2021 0:00,BSG21050088,Don
5/17/2021 0:00,BSG21050089,Don
5/17/2021 0:00,BSG21050090,Don
5/17/2021 0:00,BSG21050091,Don
5/17/2021 0:00,BSG21050092,Don
5/17/2021 0:00,BSG21050093,Don
5/17/2021 0:00,BSG21050094,Don
5/17/2021 0:00,BSG21050095,Don
5/17/2021 0:00,BSG21050096,Don
5/17/2021 0:00,BSG21050097,Don
5/17/2021 0:00,BSG21050098,Don
5/17/2021 0:00,BSG21050099,Don
5/17/2021 0:00,BSG21050100,Don
5/17/2021 0:00,BSG21050101,Don
5/17/2021 0:00,BSG21050102,Don
5/24/2021 0:00,BM21050791,Yo
5/24/2021 0:00,BM21050792,Yo
5/24/2021 0:00,BM21050793,Yo
5/24/2021 0:00,BM21050794,Yo
5/24/2021 0:00,BM21050795,Yo
5/24/2021 0:00,BM21050796,Yo
5/24/2021 0:00,BM21050797,Yo
5/24/2021 0:00,BM21050798,Yo
5/24/2021 0:00,BM21050799,Yo
5/24/2021 0:00,BM21050800,Yo
6/4/2021 0:00,BP21060945,Yo
6/4/2021 0:00,BP21060946,Yo
6/4/2021 0:00,BP21060947,Yo
6/4/2021 0:00,BP21060948,Yo
6/4/2021 0:00,BP21060949,Yo
6/4/2021 0:00,BP21060950,Yo
6/4/2021 0:00,BP21060951,Yo
6/4/2021 0:00,BP21060952,Yo
6/4/2021 0:00,BP21060953,Yo
6/4/2021 0:00,BP21060954,Yo
6/10/2021 0:00,BM21060801,Yo
6/10/2021 0:00,BM21060802,Yo
6/10/2021 0:00,BM21060803,Yo
6/10/2021 0:00,BM21060804,Yo
6/10/2021 0:00,BM21060805,Yo
6/10/2021 0:00,BM21060806,Yo
6/10/2021 0:00,BM21060807,Yo
6/10/2021 0:00,BM21060808,Yo
6/10/2021 0:00,BM21060809,Yo
6/10/2021 0:00,BM21060810,Yo
6/14/2021 0:00,BP21060955,Yo
6/14/2021 0:00,BP21060956,Yo
6/14/2021 0:00,BP21060957,Yo
6/14/2021 0:00,BP21060958,Yo
6/14/2021 0:00,BP21060959,Yo
6/14/2021 0:00,BP21060960,Yo
6/14/2021 0:00,BP21060961,Yo
6/14/2021 0:00,BP21060962,Yo
6/14/2021 0:00,BP21060963,Yo
6/14/2021 0:00,BP21060964,Yo
6/15/2021 0:00,A21060014,Don
6/15/2021 0:00,A21060015,Don
6/15/2021 0:00,A21060016,Don
6/15/2021 0:00,A21060017,Don
6/15/2021 0:00,A21060018,Don
6/15/2021 0:00,A21060019,Don
6/15/2021 0:00,A21060020,Don
6/15/2021 0:00,BK21060011,Don
6/15/2021 0:00,BK21060012,Don
6/15/2021 0:00,BK21060013,Don
6/15/2021 0:00,BK21060014,Don
6/15/2021 0:00,BK21060015,Don
6/15/2021 0:00,BK21060016,Don
6/15/2021 0:00,BK21060017,Don
6/15/2021 0:00,BK21060018,Don
6/15/2021 0:00,BK21060019,Don
6/15/2021 0:00,BK21060020,Don
6/15/2021 0:00,BSF21060275,Don
6/15/2021 0:00,BSF21060276,Don
6/15/2021 0:00,BSF21060277,Don
6/15/2021 0:00,BSF21060278,Don
6/15/2021 0:00,BSF21060279,Don
6/15/2021 0:00,BSF21060280,Don
6/15/2021 0:00,BSF21060281,Don
6/15/2021 0:00,BSF21060282,Don
6/15/2021 0:00,BSF21060283,Don
6/15/2021 0:00,BSF21060284,Don
6/15/2021 0:00,BSF21060285,Don
6/15/2021 0:00,BSF21060286,Don
6/15/2021 0:00,BSF21060287,Don
6/15/2021 0:00,BSF21060288,Don
6/15/2021 0:00,BSF21060289,Don
6/15/2021 0:00,BSF21060290,Don
6/15/2021 0:00,BSF21060291,Don
6/15/2021 0:00,BSF21060292,Don
6/15/2021 0:00,BSF21060293,Don
6/15/2021 0:00,BSF21060294,Don
6/15/2021 0:00,BSF21060295,Don
6/15/2021 0:00,BSF21060296,Don
6/15/2021 0:00,BSF21060297,Don
6/15/2021 0:00,BSF21060298,Don
6/15/2021 0:00,BSF21060299,Don
6/15/2021 0:00,BSF21060300,Don
6/15/2021 0:00,BSF21060301,Don
6/15/2021 0:00,BSF21060302,Don
6/15/2021 0:00,BSF21060303,Don
6/15/2021 0:00,BSF21060304,Don
6/15/2021 0:00,BSF21060305,Don
6/15/2021 0:00,BSF21060306,Don
6/15/2021 0:00,BSF21060307,Don
6/15/2021 0:00,BSF21060308,Don
6/15/2021 0:00,BSF21060309,Don
6/15/2021 0:00,BSF21060310,Don
6/15/2021 0:00,BSF21060311,Don
6/15/2021 0:00,BSF21060312,Don
6/15/2021 0:00,BSF21060313,Don
6/15/2021 0:00,BSF21060314,Don
6/15/2021 0:00,BSF21060315,Don
6/15/2021 0:00,BSF21060316,Don
6/15/2021 0:00,BSF21060317,Don
6/15/2021 0:00,BSF21060318,Don
6/15/2021 0:00,BSF21060319,Don
6/15/2021 0:00,BSF21060320,Don
6/15/2021 0:00,BSF21060321,Don
6/15/2021 0:00,BSF21060322,Don
6/15/2021 0:00,BSF21060323,Don
6/15/2021 0:00,BSF21060324,Don
6/15/2021 0:00,BSF21060325,Don
6/15/2021 0:00,BSF21060326,Don
6/15/2021 0:00,BSF21060327,Don
6/15/2021 0:00,BSF21060328,Don
6/15/2021 0:00,BSF21060329,Don
6/15/2021 0:00,BSF21060330,Don
6/15/2021 0:00,BSF21060331,Don
6/15/2021 0:00,BSF21060332,Don
6/15/2021 0:00,BSF21060333,Don
6/15/2021 0:00,BSF21060334,Don
6/15/2021 0:00,BSF21060335,Don
6/15/2021 0:00,BSF21060336,Don
6/15/2021 0:00,BSF21060337,Don
6/15/2021 0:00,BSF21060338,Don
6/15/2021 0:00,BSG21060103,Don
6/15/2021 0:00,BSG21060104,Don
6/15/2021 0:00,BSG21060105,Don
6/15/2021 0:00,BSG21060106,Don
6/15/2021 0:00,BSG21060107,Don
6/15/2021 0:00,BSG21060108,Don
6/15/2021 0:00,BSG21060109,Don
6/15/2021 0:00,BSG21060110,Don
6/15/2021 0:00,BSG21060111,Don
6/15/2021 0:00,BSG21060112,Don
6/15/2021 0:00,BSG21060113,Don
6/15/2021 0:00,BSG21060114,Don
6/15/2021 0:00,BSG21060115,Don
6/15/2021 0:00,BSG21060116,Don
6/15/2021 0:00,BSG21060117,Don
6/15/2021 0:00,BSG21060118,Don
6/15/2021 0:00,BSG21060119,Don
6/15/2021 0:00,BSG21060120,Don
6/15/2021 0:00,BSG21060121,Don
6/15/2021 0:00,BSG21060122,Don
6/15/2021 0:00,CC6406841,Yo
6/15/2021 0:00,CC6406842,Yo
6/15/2021 0:00,CC6406843,Yo
6/15/2021 0:00,CC6406844,Yo
6/15/2021 0:00,CC6406845,Yo
6/15/2021 0:00,CC6406846,Yo
6/15/2021 0:00,CC6406847,Yo
6/15/2021 0:00,CC6406848,Yo
6/15/2021 0:00,CC6406849,Yo
6/15/2021 0:00,CC6406850,Yo
6/15/2021 0:00,CI2106922,Yo
6/15/2021 0:00,CI2106923,Yo
6/15/2021 0:00,CI2106924,Yo
6/15/2021 0:00,CI2106925,Yo
6/15/2021 0:00,CI2106926,Yo
6/15/2021 0:00,CI2106927,Yo
6/15/2021 0:00,CI2106928,Yo
6/15/2021 0:00,CI2106929,Yo
6/15/2021 0:00,CI2106930,Yo
6/15/2021 0:00,CI2106931,Yo
6/15/2021 0:00,MC21060695,Ice
6/15/2021 0:00,MC21060696,Ice
6/15/2021 0:00,MC21060697,Ice
6/15/2021 0:00,MC21060698,Ice
6/15/2021 0:00,MC21060699,Ice
6/15/2021 0:00,MC21060700,Ice
6/15/2021 0:00,MC21060701,Ice
6/15/2021 0:00,MC21060702,Ice
6/15/2021 0:00,MC21060703,Ice
6/15/2021 0:00,MC21060704,Ice
6/15/2021 0:00,MC21060705,Ice
6/15/2021 0:00,MC21060706,Ice
6/15/2021 0:00,MC21060707,Ice
6/15/2021 0:00,MC21060708,Ice
6/15/2021 0:00,MC21060709,Ice
6/15/2021 0:00,MC21060710,Ice
6/15/2021 0:00,MC21060711,Ice
6/15/2021 0:00,MC21060712,Ice
6/15/2021 0:00,MC21060713,Ice
6/15/2021 0:00,MC21060714,Ice
6/15/2021 0:00,MC21060715,Ice
6/15/2021 0:00,MC21060716,Ice
6/15/2021 0:00,MC21060717,Ice
6/15/2021 0:00,MC21060718,Ice
6/15/2021 0:00,MC21060719,Ice
6/15/2021 0:00,MC21060720,Ice
6/15/2021 0:00,MC21060721,Ice
6/15/2021 0:00,MC21060722,Ice
6/15/2021 0:00,MC21060723,Ice
6/15/2021 0:00,MC21060724,Ice
6/15/2021 0:00,MC21060725,Ice
6/15/2021 0:00,MC21060726,Ice
6/21/2021 0:00,BP21060965,Yo
6/21/2021 0:00,BP21060966,Yo
6/21/2021 0:00,BP21060967,Yo
6/21/2021 0:00,BP21060968,Yo
6/21/2021 0:00,BP21060969,Yo
6/21/2021 0:00,BP21060970,Yo
6/21/2021 0:00,BP21060971,Yo
6/21/2021 0:00,BP21060972,Yo
6/21/2021 0:00,BP21060973,Yo
6/21/2021 0:00,BP21060974,Yo
6/24/2021 0:00,BM21060811,Yo
6/24/2021 0:00,BM21060812,Yo
6/24/2021 0:00,BM21060813,Yo
6/24/2021 0:00,BM21060814,Yo
6/24/2021 0:00,BM21060815,Yo
6/24/2021 0:00,BM21060816,Yo
6/24/2021 0:00,BM21060817,Yo
6/24/2021 0:00,BM21060818,Yo
6/24/2021 0:00,BM21060819,Yo
6/24/2021 0:00,BM21060820,Yo
7/1/2021 0:00,BP21070975,Yo
7/1/2021 0:00,BP21070976,Yo
7/1/2021 0:00,BP21070977,Yo
7/1/2021 0:00,BP21070978,Yo
7/1/2021 0:00,BP21070979,Yo
7/1/2021 0:00,BP21070980,Yo
7/1/2021 0:00,BP21070981,Yo
7/1/2021 0:00,BP21070982,Yo
7/1/2021 0:00,BP21070983,Yo
7/1/2021 0:00,BP21070984,Yo
7/15/2021 0:00,BP21070985,Yo
7/15/2021 0:00,BP21070986,Yo
7/15/2021 0:00,BP21070987,Yo
7/15/2021 0:00,BP21070988,Yo
7/15/2021 0:00,BP21070989,Yo
7/15/2021 0:00,BP21070990,Yo
7/15/2021 0:00,BP21070991,Yo
7/15/2021 0:00,BP21070992,Yo
7/15/2021 0:00,BP21070993,Yo
7/15/2021 0:00,BP21070994,Yo
7/15/2021 0:00,BSF21070339,Don
7/15/2021 0:00,BSF21070340,Don
7/15/2021 0:00,BSF21070341,Don
7/15/2021 0:00,BSF21070342,Don
7/15/2021 0:00,BSF21070343,Don
7/15/2021 0:00,BSF21070344,Don
7/15/2021 0:00,BSF21070345,Don
7/15/2021 0:00,BSF21070346,Don
7/15/2021 0:00,BSF21070347,Don
7/15/2021 0:00,BSF21070348,Don
7/15/2021 0:00,BSF21070349,Don
7/15/2021 0:00,BSF21070350,Don
7/15/2021 0:00,BSF21070351,Don
7/15/2021 0:00,BSF21070352,Don
7/15/2021 0:00,BSF21070353,Don
7/15/2021 0:00,BSF21070354,Don
7/15/2021 0:00,BSF21070355,Don
7/15/2021 0:00,BSF21070356,Don
7/15/2021 0:00,BSF21070357,Don
7/15/2021 0:00,BSF21070358,Don
7/15/2021 0:00,BSF21070359,Don
7/15/2021 0:00,BSF21070360,Don
7/15/2021 0:00,BSF21070361,Don
7/15/2021 0:00,BSF21070362,Don
7/15/2021 0:00,BSF21070363,Don
7/15/2021 0:00,BSF21070364,Don
7/15/2021 0:00,BSF21070365,Don
7/15/2021 0:00,BSF21070366,Don
7/15/2021 0:00,BSF21070367,Don
7/15/2021 0:00,BSF21070368,Don
7/15/2021 0:00,CC6407851,Yo
7/15/2021 0:00,CC6407852,Yo
7/15/2021 0:00,CC6407853,Yo
7/15/2021 0:00,CC6407854,Yo
7/15/2021 0:00,CC6407855,Yo
7/15/2021 0:00,CC6407856,Yo
7/15/2021 0:00,CC6407857,Yo
7/15/2021 0:00,CC6407858,Yo
7/15/2021 0:00,CC6407859,Yo
7/15/2021 0:00,CC6407860,Yo
7/15/2021 0:00,CC6407861,Yo
7/15/2021 0:00,CC6407862,Yo
7/15/2021 0:00,CC6407863,Yo
7/15/2021 0:00,CC6407864,Yo
7/15/2021 0:00,CC6407865,Yo
7/15/2021 0:00,CC6407866,Yo
7/15/2021 0:00,CC6407867,Yo
7/15/2021 0:00,CC6407868,Yo
7/15/2021 0:00,CC6407869,Yo
7/15/2021 0:00,CC6407870,Yo
7/15/2021 0:00,CI2107932,Yo
7/15/2021 0:00,CI2107933,Yo
7/15/2021 0:00,CI2107934,Yo
7/15/2021 0:00,CI2107935,Yo
7/15/2021 0:00,CI2107936,Yo
7/15/2021 0:00,CI2107937,Yo
7/15/2021 0:00,CI2107938,Yo
7/15/2021 0:00,CI2107939,Yo
7/15/2021 0:00,CI2107940,Yo
7/15/2021 0:00,CI2107941,Yo
7/15/2021 0:00,MC21070727,Ice
7/15/2021 0:00,MC21070728,Ice
7/15/2021 0:00,MC21070729,Ice
7/15/2021 0:00,MC21070730,Ice
7/15/2021 0:00,MC21070731,Ice
7/15/2021 0:00,MC21070732,Ice
7/15/2021 0:00,MC21070733,Ice
7/15/2021 0:00,MC21070734,Ice
7/15/2021 0:00,MC21070735,Ice
7/15/2021 0:00,MC21070736,Ice
7/21/2021 0:00,BM21070821,Yo
7/21/2021 0:00,BM21070822,Yo
7/21/2021 0:00,BM21070823,Yo
7/21/2021 0:00,BM21070824,Yo
7/21/2021 0:00,BM21070825,Yo
7/21/2021 0:00,BM21070826,Yo
7/21/2021 0:00,BM21070827,Yo
7/21/2021 0:00,BM21070828,Yo
7/21/2021 0:00,BM21070829,Yo
7/21/2021 0:00,BM21070830,Yo
7/29/2021 0:00,BP21070995,Yo
7/29/2021 0:00,BP21070996,Yo
7/29/2021 0:00,BP21070997,Yo
7/29/2021 0:00,BP21070998,Yo
7/29/2021 0:00,BP21070999,Yo
7/29/2021 0:00,BP21071000,Yo
7/29/2021 0:00,BP21071001,Yo
7/29/2021 0:00,BP21071002,Yo
7/29/2021 0:00,BP21071003,Yo
7/29/2021 0:00,BP21071004,Yo
8/6/2021 0:00,BP21081005,Yo
8/6/2021 0:00,BP21081006,Yo
8/6/2021 0:00,BP21081007,Yo
8/6/2021 0:00,BP21081008,Yo
8/6/2021 0:00,BP21081009,Yo
8/6/2021 0:00,BP21081010,Yo
8/6/2021 0:00,BP21081011,Yo
8/6/2021 0:00,BP21081012,Yo
8/6/2021 0:00,BP21081013,Yo
8/6/2021 0:00,BP21081014,Yo
8/14/2021 0:00,BM21080831,Yo
8/14/2021 0:00,BM21080832,Yo
8/14/2021 0:00,BM21080833,Yo
8/14/2021 0:00,BM21080834,Yo
8/14/2021 0:00,BM21080835,Yo
8/14/2021 0:00,BM21080836,Yo
8/14/2021 0:00,BM21080837,Yo
8/14/2021 0:00,BM21080838,Yo
8/14/2021 0:00,BM21080839,Yo
8/14/2021 0:00,BM21080840,Yo
8/15/2021 0:00,CC6408871,Yo
8/15/2021 0:00,CC6408872,Yo
8/15/2021 0:00,CC6408873,Yo
8/15/2021 0:00,CC6408874,Yo
8/15/2021 0:00,CC6408875,Yo
8/15/2021 0:00,CC6408876,Yo
8/15/2021 0:00,CC6408877,Yo
8/15/2021 0:00,CC6408878,Yo
8/15/2021 0:00,CC6408879,Yo
8/15/2021 0:00,CC6408880,Yo
8/15/2021 0:00,CC6408881,Yo
8/15/2021 0:00,CC6408882,Yo
8/15/2021 0:00,CC6408883,Yo
8/15/2021 0:00,CC6408884,Yo
8/15/2021 0:00,CC6408885,Yo
8/15/2021 0:00,CC6408886,Yo
8/15/2021 0:00,CC6408887,Yo
8/15/2021 0:00,CC6408888,Yo
8/15/2021 0:00,CC6408889,Yo
8/15/2021 0:00,CC6408890,Yo
8/16/2021 0:00,A21080021,Don
8/16/2021 0:00,A21080022,Don
8/16/2021 0:00,A21080023,Don
8/16/2021 0:00,A21080024,Don
8/16/2021 0:00,A21080025,Don
8/16/2021 0:00,BSF21080369,Don
8/16/2021 0:00,BSF21080370,Don
8/16/2021 0:00,BSF21080371,Don
8/16/2021 0:00,BSF21080372,Don
8/16/2021 0:00,BSF21080373,Don
8/16/2021 0:00,BSF21080374,Don
8/16/2021 0:00,BSF21080375,Don
8/16/2021 0:00,BSF21080376,Don
8/16/2021 0:00,BSF21080377,Don
8/16/2021 0:00,BSF21080378,Don
8/16/2021 0:00,BSF21080379,Don
8/16/2021 0:00,BSF21080380,Don
8/16/2021 0:00,BSF21080381,Don
8/16/2021 0:00,BSF21080382,Don
8/16/2021 0:00,BSF21080383,Don
8/16/2021 0:00,BSF21080384,Don
8/16/2021 0:00,BSF21080385,Don
8/16/2021 0:00,BSF21080386,Don
8/16/2021 0:00,BSF21080387,Don
8/16/2021 0:00,BSF21080388,Don
8/16/2021 0:00,BSG21080123,Don
8/16/2021 0:00,BSG21080124,Don
8/16/2021 0:00,BSG21080125,Don
8/16/2021 0:00,BSG21080126,Don
8/16/2021 0:00,BSG21080127,Don
8/16/2021 0:00,BSG21080128,Don
8/16/2021 0:00,BSG21080129,Don
8/16/2021 0:00,BSG21080130,Don
8/16/2021 0:00,BSG21080131,Don
8/16/2021 0:00,BSG21080132,Don
8/16/2021 0:00,BSG21080133,Don
8/16/2021 0:00,BSG21080134,Don
8/16/2021 0:00,BSG21080135,Don
8/16/2021 0:00,BSG21080136,Don
8/16/2021 0:00,BSG21080137,Don
8/16/2021 0:00,BSG21080138,Don
8/16/2021 0:00,BSG21080139,Don
8/16/2021 0:00,BSG21080140,Don
8/16/2021 0:00,BSG21080141,Don
8/16/2021 0:00,BSG21080142,Don
8/16/2021 0:00,MC21080737,Ice
8/16/2021 0:00,MC21080738,Ice
8/16/2021 0:00,MC21080739,Ice
8/16/2021 0:00,MC21080740,Ice
8/16/2021 0:00,MC21080741,Ice
8/16/2021 0:00,MC21080742,Ice
8/16/2021 0:00,MC21080743,Ice
8/16/2021 0:00,MC21080744,Ice
8/16/2021 0:00,MC21080745,Ice
8/16/2021 0:00,MC21080746,Ice
8/27/2021 0:00,BP21081015,Yo
8/27/2021 0:00,BP21081016,Yo
8/27/2021 0:00,BP21081017,Yo
8/27/2021 0:00,BP21081018,Yo
8/27/2021 0:00,BP21081019,Yo
8/27/2021 0:00,BP21081020,Yo
8/27/2021 0:00,BP21081021,Yo
8/27/2021 0:00,BP21081022,Yo
8/27/2021 0:00,BP21081023,Yo
8/27/2021 0:00,BP21081024,Yo
9/7/2021 0:00,BM21090841,Yo
9/7/2021 0:00,BM21090842,Yo
9/7/2021 0:00,BM21090843,Yo
9/7/2021 0:00,BM21090844,Yo
9/7/2021 0:00,BM21090845,Yo
9/7/2021 0:00,BM21090846,Yo
9/7/2021 0:00,BM21090847,Yo
9/7/2021 0:00,BM21090848,Yo
9/7/2021 0:00,BM21090849,Yo
9/7/2021 0:00,BM21090850,Yo
9/15/2021 0:00,A21090026,Don
9/15/2021 0:00,A21090027,Don
9/15/2021 0:00,A21090028,Don
9/15/2021 0:00,A21090029,Don
9/15/2021 0:00,A21090030,Don
9/15/2021 0:00,BK21090021,Don
9/15/2021 0:00,BK21090022,Don
9/15/2021 0:00,BK21090023,Don
9/15/2021 0:00,BK21090024,Don
9/15/2021 0:00,BK21090025,Don
9/15/2021 0:00,BK21090026,Don
9/15/2021 0:00,BK21090027,Don
9/15/2021 0:00,BK21090028,Don
9/15/2021 0:00,BK21090029,Don
9/15/2021 0:00,CI21090942,Yo
9/15/2021 0:00,CI21090943,Yo
9/15/2021 0:00,CI21090944,Yo
9/15/2021 0:00,CI21090945,Yo
9/15/2021 0:00,CI21090946,Yo
9/15/2021 0:00,CI21090947,Yo
9/15/2021 0:00,CI21090948,Yo
9/15/2021 0:00,CI21090949,Yo
9/15/2021 0:00,CI21090950,Yo
9/15/2021 0:00,CI21090951,Yo
9/15/2021 0:00,CI21090952,Yo
9/15/2021 0:00,CI21090953,Yo
9/15/2021 0:00,CI21090954,Yo
9/15/2021 0:00,CI21090955,Yo
9/15/2021 0:00,CI21090956,Yo
9/15/2021 0:00,CI21090957,Yo
9/15/2021 0:00,CI21090958,Yo
9/15/2021 0:00,CI21090959,Yo
9/15/2021 0:00,CI21090960,Yo
9/15/2021 0:00,CI21090961,Yo
9/15/2021 0:00,MC21090747,Ice
9/15/2021 0:00,MC21090748,Ice
9/15/2021 0:00,MC21090749,Ice
9/15/2021 0:00,MC21090750,Ice
9/15/2021 0:00,MC21090751,Ice
9/15/2021 0:00,MC21090752,Ice
9/15/2021 0:00,MC21090753,Ice
9/15/2021 0:00,MC21090754,Ice
9/15/2021 0:00,MC21090755,Ice
9/15/2021 0:00,MC21090756,Ice
9/15/2021 0:00,MC21090757,Ice
9/15/2021 0:00,MC21090758,Ice
9/15/2021 0:00,MC21090759,Ice
9/15/2021 0:00,MC21090760,Ice
9/15/2021 0:00,MC21090761,Ice
10/5/2021 0:00,BP21101025,Yo
10/5/2021 0:00,BP21101026,Yo
10/5/2021 0:00,BP21101027,Yo
10/5/2021 0:00,BP21101028,Yo
10/5/2021 0:00,BP21101029,Yo
10/5/2021 0:00,BP21101030,Yo
10/5/2021 0:00,BP21101031,Yo
10/5/2021 0:00,BP21101032,Yo
10/5/2021 0:00,BP21101033,Yo
10/5/2021 0:00,BP21101034,Yo
10/15/2021 0:00,BSF21100389,Don
10/15/2021 0:00,BSF21100390,Don
10/15/2021 0:00,BSF21100391,Don
10/15/2021 0:00,BSF21100392,Don
10/15/2021 0:00,BSF21100393,Don
10/15/2021 0:00,BSF21100394,Don
10/15/2021 0:00,BSF21100395,Don
10/15/2021 0:00,BSF21100396,Don
10/15/2021 0:00,BSF21100397,Don
10/15/2021 0:00,BSF21100398,Don
10/15/2021 0:00,BSF21100399,Don
10/15/2021 0:00,BSF21100400,Don
10/15/2021 0:00,BSF21100401,Don
10/15/2021 0:00,BSF21100402,Don
10/15/2021 0:00,BSF21100403,Don
10/15/2021 0:00,BSF21100404,Don
10/15/2021 0:00,BSF21100405,Don
10/15/2021 0:00,BSF21100406,Don
10/15/2021 0:00,BSF21100407,Don
10/15/2021 0:00,BSF21100408,Don
10/15/2021 0:00,MC21100762,Ice
10/15/2021 0:00,MC21100763,Ice
10/15/2021 0:00,MC21100764,Ice
10/15/2021 0:00,MC21100765,Ice
10/15/2021 0:00,MC21100766,Ice
10/15/2021 0:00,MC21100767,Ice
10/15/2021 0:00,MC21100768,Ice
10/15/2021 0:00,MC21100769,Ice
10/15/2021 0:00,MC21100770,Ice
10/15/2021 0:00,MC21100771,Ice
10/15/2021 0:00,MC21100772,Ice
10/15/2021 0:00,MC21100773,Ice
10/15/2021 0:00,MC21100774,Ice
10/15/2021 0:00,MC21100775,Ice
10/15/2021 0:00,QM21100011,Ice
10/15/2021 0:00,QM21100012,Ice
10/15/2021 0:00,QM21100013,Ice
10/15/2021 0:00,QM21100014,Ice
10/18/2021 0:00,BP21101035,Yo
10/18/2021 0:00,BP21101036,Yo
10/18/2021 0:00,BP21101037,Yo
10/18/2021 0:00,BP21101038,Yo
10/18/2021 0:00,BP21101039,Yo
10/18/2021 0:00,BP21101040,Yo
10/18/2021 0:00,BP21101041,Yo
10/18/2021 0:00,BP21101042,Yo
10/18/2021 0:00,BP21101043,Yo
10/18/2021 0:00,BP21101044,Yo
11/15/2021 0:00,BP21111045,Yo
11/15/2021 0:00,BP21111046,Yo
11/15/2021 0:00,BP21111047,Yo
11/15/2021 0:00,BP21111048,Yo
11/15/2021 0:00,BP21111049,Yo
11/15/2021 0:00,BP21111050,Yo
11/15/2021 0:00,BP21111051,Yo
11/15/2021 0:00,BP21111052,Yo
11/15/2021 0:00,BP21111053,Yo
11/15/2021 0:00,BP21111054,Yo
11/15/2021 0:00,BSF21110409,Don
11/15/2021 0:00,BSF21110410,Don
11/15/2021 0:00,BSF21110411,Don
11/15/2021 0:00,BSF21110412,Don
11/15/2021 0:00,BSF21110413,Don
11/15/2021 0:00,BSF21110414,Don
11/15/2021 0:00,BSF21110415,Don
11/15/2021 0:00,BSF21110416,Don
11/15/2021 0:00,BSF21110417,Don
11/15/2021 0:00,BSF21110418,Don
11/15/2021 0:00,BSF21110419,Don
11/15/2021 0:00,BSF21110420,Don
11/15/2021 0:00,BSF21110421,Don
11/15/2021 0:00,BSF21110422,Don
11/15/2021 0:00,BSF21110423,Don
11/15/2021 0:00,BSF21110424,Don
11/15/2021 0:00,BSF21110425,Don
11/15/2021 0:00,BSF21110426,Don
11/15/2021 0:00,BSG21110143,Don
11/15/2021 0:00,BSG21110144,Don
11/15/2021 0:00,BSG21110145,Don
11/15/2021 0:00,BSG21110146,Don
11/15/2021 0:00,BSG21110147,Don
11/15/2021 0:00,BSG21110148,Don
11/15/2021 0:00,BSG21110149,Don
11/15/2021 0:00,BSG21110150,Don
11/15/2021 0:00,BSG21110151,Don
11/15/2021 0:00,BSG21110152,Don
11/15/2021 0:00,CI21110962,Yo
11/15/2021 0:00,CI21110963,Yo
11/15/2021 0:00,CI21110964,Yo
11/15/2021 0:00,CI21110965,Yo
11/15/2021 0:00,CI21110966,Yo
11/15/2021 0:00,CI21110967,Yo
11/15/2021 0:00,CI21110968,Yo
11/15/2021 0:00,CI21110969,Yo
11/15/2021 0:00,CI21110970,Yo
11/15/2021 0:00,CI21110971,Yo
11/15/2021 0:00,MC21110776,Ice
11/15/2021 0:00,MC21110777,Ice
11/15/2021 0:00,MC21110778,Ice
11/15/2021 0:00,MC21110779,Ice
11/15/2021 0:00,MC21110780,Ice
11/15/2021 0:00,MC21110781,Ice
11/15/2021 0:00,MC21110782,Ice
11/15/2021 0:00,MC21110783,Ice
11/15/2021 0:00,MC21110784,Ice
11/15/2021 0:00,MC21110785,Ice
11/15/2021 0:00,MC21110786,Ice
11/15/2021 0:00,MC21110787,Ice
11/15/2021 0:00,MC21110788,Ice
11/15/2021 0:00,MC21110789,Ice
11/15/2021 0:00,MC21110790,Ice
11/15/2021 0:00,MC21110791,Ice
11/15/2021 0:00,MC21110792,Ice
11/15/2021 0:00,MC21110793,Ice
11/15/2021 0:00,MC21110794,Ice
11/15/2021 0:00,MC21110795,Ice
11/15/2021 0:00,MC21110796,Ice
11/15/2021 0:00,MC21110797,Ice
11/15/2021 0:00,MC21110798,Ice
11/15/2021 0:00,MC21110799,Ice
11/15/2021 0:00,MC21110800,Ice
11/15/2021 0:00,MC21110801,Ice
11/15/2021 0:00,MC21110802,Ice
11/15/2021 0:00,SW21110011,Ice
11/15/2021 0:00,SW21110012,Ice
11/15/2021 0:00,SW21110013,Ice
11/15/2021 0:00,SW21110014,Ice
11/15/2021 0:00,SW21110015,Ice
11/15/2021 0:00,SW21110016,Ice
11/15/2021 0:00,SW21110017,Ice
11/15/2021 0:00,SW21110018,Ice
11/15/2021 0:00,SW21110019,Ice
11/15/2021 0:00,SW21110020,Ice
11/15/2021 0:00,SW21110021,Ice
11/15/2021 0:00,SW21110022,Ice
11/15/2021 0:00,SW21110023,Ice
11/24/2021 0:00,BM21110851,Yo
11/24/2021 0:00,BM21110852,Yo
11/24/2021 0:00,BM21110853,Yo
11/24/2021 0:00,BM21110854,Yo
11/24/2021 0:00,BM21110855,Yo
11/24/2021 0:00,BM21110856,Yo
11/24/2021 0:00,BM21110857,Yo
11/24/2021 0:00,BM21110858,Yo
11/24/2021 0:00,BM21110859,Yo
11/24/2021 0:00,BM21110860,Yo
11/26/2021 0:00,BP21111055,Yo
11/26/2021 0:00,BP21111056,Yo
11/26/2021 0:00,BP21111057,Yo
11/26/2021 0:00,BP21111058,Yo
11/26/2021 0:00,BP21111059,Yo
11/26/2021 0:00,BP21111060,Yo
11/26/2021 0:00,BP21111061,Yo
11/26/2021 0:00,BP21111062,Yo
11/26/2021 0:00,BP21111063,Yo
11/26/2021 0:00,BP21111064,Yo
12/13/2021 0:00,BP21121065,Yo
12/13/2021 0:00,BP21121066,Yo
12/13/2021 0:00,BP21121067,Yo
12/13/2021 0:00,BP21121068,Yo
12/13/2021 0:00,BP21121069,Yo
12/13/2021 0:00,BP21121070,Yo
12/13/2021 0:00,BP21121071,Yo
12/13/2021 0:00,BP21121072,Yo
12/13/2021 0:00,BP21121073,Yo
12/13/2021 0:00,BP21121074,Yo
12/15/2021 0:00,A21120031,Don
12/15/2021 0:00,A21120032,Don
12/15/2021 0:00,A21120033,Don
12/15/2021 0:00,A21120034,Don
12/15/2021 0:00,A21120035,Don
12/15/2021 0:00,A21120036,Don
12/15/2021 0:00,A21120037,Don
12/15/2021 0:00,A21120038,Don
12/15/2021 0:00,A21120039,Don
12/15/2021 0:00,A21120040,Don
12/15/2021 0:00,A21120041,Don
12/15/2021 0:00,A21120042,Don
12/15/2021 0:00,A21120043,Don
12/15/2021 0:00,A21120044,Don
12/15/2021 0:00,A21120045,Don
12/15/2021 0:00,CC6412891,Yo
12/15/2021 0:00,CC6412892,Yo
12/15/2021 0:00,CC6412893,Yo
12/15/2021 0:00,CC6412894,Yo
12/15/2021 0:00,CC6412895,Yo
12/15/2021 0:00,CC6412896,Yo
12/15/2021 0:00,CC6412897,Yo
12/15/2021 0:00,CC6412898,Yo
12/15/2021 0:00,CC6412899,Yo
12/15/2021 0:00,CC6412900,Yo
12/15/2021 0:00,CC6412901,Yo
12/15/2021 0:00,CC6412902,Yo
12/15/2021 0:00,CC6412903,Yo
12/15/2021 0:00,CC6412904,Yo
12/15/2021 0:00,CC6412905,Yo
12/15/2021 0:00,CC6412906,Yo
12/15/2021 0:00,CC6412907,Yo
12/15/2021 0:00,CC6412908,Yo
12/15/2021 0:00,CC6412909,Yo
12/15/2021 0:00,CC6412910,Yo
12/15/2021 0:00,CI21120972,Yo
12/15/2021 0:00,CI21120973,Yo
12/15/2021 0:00,CI21120974,Yo
12/15/2021 0:00,CI21120975,Yo
12/15/2021 0:00,CI21120976,Yo
12/15/2021 0:00,CI21120977,Yo
12/15/2021 0:00,CI21120978,Yo
12/15/2021 0:00,CI21120979,Yo
12/15/2021 0:00,CI21120980,Yo
12/15/2021 0:00,CI21120981,Yo
12/15/2021 0:00,CI21120982,Yo
12/15/2021 0:00,CI21120983,Yo
12/15/2021 0:00,CI21120984,Yo
12/15/2021 0:00,CI21120985,Yo
12/15/2021 0:00,CI21120986,Yo
12/15/2021 0:00,CI21120987,Yo
12/15/2021 0:00,CI21120988,Yo
12/15/2021 0:00,CI21120989,Yo
12/15/2021 0:00,CI21120990,Yo
12/15/2021 0:00,CI21120991,Yo
12/15/2021 0:00,CO2112152,Yo
12/15/2021 0:00,CO2112153,Yo
12/15/2021 0:00,CO2112154,Yo
12/15/2021 0:00,CO2112155,Yo
12/15/2021 0:00,CO2112156,Yo
12/15/2021 0:00,MC21120803,Ice
12/15/2021 0:00,MC21120804,Ice
12/15/2021 0:00,MC21120805,Ice
12/15/2021 0:00,MC21120806,Ice
12/15/2021 0:00,MC21120807,Ice
12/15/2021 0:00,MC21120808,Ice
12/15/2021 0:00,MC21120809,Ice
12/15/2021 0:00,MC21120810,Ice
12/15/2021 0:00,MC21120811,Ice
12/15/2021 0:00,MC21120812,Ice
12/15/2021 0:00,MC21120813,Ice
12/15/2021 0:00,MC21120814,Ice
12/15/2021 0:00,MC21120815,Ice
12/15/2021 0:00,MC21120816,Ice
12/15/2021 0:00,MC21120817,Ice
12/15/2021 0:00,MC21120818,Ice
12/15/2021 0:00,MC21120819,Ice
12/15/2021 0:00,MC21120820,Ice
12/15/2021 0:00,MC21120821,Ice
12/15/2021 0:00,SW21120024,Ice
12/15/2021 0:00,SW21120025,Ice
12/15/2021 0:00,SW21120026,Ice
12/15/2021 0:00,SW21120027,Ice
12/16/2021 0:00,BM21120861,Yo
12/16/2021 0:00,BM21120862,Yo
12/16/2021 0:00,BM21120863,Yo
12/16/2021 0:00,BM21120864,Yo
12/16/2021 0:00,BM21120865,Yo
12/16/2021 0:00,BM21120866,Yo
12/16/2021 0:00,BM21120867,Yo
12/16/2021 0:00,BM21120868,Yo
12/16/2021 0:00,BM21120869,Yo
12/16/2021 0:00,BM21120870,Yo
12/25/2021 0:00,BM21120871,Yo
12/25/2021 0:00,BM21120872,Yo
12/25/2021 0:00,BM21120873,Yo
12/25/2021 0:00,BM21120874,Yo
12/25/2021 0:00,BM21120875,Yo
12/25/2021 0:00,BM21120876,Yo
12/25/2021 0:00,BM21120877,Yo
12/25/2021 0:00,BM21120878,Yo
12/25/2021 0:00,BM21120879,Yo
12/25/2021 0:00,BM21120880,Yo
1/12/2022 0:00,BP22011075,Yo
1/12/2022 0:00,BP22011076,Yo
1/12/2022 0:00,BP22011077,Yo
1/12/2022 0:00,BP22011078,Yo
1/12/2022 0:00,BP22011079,Yo
1/12/2022 0:00,BP22011080,Yo
1/12/2022 0:00,BP22011081,Yo
1/12/2022 0:00,BP22011082,Yo
1/12/2022 0:00,BP22011083,Yo
1/12/2022 0:00,BP22011084,Yo
1/14/2022 0:00,BM22010881,Yo
1/14/2022 0:00,BM22010882,Yo
1/14/2022 0:00,BM22010883,Yo
1/14/2022 0:00,BM22010884,Yo
1/14/2022 0:00,BM22010885,Yo
1/14/2022 0:00,BM22010886,Yo
1/14/2022 0:00,BM22010887,Yo
1/14/2022 0:00,BM22010888,Yo
1/14/2022 0:00,BM22010889,Yo
1/14/2022 0:00,BM22010890,Yo
1/14/2022 0:00,CC6501911,Ice
1/14/2022 0:00,CC6501912,Ice
1/14/2022 0:00,CC6501913,Ice
1/14/2022 0:00,CC6501914,Ice
1/14/2022 0:00,CC6501915,Ice
1/14/2022 0:00,CC6501916,Ice
1/14/2022 0:00,CC6501917,Ice
1/14/2022 0:00,CC6501918,Ice
1/14/2022 0:00,CC6501919,Ice
1/14/2022 0:00,CC6501920,Ice
1/14/2022 0:00,CC6501921,Ice
1/14/2022 0:00,CC6501922,Ice
1/14/2022 0:00,CC6501923,Ice
1/14/2022 0:00,CC6501924,Ice
1/14/2022 0:00,CC6501925,Ice
1/14/2022 0:00,CC6501926,Ice
1/14/2022 0:00,CC6501927,Ice
1/14/2022 0:00,CC6501928,Ice
1/14/2022 0:00,CC6501929,Ice
1/14/2022 0:00,CC6501930,Ice
1/14/2022 0:00,CI22010992,Yo
1/14/2022 0:00,CI22010993,Ice
1/14/2022 0:00,CI22010994,Ice
1/14/2022 0:00,CI22010995,Ice
1/14/2022 0:00,CI22010996,Ice
1/14/2022 0:00,CI22010997,Ice
1/14/2022 0:00,CI22010998,Ice
1/14/2022 0:00,CI22010999,Ice
1/14/2022 0:00,CI22011000,Ice
1/14/2022 0:00,CI22011001,Ice
1/14/2022 0:00,CO2201157,Yo
1/14/2022 0:00,MC22010822,Ice
1/14/2022 0:00,MC22010823,Ice
1/14/2022 0:00,MC22010824,Ice
1/14/2022 0:00,MC22010825,Ice
1/14/2022 0:00,MC22010826,Ice
1/14/2022 0:00,MC22010827,Ice
1/14/2022 0:00,MC22010828,Ice
1/14/2022 0:00,MC22010829,Ice
1/14/2022 0:00,MC22010830,Ice
1/14/2022 0:00,MC22010831,Ice
1/14/2022 0:00,MC22010832,Ice
1/14/2022 0:00,MC22010833,Ice
1/14/2022 0:00,QM22010015,Ice
1/14/2022 0:00,SW22010028,Ice
1/14/2022 0:00,SW22010029,Ice
1/14/2022 0:00,SW22010030,Ice
1/14/2022 0:00,SW22010031,Ice
1/14/2022 0:00,SW22010032,Ice
1/14/2022 0:00,SW22010033,Ice
1/14/2022 0:00,SW22010034,Ice
1/17/2022 0:00,BSF22010427,Don
1/17/2022 0:00,BSF22010428,Don
1/17/2022 0:00,BSF22010429,Don
1/17/2022 0:00,BSF22010430,Don
1/17/2022 0:00,BSF22010431,Don
1/17/2022 0:00,BSF22010432,Don
1/17/2022 0:00,BSF22010433,Don
1/17/2022 0:00,BSF22010434,Don
1/17/2022 0:00,BSF22010435,Don
1/17/2022 0:00,BSF22010436,Don
1/17/2022 0:00,BSF22010437,Don
1/17/2022 0:00,BSF22010438,Don
1/17/2022 0:00,BSF22010439,Don
1/17/2022 0:00,BSF22010440,Don
1/17/2022 0:00,BSF22010441,Don
1/17/2022 0:00,BSF22010442,Don
1/17/2022 0:00,BSF22010443,Don
1/17/2022 0:00,BSF22010444,Don
1/17/2022 0:00,BSF22010445,Don
1/17/2022 0:00,BSF22010446,Don
1/17/2022 0:00,BSF22010447,Don
1/17/2022 0:00,BSF22010448,Don
1/21/2022 0:00,BM22010891,Yo
1/21/2022 0:00,BM22010892,Yo
1/21/2022 0:00,BM22010893,Yo
1/21/2022 0:00,BM22010894,Yo
1/21/2022 0:00,BM22010895,Yo
1/21/2022 0:00,BM22010896,Yo
1/21/2022 0:00,BM22010897,Yo
1/21/2022 0:00,BM22010898,Yo
1/21/2022 0:00,BM22010899,Yo
1/21/2022 0:00,BM22010900,Yo
1/23/2022 0:00,2.04E+14,Ken
1/23/2022 0:00,2.04E+14,Ken
1/23/2022 0:00,2.04E+14,Ken
1/23/2022 0:00,2.04E+14,Ken
1/23/2022 0:00,2.04E+14,Ken
1/23/2022 0:00,2.04E+14,Ken
1/23/2022 0:00,2.04E+14,Ken
1/23/2022 0:00,2.04E+14,Ken
1/23/2022 0:00,2.04E+14,Ken
1/23/2022 0:00,2.04E+14,Ken
1/27/2022 0:00,BP22011085,Yo
1/27/2022 0:00,BP22011086,Yo
1/27/2022 0:00,BP22011087,Yo
1/27/2022 0:00,BP22011088,Yo
1/27/2022 0:00,BP22011089,Yo
1/27/2022 0:00,BP22011090,Yo
1/27/2022 0:00,BP22011091,Yo
1/27/2022 0:00,BP22011092,Yo
1/27/2022 0:00,BP22011093,Yo
1/27/2022 0:00,BP22011094,Yo
1/27/2022 0:00,BP22011095,Yo
1/27/2022 0:00,BP22011096,Yo
1/27/2022 0:00,BP22011097,Yo
1/27/2022 0:00,BP22011098,Yo
1/27/2022 0:00,BP22011099,Yo
1/27/2022 0:00,BP22011100,Yo
1/27/2022 0:00,BP22011101,Yo
1/27/2022 0:00,BP22011102,Yo
1/27/2022 0:00,BP22011103,Yo
1/27/2022 0:00,BP22011104,Yo
2/7/2022 0:00,BP22031115,Yo
2/7/2022 0:00,BP22031116,Yo
2/7/2022 0:00,BP22031117,Yo
2/7/2022 0:00,BP22031118,Yo
2/7/2022 0:00,BP22031119,Yo
2/7/2022 0:00,BP22031120,Yo
2/7/2022 0:00,BP22031121,Yo
2/7/2022 0:00,BP22031122,Yo
2/7/2022 0:00,BP22031123,Yo
2/7/2022 0:00,BP22031124,Yo
2/8/2022 0:00,BM22020901,Yo
2/8/2022 0:00,BM22020902,Yo
2/8/2022 0:00,BM22020903,Yo
2/8/2022 0:00,BM22020904,Yo
2/8/2022 0:00,BM22020905,Yo
2/8/2022 0:00,BM22020906,Yo
2/8/2022 0:00,BM22020907,Yo
2/8/2022 0:00,BM22020908,Yo
2/8/2022 0:00,BM22020909,Yo
2/8/2022 0:00,BM22020910,Yo
2/9/2022 0:00,BS22090001,Ice
2/9/2022 0:00,BS22090002,Ice
2/9/2022 0:00,BS22090003,Ice
2/9/2022 0:00,BS22090004,Ice
2/9/2022 0:00,BS22090005,Ice
2/15/2022 0:00,A22020046,Ice
2/15/2022 0:00,A22020047,Ice
2/15/2022 0:00,A22020048,Ice
2/15/2022 0:00,A22020049,Ice
2/15/2022 0:00,A22020050,Ice
2/15/2022 0:00,A22020051,Ice
2/15/2022 0:00,A22020052,Ice
2/15/2022 0:00,A22020053,Ice
2/15/2022 0:00,BK22020030,Ice
2/15/2022 0:00,BK22020031,Ice
2/15/2022 0:00,BK22020032,Ice
2/15/2022 0:00,BK22020033,Ice
2/15/2022 0:00,CC6502931,Ice
2/15/2022 0:00,CC6502932,Ice
2/15/2022 0:00,CC6502933,Ice
2/15/2022 0:00,CC6502934,Ice
2/15/2022 0:00,CC6502935,Ice
2/15/2022 0:00,CC6502936,Ice
2/15/2022 0:00,CC6502937,Ice
2/15/2022 0:00,CC6502938,Ice
2/15/2022 0:00,CC6502939,Ice
2/15/2022 0:00,CC6502940,Ice
2/15/2022 0:00,CC6502941,Ice
2/15/2022 0:00,CC6502942,Ice
2/15/2022 0:00,CC6502943,Ice
2/15/2022 0:00,CC6502944,Ice
2/15/2022 0:00,CC6502945,Ice
2/15/2022 0:00,CC6502946,Ice
2/15/2022 0:00,CC6502947,Ice
2/15/2022 0:00,CC6502948,Ice
2/15/2022 0:00,CC6502949,Ice
2/15/2022 0:00,CC6502950,Ice
2/15/2022 0:00,CC6502951,Ice
2/15/2022 0:00,CC6502952,Ice
2/15/2022 0:00,CC6502953,Ice
2/15/2022 0:00,CC6502954,Ice
2/15/2022 0:00,CC6502955,Ice
2/15/2022 0:00,CC6502956,Ice
2/15/2022 0:00,CC6502957,Ice
2/15/2022 0:00,CC6502958,Ice
2/15/2022 0:00,CC6502959,Ice
2/15/2022 0:00,CC6502960,Ice
2/15/2022 0:00,CI22021002,Ice
2/15/2022 0:00,CI22021003,Ice
2/15/2022 0:00,CI22021004,Ice
2/15/2022 0:00,CI22021005,Ice
2/15/2022 0:00,CI22021006,Ice
2/15/2022 0:00,CO2202158,Yo
2/15/2022 0:00,MC22020834,Ice
2/15/2022 0:00,MC22020835,Ice
2/15/2022 0:00,MC22020836,Ice
2/15/2022 0:00,MC22020837,Ice
2/15/2022 0:00,MC22020838,Ice
2/15/2022 0:00,MC22020839,Ice
2/15/2022 0:00,MC22020840,Ice
2/15/2022 0:00,MC22020841,Ice
2/15/2022 0:00,MC22020842,Ice
2/15/2022 0:00,MC22020843,Ice
2/15/2022 0:00,MC22020844,Ice
2/15/2022 0:00,MC22020845,Ice
2/15/2022 0:00,MC22020846,Ice
2/15/2022 0:00,MC22020847,Ice
2/15/2022 0:00,MC22020848,Ice
2/15/2022 0:00,MC22020849,Ice
2/15/2022 0:00,MC22020850,Ice
2/15/2022 0:00,MC22020851,Ice
2/15/2022 0:00,MC22020852,Ice
2/15/2022 0:00,MC22020853,Ice
2/15/2022 0:00,MC22020854,Ice
2/15/2022 0:00,MC22020855,Ice
2/15/2022 0:00,MC22020856,Ice
2/15/2022 0:00,MC22020857,Ice
2/15/2022 0:00,MC22020858,Ice
2/15/2022 0:00,MC22020859,Ice
2/15/2022 0:00,MC22020860,Ice
2/15/2022 0:00,MC22020861,Ice
2/15/2022 0:00,MC22020862,Ice
2/15/2022 0:00,MC22020863,Ice
2/15/2022 0:00,MC22020864,Ice
2/15/2022 0:00,MC22020865,Ice
2/15/2022 0:00,MC22020866,Ice
2/15/2022 0:00,MC22020867,Ice
2/15/2022 0:00,MC22020868,Ice
2/15/2022 0:00,MC22020869,Ice
2/15/2022 0:00,MC22020870,Ice
2/15/2022 0:00,MC22020871,Ice
2/15/2022 0:00,MC22020872,Ice
2/15/2022 0:00,SW22020035,Ice
2/15/2022 0:00,SW22020036,Ice
2/15/2022 0:00,SW22020037,Ice
2/15/2022 0:00,SW22020038,Ice
2/15/2022 0:00,SW22020039,Ice
2/15/2022 0:00,SW22020040,Ice
2/15/2022 0:00,SW22020041,Ice
2/15/2022 0:00,SW22020042,Ice
2/15/2022 0:00,SW22020043,Ice
2/23/2022 0:00,BP22021105,Yo
2/23/2022 0:00,BP22021106,Yo
2/23/2022 0:00,BP22021107,Yo
2/23/2022 0:00,BP22021108,Yo
2/23/2022 0:00,BP22021109,Yo
2/23/2022 0:00,BP22021110,Yo
2/23/2022 0:00,BP22021111,Yo
2/23/2022 0:00,BP22021112,Yo
2/23/2022 0:00,BP22021113,Yo
2/23/2022 0:00,BP22021114,Yo
3/10/2022 0:00,BM22030911,Yo
3/10/2022 0:00,BM22030912,Yo
3/10/2022 0:00,BM22030913,Yo
3/10/2022 0:00,BM22030914,Yo
3/10/2022 0:00,BM22030915,Yo
3/10/2022 0:00,BM22030916,Yo
3/10/2022 0:00,BM22030917,Yo
3/10/2022 0:00,BM22030918,Yo
3/10/2022 0:00,BM22030919,Yo
3/10/2022 0:00,BM22030920,Yo
3/15/2022 0:00,A22030054,Ice
3/15/2022 0:00,A22030055,Ice
3/15/2022 0:00,A22030056,Ice
3/15/2022 0:00,A22030057,Ice
3/15/2022 0:00,A22030058,Ice
3/15/2022 0:00,A22030059,Ice
3/15/2022 0:00,A22030060,Ice
3/15/2022 0:00,A22030061,Ice
3/15/2022 0:00,A22030062,Ice
3/15/2022 0:00,BK22030034,Ice
3/15/2022 0:00,BK22030035,Ice
3/15/2022 0:00,BK22030036,Ice
3/15/2022 0:00,BK22030037,Ice
3/15/2022 0:00,BK22030038,Ice
3/15/2022 0:00,BK22030039,Ice
3/15/2022 0:00,BK22030040,Ice
3/15/2022 0:00,BK22030041,Ice
3/15/2022 0:00,BK22030042,Ice
3/15/2022 0:00,BSF22030449,Don
3/15/2022 0:00,BSF22030450,Don
3/15/2022 0:00,BSF22030451,Don
3/15/2022 0:00,BSF22030452,Don
3/15/2022 0:00,BSF22030453,Don
3/15/2022 0:00,BSF22030454,Don
3/15/2022 0:00,BSF22030455,Don
3/15/2022 0:00,BSF22030456,Don
3/15/2022 0:00,BSF22030457,Don
3/15/2022 0:00,BSF22030458,Don
3/15/2022 0:00,BSF22030459,Don
3/15/2022 0:00,BSF22030460,Don
3/15/2022 0:00,BSF22030461,Don
3/15/2022 0:00,BSF22030462,Don
3/15/2022 0:00,BSF22030463,Don
3/15/2022 0:00,BSF22030464,Don
3/15/2022 0:00,BSF22030465,Don
3/15/2022 0:00,BSF22030466,Don
3/15/2022 0:00,BSF22030467,Don
3/15/2022 0:00,BSF22030468,Don
3/15/2022 0:00,BSF22030469,Don
3/15/2022 0:00,BSF22030470,Don
3/15/2022 0:00,BSF22030471,Don
3/15/2022 0:00,BSF22030472,Don
3/15/2022 0:00,BSF22030473,Don
3/15/2022 0:00,BSF22030474,Don
3/15/2022 0:00,BSF22030475,Don
3/15/2022 0:00,BSF22030476,Don
3/15/2022 0:00,BSF22030477,Don
3/15/2022 0:00,BSF22030478,Don
3/15/2022 0:00,BSF22030479,Don
3/15/2022 0:00,BSF22030480,Don
3/15/2022 0:00,BSF22030481,Don
3/15/2022 0:00,BSF22030482,Don
3/15/2022 0:00,BSF22030483,Don
3/15/2022 0:00,BSF22030484,Don
3/15/2022 0:00,BSF22030485,Don
3/15/2022 0:00,BSF22030486,Don
3/15/2022 0:00,BSF22030487,Don
3/15/2022 0:00,BSF22030488,Don
3/15/2022 0:00,BSF22030489,Don
3/15/2022 0:00,BSF22030490,Don
3/15/2022 0:00,BSF22030491,Don
3/15/2022 0:00,BSF22030492,Don
3/15/2022 0:00,BSF22030493,Don
3/15/2022 0:00,BSF22030494,Don
3/15/2022 0:00,BSF22030495,Don
3/15/2022 0:00,BSF22030496,Don
3/15/2022 0:00,BSF22030497,Don
3/15/2022 0:00,BSF22030498,Don
3/15/2022 0:00,BSF22030499,Don
3/15/2022 0:00,BSF22030500,Don
3/15/2022 0:00,BSF22030501,Don
3/15/2022 0:00,BSF22030502,Don
3/15/2022 0:00,BSF22030503,Don
3/15/2022 0:00,BSG22030153,Don
3/15/2022 0:00,BSG22030154,Don
3/15/2022 0:00,BSG22030155,Don
3/15/2022 0:00,BSG22030156,Don
3/15/2022 0:00,BSG22030157,Don
3/15/2022 0:00,BSG22030158,Don
3/15/2022 0:00,BSG22030159,Don
3/15/2022 0:00,BSG22030160,Don
3/15/2022 0:00,BSG22030161,Don
3/15/2022 0:00,BSG22030162,Don
3/15/2022 0:00,CC6503961,Ice
3/15/2022 0:00,CC6503962,Ice
3/15/2022 0:00,CC6503963,Ice
3/15/2022 0:00,CC6503964,Ice
3/15/2022 0:00,CC6503965,Ice
3/15/2022 0:00,CC6503966,Ice
3/15/2022 0:00,CC6503967,Ice
3/15/2022 0:00,CC6503968,Ice
3/15/2022 0:00,CC6503969,Ice
3/15/2022 0:00,CC6503970,Ice
3/15/2022 0:00,CC6503971,Ice
3/15/2022 0:00,CC6503972,Ice
3/15/2022 0:00,CC6503973,Ice
3/15/2022 0:00,CC6503974,Ice
3/15/2022 0:00,CC6503975,Ice
3/15/2022 0:00,CC6503976,Ice
3/15/2022 0:00,CC6503977,Ice
3/15/2022 0:00,CC6503978,Ice
3/15/2022 0:00,CC6503979,Ice
3/15/2022 0:00,CC6503980,Ice
3/15/2022 0:00,CI22031007,Ice
3/15/2022 0:00,CI22031008,Ice
3/15/2022 0:00,CI22031009,Ice
3/15/2022 0:00,CI22031010,Ice
3/15/2022 0:00,CI22031011,Ice
3/15/2022 0:00,CI22031012,Ice
3/15/2022 0:00,CI22031013,Ice
3/15/2022 0:00,CI22031014,Ice
3/15/2022 0:00,CI22031015,Ice
3/15/2022 0:00,CI22031016,Ice
3/15/2022 0:00,CI22031017,Ice
3/15/2022 0:00,CI22031018,Ice
3/15/2022 0:00,CI22031019,Ice
3/15/2022 0:00,CI22031020,Ice
3/15/2022 0:00,CI22031021,Ice
3/15/2022 0:00,CI22031022,Ice
3/15/2022 0:00,CI22031023,Ice
3/15/2022 0:00,CI22031024,Ice
3/15/2022 0:00,CI22031025,Ice
3/15/2022 0:00,CI22031026,Ice
3/15/2022 0:00,CI22031027,Ice
3/15/2022 0:00,CI22031028,Ice
3/15/2022 0:00,CI22031029,Ice
3/15/2022 0:00,CI22031030,Ice
3/15/2022 0:00,CI22031031,Ice
3/15/2022 0:00,CI22031032,Ice
3/15/2022 0:00,CI22031033,Ice
3/15/2022 0:00,CI22031034,Ice
3/15/2022 0:00,CI22031035,Ice
3/15/2022 0:00,CI22031036,Ice
3/15/2022 0:00,CI22031037,Ice
3/15/2022 0:00,CI22031038,Ice
3/15/2022 0:00,CI22031039,Ice
3/15/2022 0:00,CI22031040,Ice
3/15/2022 0:00,CI22031041,Ice
3/15/2022 0:00,CI22031042,Ice
3/15/2022 0:00,CI22031043,Ice
3/15/2022 0:00,CI22031044,Ice
3/15/2022 0:00,CI22031045,Ice
3/15/2022 0:00,CI22031046,Ice
3/15/2022 0:00,CI22031047,Ice
3/15/2022 0:00,CI22031048,Ice
3/15/2022 0:00,CI22031049,Ice
3/15/2022 0:00,CI22031050,Ice
3/15/2022 0:00,CI22031051,Ice
3/15/2022 0:00,CI22031052,Ice
3/15/2022 0:00,CI22031053,Ice
3/15/2022 0:00,CI22031054,Ice
3/15/2022 0:00,CI22031055,Ice
3/15/2022 0:00,CI22031056,Ice
3/15/2022 0:00,CI22031057,Ice
3/15/2022 0:00,CI22031058,Ice
3/15/2022 0:00,CI22031059,Ice
3/15/2022 0:00,CI22031060,Ice
3/15/2022 0:00,CI22031061,Ice
3/15/2022 0:00,MC22030873,Ice
3/15/2022 0:00,MC22030874,Ice
3/15/2022 0:00,MC22030875,Ice
3/15/2022 0:00,MC22030876,Ice
3/15/2022 0:00,MC22030877,Ice
3/15/2022 0:00,MC22030878,Ice
3/15/2022 0:00,MC22030879,Ice
3/15/2022 0:00,MC22030880,Ice
3/15/2022 0:00,MC22030881,Ice
3/15/2022 0:00,MC22030882,Ice
3/15/2022 0:00,MC22030883,Ice
3/15/2022 0:00,MC22030884,Ice
3/15/2022 0:00,MC22030885,Ice
3/15/2022 0:00,MC22030886,Ice
3/15/2022 0:00,MC22030887,Ice
3/15/2022 0:00,MC22030888,Ice
3/15/2022 0:00,MC22030889,Ice
3/15/2022 0:00,MC22030890,Ice
3/15/2022 0:00,MC22030891,Ice
3/15/2022 0:00,MC22030892,Ice
3/15/2022 0:00,MC22030893,Ice
3/15/2022 0:00,MC22030894,Ice
3/15/2022 0:00,MC22030895,Ice
3/15/2022 0:00,QM22030016,Ice
3/15/2022 0:00,SW22030044,Ice
3/15/2022 0:00,SW22030045,Ice
3/15/2022 0:00,SW22030046,Ice
3/15/2022 0:00,SW22030047,Ice
3/15/2022 0:00,SW22030048,Ice
3/15/2022 0:00,SW22030049,Ice
3/15/2022 0:00,SW22030050,Ice
3/15/2022 0:00,SW22030051,Ice
3/15/2022 0:00,SW22030052,Ice
3/15/2022 0:00,SW22030053,Ice
3/15/2022 0:00,SW22030054,Ice
3/15/2022 0:00,SW22030055,Ice
3/15/2022 0:00,SW22030056,Ice
3/15/2022 0:00,SW22030057,Ice
3/15/2022 0:00,SW22030058,Ice
3/15/2022 0:00,SW22030059,Ice
3/15/2022 0:00,SW22030060,Ice
3/15/2022 0:00,SW22030061,Ice
3/15/2022 0:00,SW22030062,Ice
3/15/2022 0:00,SW22030063,Ice
3/15/2022 0:00,SW22030064,Ice
3/15/2022 0:00,SW22030065,Ice
3/15/2022 0:00,SW22030066,Ice
3/15/2022 0:00,SW22030067,Ice
3/15/2022 0:00,SW22030068,Ice
3/15/2022 0:00,SW22030069,Ice
3/15/2022 0:00,SW22030070,Ice
3/15/2022 0:00,SW22030071,Ice
3/15/2022 0:00,SW22030072,Ice
3/15/2022 0:00,SW22030073,Ice
3/15/2022 0:00,SW22030074,Ice
3/15/2022 0:00,SW22030075,Ice
3/15/2022 0:00,SW22030076,Ice
3/15/2022 0:00,SW22030077,Ice
3/15/2022 0:00,SW22030078,Ice
3/15/2022 0:00,SW22030079,Ice
3/15/2022 0:00,SW22030080,Ice
3/15/2022 0:00,SW22030081,Ice
3/15/2022 0:00,SW22030082,Ice
3/15/2022 0:00,SW22030083,Ice
3/15/2022 0:00,SW22030084,Ice
3/15/2022 0:00,SW22030085,Ice
3/15/2022 0:00,SW22030086,Ice
3/15/2022 0:00,SW22030087,Ice
3/15/2022 0:00,SW22030088,Ice
3/15/2022 0:00,SW22030089,Ice
3/15/2022 0:00,SW22030090,Ice
3/15/2022 0:00,SW22030091,Ice
3/15/2022 0:00,SW22030092,Ice
3/18/2022 0:00,BP22031125,Yo
3/18/2022 0:00,BP22031126,Yo
3/18/2022 0:00,BP22031127,Yo
3/18/2022 0:00,BP22031128,Yo
3/18/2022 0:00,BP22031129,Yo
3/18/2022 0:00,BP22031130,Yo
3/18/2022 0:00,BP22031131,Yo
3/18/2022 0:00,BP22031132,Yo
3/18/2022 0:00,BP22031133,Yo
3/18/2022 0:00,BP22031134,Yo
3/18/2022 0:00,SC422040011,Ice
3/18/2022 0:00,SC422040012,Ice
3/18/2022 0:00,SC422040013,Ice
3/18/2022 0:00,SC422040015,Ice
3/18/2022 0:00,SC422040016,Ice
3/18/2022 0:00,SC422040017,Ice
3/18/2022 0:00,SC422040018,Ice
3/18/2022 0:00,SC422040019,Ice
3/18/2022 0:00,SC422040020,Ice
3/18/2022 0:00,SC422040021,Ice
3/18/2022 0:00,SC422040022,Ice
3/18/2022 0:00,SC422040023,Ice
3/18/2022 0:00,SC422040024,Ice
3/18/2022 0:00,SC422040025,Ice
3/18/2022 0:00,SC422040026,Ice
3/18/2022 0:00,SC422040027,Ice
3/18/2022 0:00,SC422040028,Ice
3/18/2022 0:00,SC422040029,Ice
3/18/2022 0:00,SC422040030,Ice
3/18/2022 0:00,SC422040031,Ice
3/18/2022 0:00,SC422040032,Ice
3/18/2022 0:00,SC422040033,Ice
3/18/2022 0:00,SC422040034,Ice
3/18/2022 0:00,SC422040035,Ice
3/18/2022 0:00,SC422040036,Ice
3/18/2022 0:00,SC422040037,Ice
3/18/2022 0:00,SC422040038,Ice
3/18/2022 0:00,SC422040039,Ice
3/18/2022 0:00,SC422040040,Ice
3/18/2022 0:00,SC422040041,Ice
3/18/2022 0:00,SC422040042,Ice
3/18/2022 0:00,SC422040043,Ice
3/18/2022 0:00,SC422040044,Ice
3/18/2022 0:00,SC422040045,Ice
3/18/2022 0:00,SC422040046,Ice
3/18/2022 0:00,SC422040047,Ice
3/18/2022 0:00,SC422040048,Ice
3/18/2022 0:00,SC422040049,Ice
3/18/2022 0:00,SC422040050,Ice
3/18/2022 0:00,SC422040051,Ice
3/18/2022 0:00,SC422040052,Ice
3/18/2022 0:00,SC422040053,Ice
3/18/2022 0:00,SC422040054,Ice
3/18/2022 0:00,SC422040055,Ice
3/18/2022 0:00,SC422040056,Ice
3/18/2022 0:00,SC422040057,Ice
3/18/2022 0:00,SC422040058,Ice
3/18/2022 0:00,SC422040059,Ice
3/18/2022 0:00,SC422040060,Ice
3/18/2022 0:00,SC422040061,Ice
3/18/2022 0:00,SC422040062,Ice
3/18/2022 0:00,SC422040063,Ice
3/18/2022 0:00,SC422040064,Ice
3/18/2022 0:00,SC422040065,Ice
3/18/2022 0:00,SC422040066,Ice
3/18/2022 0:00,SC422040067,Ice
3/18/2022 0:00,SC422040068,Ice
3/18/2022 0:00,SC422040069,Ice
3/18/2022 0:00,SC422040070,Ice
3/18/2022 0:00,SC422040071,Ice
3/18/2022 0:00,SC422040072,Ice
3/18/2022 0:00,SC422040073,Ice
3/18/2022 0:00,SC422040074,Ice
3/18/2022 0:00,SC422040075,Ice
3/18/2022 0:00,SC422040076,Ice
3/18/2022 0:00,SC422040077,Ice
3/18/2022 0:00,SC422040078,Ice
3/18/2022 0:00,SC422040079,Ice
3/18/2022 0:00,SC422040080,Ice
3/18/2022 0:00,SC422040081,Ice
3/18/2022 0:00,SC422040082,Ice
3/18/2022 0:00,SC422040083,Ice
3/18/2022 0:00,SC422040084,Ice
3/18/2022 0:00,SC422040085,Ice
3/18/2022 0:00,SC422040086,Ice
3/18/2022 0:00,SC422040087,Ice
3/18/2022 0:00,SC422040088,Ice
3/18/2022 0:00,SC422040089,Ice
3/18/2022 0:00,SC422040090,Ice
3/18/2022 0:00,SC422040091,Ice
3/18/2022 0:00,SC422040092,Ice
3/18/2022 0:00,SC422040093,Ice
3/18/2022 0:00,SC422040094,Ice
3/18/2022 0:00,SC422040095,Ice
3/18/2022 0:00,SC422040096,Ice
3/18/2022 0:00,SC422040097,Ice
3/18/2022 0:00,SC422040098,Ice
3/18/2022 0:00,SC422090099,Ice
3/18/2022 0:00,SC422090100,Ice
3/18/2022 0:00,SC422090101,Ice
3/18/2022 0:00,SC422090102,Ice
3/18/2022 0:00,SC422090103,Ice
3/18/2022 0:00,SC422090104,Ice
3/18/2022 0:00,SC422090105,Ice
3/18/2022 0:00,SC422090106,Ice
3/18/2022 0:00,SC422090107,Ice
3/18/2022 0:00,SC422090108,Ice
3/18/2022 0:00,SC422090109,Ice
3/18/2022 0:00,SC422090110,Ice
3/18/2022 0:00,SC422090111,Ice
3/18/2022 0:00,SC422090112,Ice
3/18/2022 0:00,SC422090113,Ice
3/18/2022 0:00,SC422090114,Ice
3/18/2022 0:00,SC422090115,Ice
3/18/2022 0:00,SC422090116,Ice
3/18/2022 0:00,SC422090117,Ice
3/18/2022 0:00,SC422090118,Ice
3/18/2022 0:00,SC422090119,Ice
3/18/2022 0:00,SC422090120,Ice
3/18/2022 0:00,SC422090121,Ice
3/18/2022 0:00,SC422090122,Ice
3/18/2022 0:00,SC422090123,Ice
3/18/2022 0:00,SC422090124,Ice
3/18/2022 0:00,SC422090125,Ice
3/18/2022 0:00,SC422090126,Ice
3/18/2022 0:00,SC422090127,Ice
3/18/2022 0:00,SC422090128,Ice
3/18/2022 0:00,SC422090129,Ice
3/18/2022 0:00,SC422090130,Ice
3/18/2022 0:00,SC422090131,Ice
3/18/2022 0:00,SC422090132,Ice
3/18/2022 0:00,SC422090133,Ice
3/18/2022 0:00,SC422090134,Ice
3/18/2022 0:00,SC422090135,Ice
3/18/2022 0:00,SC422090136,Ice
3/18/2022 0:00,SC422090137,Ice
3/18/2022 0:00,SC422090138,Ice
3/18/2022 0:00,SC422090139,Ice
3/18/2022 0:00,SC422100140,Ice
3/18/2022 0:00,SC422100141,Ice
3/18/2022 0:00,SC422100142,Ice
3/18/2022 0:00,SC422100143,Ice
3/18/2022 0:00,SC422100144,Ice
3/18/2022 0:00,SC422100145,Ice
3/18/2022 0:00,SC422100146,Ice
3/18/2022 0:00,SC422100147,Ice
3/18/2022 0:00,SC422100148,Ice
3/18/2022 0:00,SC422100149,Ice
3/18/2022 0:00,SC422100150,Ice
3/18/2022 0:00,SC422100151,Ice
3/18/2022 0:00,SC422100152,Ice
3/18/2022 0:00,SC422100153,Ice
3/18/2022 0:00,SC422100154,Ice
3/18/2022 0:00,SC422100155,Ice
3/18/2022 0:00,SC422100156,Ice
3/18/2022 0:00,SC422100157,Ice
3/18/2022 0:00,SC422100158,Ice
3/18/2022 0:00,SC422110159,Ice
3/18/2022 0:00,SC422110160,Ice
3/18/2022 0:00,SC422110161,Ice
3/18/2022 0:00,SC422110162,Ice
3/18/2022 0:00,SC422110163,Ice
3/18/2022 0:00,SC422110164,Ice
3/18/2022 0:00,SC422110165,Ice
3/18/2022 0:00,SC422110166,Ice
3/18/2022 0:00,SC422110167,Ice
3/18/2022 0:00,SC422110168,Ice
3/18/2022 0:00,SC422110169,Ice
3/18/2022 0:00,SC422110170,Ice
3/18/2022 0:00,SC422110171,Ice
3/18/2022 0:00,SC422110172,Ice
3/18/2022 0:00,SC422110173,Ice
3/18/2022 0:00,SC422110174,Ice
3/18/2022 0:00,SC422110175,Ice
3/18/2022 0:00,SC422110176,Ice
3/18/2022 0:00,SC422110177,Ice
3/18/2022 0:00,SC422110178,Ice
3/18/2022 0:00,SC422110179,Ice
3/18/2022 0:00,SC422110180,Ice
3/18/2022 0:00,SC422110181,Ice
3/18/2022 0:00,SC422110182,Ice
3/18/2022 0:00,SC422110183,Ice
3/18/2022 0:00,SC422110184,Ice
3/18/2022 0:00,SC422110185,Ice
3/18/2022 0:00,SC422110186,Ice
3/18/2022 0:00,SC422110187,Ice
3/18/2022 0:00,SC422110188,Ice
3/18/2022 0:00,SC422110189,Ice
3/18/2022 0:00,SC422110190,Ice
3/18/2022 0:00,SC422110191,Ice
3/18/2022 0:00,SC422110192,Ice
3/18/2022 0:00,SC422110193,Ice
3/18/2022 0:00,SC422110194,Ice
3/18/2022 0:00,SC422110195,Ice
3/18/2022 0:00,SC422110196,Ice
3/18/2022 0:00,SC422110197,Ice
3/18/2022 0:00,SC422110198,Ice
3/18/2022 0:00,SC422110199,Ice
3/18/2022 0:00,SC422110200,Ice
3/18/2022 0:00,SC422110201,Ice
3/18/2022 0:00,SC422110202,Ice
3/18/2022 0:00,SC422110203,Ice
3/18/2022 0:00,SC422110204,Ice
3/18/2022 0:00,SC422110205,Ice
3/18/2022 0:00,SC422110206,Ice
3/18/2022 0:00,SC422110207,Ice
3/18/2022 0:00,SC422110208,Ice
3/18/2022 0:00,SC422120209,Ice
3/18/2022 0:00,SC422120210,Ice
3/18/2022 0:00,SC422120211,Ice
3/18/2022 0:00,SC422120212,Ice
3/18/2022 0:00,SC422120213,Ice
3/18/2022 0:00,SC422120214,Ice
3/18/2022 0:00,SC422120215,Ice
3/18/2022 0:00,SC422120216,Ice
3/18/2022 0:00,SC422120217,Ice
3/18/2022 0:00,SC422120218,Ice
3/18/2022 0:00,SC422120219,Ice
3/18/2022 0:00,SC422120220,Ice
3/18/2022 0:00,SC422120221,Ice
3/18/2022 0:00,SC422120222,Ice
3/18/2022 0:00,SC422120223,Ice
3/18/2022 0:00,SC422120224,Ice
3/18/2022 0:00,SC422120225,Ice
3/18/2022 0:00,SC422120226,Ice
3/18/2022 0:00,SC422120227,Ice
3/18/2022 0:00,SC422120228,Ice
3/18/2022 0:00,SC422120229,Ice
3/18/2022 0:00,SC422120230,Ice
3/18/2022 0:00,SC422120231,Ice
3/18/2022 0:00,SC422120232,Ice
3/18/2022 0:00,SC422120233,Ice
3/18/2022 0:00,SC422120234,Ice
3/18/2022 0:00,SC422120235,Ice
3/18/2022 0:00,SC422120236,Ice
3/18/2022 0:00,SC422120237,Ice
3/18/2022 0:00,SC422120238,Ice
3/18/2022 0:00,SC422120239,Ice
3/18/2022 0:00,SC422120240,Ice
3/18/2022 0:00,SC422120241,Ice
3/18/2022 0:00,SC422120242,Ice
3/18/2022 0:00,SC422120243,Ice
3/18/2022 0:00,SC422120244,Ice
3/18/2022 0:00,SC422120245,Ice
3/18/2022 0:00,SC422120246,Ice
3/18/2022 0:00,SC422120247,Ice
3/18/2022 0:00,SC422120248,Ice
3/18/2022 0:00,SC422120249,Ice
3/18/2022 0:00,SC422120250,Ice
3/18/2022 0:00,SC422120251,Ice
3/18/2022 0:00,SC422120252,Ice
3/18/2022 0:00,SC422120253,Ice
3/18/2022 0:00,SC422120254,Ice
3/18/2022 0:00,SC422120255,Ice
3/18/2022 0:00,SC422120256,Ice
3/18/2022 0:00,SC422120257,Ice
3/18/2022 0:00,SC422120258,Ice
3/18/2022 0:00,SC423010001,Ice
3/18/2022 0:00,SC423010002,Ice
3/18/2022 0:00,SC423010003,Ice
3/18/2022 0:00,SC423010004,Ice
3/18/2022 0:00,SC423010005,Ice
3/18/2022 0:00,SC423010006,Ice
3/18/2022 0:00,SC423010007,Ice
3/18/2022 0:00,SC423010008,Ice
3/18/2022 0:00,SC423010009,Ice
3/18/2022 0:00,SC423010010,Ice
3/18/2022 0:00,SC423010011,Ice
3/18/2022 0:00,SC423010012,Ice
3/18/2022 0:00,SC423010013,Ice
3/18/2022 0:00,SC423010014,Ice
3/18/2022 0:00,SC423010015,Ice
3/18/2022 0:00,SC423010016,Ice
3/18/2022 0:00,SC423010017,Ice
3/18/2022 0:00,SC423010018,Ice
3/18/2022 0:00,SC423010019,Ice
3/18/2022 0:00,SC423010020,Ice
3/25/2022 0:00,BM22030921,Yo
3/25/2022 0:00,BM22030922,Yo
3/25/2022 0:00,BM22030923,Yo
3/25/2022 0:00,BM22030924,Yo
3/25/2022 0:00,BM22030925,Yo
3/25/2022 0:00,BM22030926,Yo
3/25/2022 0:00,BM22030927,Yo
3/25/2022 0:00,BM22030928,Yo
3/25/2022 0:00,BM22030929,Yo
3/25/2022 0:00,BM22030930,Yo
4/7/2022 0:00,BP22041135,Yo
4/7/2022 0:00,BP22041136,Yo
4/7/2022 0:00,BP22041137,Yo
4/7/2022 0:00,BP22041138,Yo
4/7/2022 0:00,BP22041139,Yo
4/7/2022 0:00,BP22041140,Yo
4/7/2022 0:00,BP22041141,Yo
4/7/2022 0:00,BP22041142,Yo
4/7/2022 0:00,BP22041143,Yo
4/7/2022 0:00,BP22041144,Yo
4/15/2022 0:00,A22040063,Ice
4/15/2022 0:00,A22040064,Ice
4/15/2022 0:00,A22040065,Ice
4/15/2022 0:00,A22040066,Ice
4/15/2022 0:00,A22040067,Ice
4/15/2022 0:00,A22040068,Ice
4/15/2022 0:00,A22040069,Ice
4/15/2022 0:00,A22040070,Ice
4/15/2022 0:00,A22040071,Ice
4/15/2022 0:00,BSF22040504,Don
4/15/2022 0:00,BSF22040505,Don
4/15/2022 0:00,BSF22040506,Don
4/15/2022 0:00,BSF22040507,Don
4/15/2022 0:00,BSF22040508,Don
4/15/2022 0:00,BSF22040509,Don
4/15/2022 0:00,BSF22040510,Don
4/15/2022 0:00,BSF22040511,Don
4/15/2022 0:00,BSF22040512,Don
4/15/2022 0:00,BSF22040513,Don
4/15/2022 0:00,BSF22040514,Don
4/15/2022 0:00,BSF22040515,Don
4/15/2022 0:00,BSF22040516,Don
4/15/2022 0:00,BSF22040517,Don
4/15/2022 0:00,BSF22040518,Don
4/15/2022 0:00,BSF22040519,Don
4/15/2022 0:00,BSF22040520,Don
4/15/2022 0:00,BSF22040521,Don
4/15/2022 0:00,BSF22040522,Don
4/15/2022 0:00,BSF22040523,Don
4/15/2022 0:00,CC65041000,Ice
4/15/2022 0:00,CC6504981,Ice
4/15/2022 0:00,CC6504982,Ice
4/15/2022 0:00,CC6504983,Ice
4/15/2022 0:00,CC6504984,Ice
4/15/2022 0:00,CC6504985,Ice
4/15/2022 0:00,CC6504986,Ice
4/15/2022 0:00,CC6504987,Ice
4/15/2022 0:00,CC6504988,Ice
4/15/2022 0:00,CC6504989,Ice
4/15/2022 0:00,CC6504990,Ice
4/15/2022 0:00,CC6504991,Ice
4/15/2022 0:00,CC6504992,Ice
4/15/2022 0:00,CC6504993,Ice
4/15/2022 0:00,CC6504994,Ice
4/15/2022 0:00,CC6504995,Ice
4/15/2022 0:00,CC6504996,Ice
4/15/2022 0:00,CC6504997,Ice
4/15/2022 0:00,CC6504998,Ice
4/15/2022 0:00,CC6504999,Ice
4/15/2022 0:00,CO2304159,Yo
4/15/2022 0:00,CO2304160,Yo
4/15/2022 0:00,CO2304161,Yo
4/27/2022 0:00,BM22040931,Yo
4/27/2022 0:00,BM22040932,Yo
4/27/2022 0:00,BM22040933,Yo
4/27/2022 0:00,BM22040934,Yo
4/27/2022 0:00,BM22040935,Yo
4/27/2022 0:00,BM22040936,Yo
4/27/2022 0:00,BM22040937,Yo
4/27/2022 0:00,BM22040938,Yo
4/27/2022 0:00,BM22040939,Yo
4/27/2022 0:00,BM22040940,Yo
5/6/2022 0:00,BM22050941,Yo
5/6/2022 0:00,BM22050942,Yo
5/6/2022 0:00,BM22050943,Yo
5/6/2022 0:00,BM22050944,Yo
5/6/2022 0:00,BM22050945,Yo
5/6/2022 0:00,BM22050946,Yo
5/6/2022 0:00,BM22050947,Yo
5/6/2022 0:00,BM22050948,Yo
5/6/2022 0:00,BM22050949,Yo
5/6/2022 0:00,BM22050950,Yo
5/13/2022 0:00,QM22050017,Ice
5/14/2022 0:00,BP22051145,Yo
5/14/2022 0:00,BP22051146,Yo
5/14/2022 0:00,BP22051147,Yo
5/14/2022 0:00,BP22051148,Yo
5/14/2022 0:00,BP22051149,Yo
5/14/2022 0:00,BP22051150,Yo
5/14/2022 0:00,BP22051151,Yo
5/14/2022 0:00,BP22051152,Yo
5/14/2022 0:00,BP22051153,Yo
5/14/2022 0:00,BP22051154,Yo
5/14/2022 0:00,RM22050020,Ice
5/15/2022 0:00,QC22050018,Ice
5/15/2022 0:00,QC22050019,Ice
5/15/2022 0:00,QC22050020,Ice
5/16/2022 0:00,A22050072,Ice
5/16/2022 0:00,A22050073,Ice
5/16/2022 0:00,A22050074,Ice
5/16/2022 0:00,A22050075,Ice
5/16/2022 0:00,A22050076,Ice
5/16/2022 0:00,A22050077,Ice
5/16/2022 0:00,A22050078,Ice
5/16/2022 0:00,A22050079,Ice
5/16/2022 0:00,A22050080,Ice
5/16/2022 0:00,A22050081,Ice
5/16/2022 0:00,A22050082,Ice
5/16/2022 0:00,A22050083,Ice
5/16/2022 0:00,A22050084,Ice
5/16/2022 0:00,BSF22050524,Don
5/16/2022 0:00,BSF22050525,Don
5/16/2022 0:00,BSF22050526,Don
5/16/2022 0:00,BSF22050527,Don
5/16/2022 0:00,BSF22050528,Don
5/16/2022 0:00,BSF22050529,Don
5/16/2022 0:00,BSF22050530,Don
5/16/2022 0:00,BSF22050531,Don
5/16/2022 0:00,BSF22050532,Don
5/16/2022 0:00,BSF22050533,Don
5/16/2022 0:00,BSF22050534,Don
5/16/2022 0:00,BSF22050535,Don
5/16/2022 0:00,BSF22050536,Don
5/16/2022 0:00,BSF22050537,Don
5/16/2022 0:00,BSF22050538,Don
5/16/2022 0:00,BSF22050539,Don
5/16/2022 0:00,BSF22050540,Don
5/16/2022 0:00,BSF22050541,Don
5/16/2022 0:00,BSF22050542,Don
5/16/2022 0:00,BSF22050543,Don
5/16/2022 0:00,BSF22050544,Don
5/16/2022 0:00,BSF22050545,Don
5/16/2022 0:00,BSF22050546,Don
5/16/2022 0:00,BSF22050547,Don
5/16/2022 0:00,BSF22050548,Don
5/16/2022 0:00,BSF22050549,Don
5/16/2022 0:00,BSF22050550,Don
5/16/2022 0:00,BSF22050551,Don
5/16/2022 0:00,BSG22050163,Don
5/16/2022 0:00,BSG22050164,Don
5/16/2022 0:00,BSG22050165,Don
5/16/2022 0:00,BSG22050166,Don
5/16/2022 0:00,BSG22050167,Don
5/16/2022 0:00,BSG22050168,Don
5/16/2022 0:00,BSG22050169,Don
5/16/2022 0:00,BSG22050170,Don
5/16/2022 0:00,BSG22050171,Don
5/16/2022 0:00,BSG22050172,Don
5/16/2022 0:00,CC65051001,Ice
5/16/2022 0:00,CC65051002,Ice
5/16/2022 0:00,CC65051003,Ice
5/16/2022 0:00,CC65051004,Ice
5/16/2022 0:00,CC65051005,Ice
5/16/2022 0:00,CC65051006,Ice
5/16/2022 0:00,CC65051007,Ice
5/16/2022 0:00,CC65051008,Ice
5/16/2022 0:00,CC65051009,Ice
5/16/2022 0:00,CC65051010,Ice
5/16/2022 0:00,CI22051062,Ice
5/16/2022 0:00,CI22051063,Ice
5/16/2022 0:00,CI22051064,Ice
5/16/2022 0:00,CI22051065,Ice
5/16/2022 0:00,CI22051066,Ice
5/16/2022 0:00,CI22051067,Ice
5/16/2022 0:00,CI22051068,Ice
5/16/2022 0:00,CI22051069,Ice
5/16/2022 0:00,CI22051070,Ice
5/16/2022 0:00,CI22051071,Ice
5/16/2022 0:00,SW22050093,Ice
5/16/2022 0:00,SW22050094,Ice
5/16/2022 0:00,SW22050095,Ice
5/16/2022 0:00,SW22050096,Ice
5/16/2022 0:00,SW22050097,Ice
5/16/2022 0:00,SW22050098,Ice
5/16/2022 0:00,SW22050099,Ice
5/16/2022 0:00,SW22050100,Ice
5/16/2022 0:00,SW22050101,Ice
5/16/2022 0:00,SW22050102,Ice
5/16/2022 0:00,SW22050103,Ice
5/16/2022 0:00,SW22050104,Ice
5/21/2022 0:00,BM22050951,Yo
5/21/2022 0:00,BM22050952,Yo
5/21/2022 0:00,BM22050953,Yo
5/21/2022 0:00,BM22050954,Yo
5/21/2022 0:00,BM22050955,Yo
5/21/2022 0:00,BM22050956,Yo
5/21/2022 0:00,BM22050957,Yo
5/21/2022 0:00,BM22050958,Yo
5/21/2022 0:00,BM22050959,Yo
5/21/2022 0:00,BM22050960,Yo
5/27/2022 0:00,BP22051155,Yo
5/27/2022 0:00,BP22051156,Yo
5/27/2022 0:00,BP22051157,Yo
5/27/2022 0:00,BP22051158,Yo
5/27/2022 0:00,BP22051159,Yo
5/27/2022 0:00,BP22051160,Yo
5/27/2022 0:00,BP22051161,Yo
5/27/2022 0:00,BP22051162,Yo
5/27/2022 0:00,BP22051163,Yo
5/27/2022 0:00,BP22051164,Yo
6/6/2022 0:00,BM22060961,Yo
6/6/2022 0:00,BM22060962,Yo
6/6/2022 0:00,BM22060963,Yo
6/6/2022 0:00,BM22060964,Yo
6/6/2022 0:00,BM22060965,Yo
6/6/2022 0:00,BM22060966,Yo
6/6/2022 0:00,BM22060967,Yo
6/6/2022 0:00,BM22060968,Yo
6/6/2022 0:00,BM22060969,Yo
6/6/2022 0:00,BM22060970,Yo
6/6/2022 0:00,BM22060971,Yo
6/6/2022 0:00,BM22060972,Yo
6/6/2022 0:00,BM22060973,Yo
6/6/2022 0:00,BM22060974,Yo
6/6/2022 0:00,BM22060975,Yo
6/6/2022 0:00,BM22060976,Yo
6/6/2022 0:00,BM22060977,Yo
6/6/2022 0:00,BM22060978,Yo
6/6/2022 0:00,BM22060979,Yo
6/6/2022 0:00,BM22060980,Yo
6/11/2022 0:00,BP22061165,Yo
6/11/2022 0:00,BP22061166,Yo
6/11/2022 0:00,BP22061167,Yo
6/11/2022 0:00,BP22061168,Yo
6/11/2022 0:00,BP22061169,Yo
6/11/2022 0:00,BP22061170,Yo
6/11/2022 0:00,BP22061171,Yo
6/11/2022 0:00,BP22061172,Yo
6/11/2022 0:00,BP22061173,Yo
6/11/2022 0:00,BP22061174,Yo
6/15/2022 0:00,A22060085,Ice
6/15/2022 0:00,A22060086,Ice
6/15/2022 0:00,A22060087,Ice
6/15/2022 0:00,A22060088,Ice
6/15/2022 0:00,A22060089,Ice
6/15/2022 0:00,A22060090,Ice
6/15/2022 0:00,A22060091,Ice
6/15/2022 0:00,A22060092,Ice
6/15/2022 0:00,BK22060043,Ice
6/15/2022 0:00,BK22060044,Ice
6/15/2022 0:00,BK22060045,Ice
6/15/2022 0:00,BK22060046,Ice
6/15/2022 0:00,BK22060047,Ice
6/15/2022 0:00,BK22060048,Ice
6/15/2022 0:00,BK22060049,Ice
6/15/2022 0:00,BK22060050,Ice
6/15/2022 0:00,BK22060051,Ice
6/15/2022 0:00,BSG22060173,Don
6/15/2022 0:00,BSG22060174,Don
6/15/2022 0:00,BSG22060175,Don
6/15/2022 0:00,BSG22060176,Don
6/15/2022 0:00,BSG22060177,Don
6/15/2022 0:00,BSG22060178,Don
6/15/2022 0:00,BSG22060179,Don
6/15/2022 0:00,BSG22060180,Don
6/15/2022 0:00,BSG22060181,Don
6/15/2022 0:00,BSG22060182,Don
6/15/2022 0:00,BSG22060183,Don
6/15/2022 0:00,CC65061011,Ice
6/15/2022 0:00,CC65061012,Ice
6/15/2022 0:00,CC65061013,Ice
6/15/2022 0:00,CC65061014,Ice
6/15/2022 0:00,CC65061015,Ice
6/15/2022 0:00,CC65061016,Ice
6/15/2022 0:00,CC65061017,Ice
6/15/2022 0:00,CC65061018,Ice
6/15/2022 0:00,CC65061019,Ice
6/15/2022 0:00,CC65061020,Ice
6/15/2022 0:00,CI22061072,Ice
6/15/2022 0:00,CI22061073,Ice
6/15/2022 0:00,CI22061074,Ice
6/15/2022 0:00,CI22061075,Ice
6/15/2022 0:00,CI22061076,Ice
6/15/2022 0:00,CI22061077,Ice
6/15/2022 0:00,CI22061078,Ice
6/15/2022 0:00,CI22061079,Ice
6/15/2022 0:00,CI22061080,Ice
6/15/2022 0:00,CI22061081,Ice
6/15/2022 0:00,MC22060896,Ice
6/15/2022 0:00,MC22060897,Ice
6/15/2022 0:00,MC22060898,Ice
6/15/2022 0:00,MC22060899,Ice
6/15/2022 0:00,MC22060900,Ice
6/15/2022 0:00,MC22060901,Ice
6/15/2022 0:00,MC22060902,Ice
6/15/2022 0:00,MC22060903,Ice
6/15/2022 0:00,MC22060904,Ice
6/15/2022 0:00,MC22060905,Ice
6/15/2022 0:00,SW22060105,Ice
6/15/2022 0:00,SW22060106,Ice
6/15/2022 0:00,SW22060107,Ice
6/15/2022 0:00,SW22060108,Ice
6/15/2022 0:00,SW22060109,Ice
6/15/2022 0:00,SW22060110,Ice
6/15/2022 0:00,SW22060111,Ice
6/15/2022 0:00,SW22060112,Ice
6/15/2022 0:00,SW22060113,Ice
6/15/2022 0:00,SW22060114,Ice
6/15/2022 0:00,SW22060115,Ice
6/15/2022 0:00,SW22060116,Ice
6/15/2022 0:00,SW22060117,Ice
6/15/2022 0:00,SW22060118,Ice
6/15/2022 0:00,SW22060119,Ice
6/15/2022 0:00,SW22060120,Ice
6/15/2022 0:00,SW22060121,Ice
6/15/2022 0:00,SW22060122,Ice
6/15/2022 0:00,SW22060123,Ice
6/15/2022 0:00,SW22060124,Ice
6/15/2022 0:00,SW22060125,Ice
6/15/2022 0:00,SW22060126,Ice
6/15/2022 0:00,SW22060127,Ice
6/15/2022 0:00,SW22060128,Ice
6/15/2022 0:00,SW22060129,Ice
6/15/2022 0:00,SW22060130,Ice
6/15/2022 0:00,SW22060131,Ice
6/15/2022 0:00,SW22060132,Ice
6/15/2022 0:00,SW22060133,Ice
6/15/2022 0:00,SW22060134,Ice
6/15/2022 0:00,SW22060135,Ice
6/15/2022 0:00,SW22060136,Ice
6/15/2022 0:00,SW22060137,Ice
6/15/2022 0:00,SW22060138,Ice
6/15/2022 0:00,SW22060139,Ice
6/15/2022 0:00,SW22060140,Ice
6/15/2022 0:00,SW22060141,Ice
6/15/2022 0:00,SW22060142,Ice
6/15/2022 0:00,SW22060143,Ice
6/15/2022 0:00,SW22060144,Ice
6/15/2022 0:00,SW22060145,Ice
6/15/2022 0:00,SW22060146,Ice
6/15/2022 0:00,SW22060147,Ice
6/15/2022 0:00,SW22060148,Ice
6/15/2022 0:00,SW22060149,Ice
6/15/2022 0:00,SW22060150,Ice
6/15/2022 0:00,SW22060151,Ice
6/15/2022 0:00,SW22060152,Ice
6/15/2022 0:00,SW22060153,Ice
6/15/2022 0:00,SW22060154,Ice
6/15/2022 0:00,SW22060155,Ice
6/15/2022 0:00,SW22060156,Ice
6/15/2022 0:00,SW22060157,Ice
6/15/2022 0:00,SW22060158,Ice
6/15/2022 0:00,SW22060159,Ice
6/15/2022 0:00,SW22060160,Ice
6/15/2022 0:00,SW22060161,Ice
6/15/2022 0:00,SW22060162,Ice
6/15/2022 0:00,SW22060163,Ice
6/15/2022 0:00,SW22060164,Ice
6/15/2022 0:00,SW22060165,Ice
6/15/2022 0:00,SW22060166,Ice
6/15/2022 0:00,SW22060167,Ice
6/15/2022 0:00,SW22060168,Ice
6/15/2022 0:00,SW22060169,Ice
6/15/2022 0:00,SW22060170,Ice
6/15/2022 0:00,SW22060171,Ice
6/15/2022 0:00,SW22060172,Ice
6/15/2022 0:00,SW22060173,Ice
6/15/2022 0:00,SW22060174,Ice
6/15/2022 0:00,SW22060175,Ice
6/15/2022 0:00,SW22060176,Ice
6/15/2022 0:00,SW22060177,Ice
6/15/2022 0:00,SW22060178,Ice
6/15/2022 0:00,SW22060179,Ice
6/15/2022 0:00,SW22060180,Ice
6/15/2022 0:00,SW22060181,Ice
6/15/2022 0:00,SW22060182,Ice
6/15/2022 0:00,SW22060183,Ice
6/15/2022 0:00,SW22060184,Ice
6/25/2022 0:00,BP22061175,Yo
6/25/2022 0:00,BP22061176,Yo
6/25/2022 0:00,BP22061177,Yo
6/25/2022 0:00,BP22061178,Yo
6/25/2022 0:00,BP22061179,Yo
6/25/2022 0:00,BP22061180,Yo
6/25/2022 0:00,BP22061181,Yo
6/25/2022 0:00,BP22061182,Yo
6/25/2022 0:00,BP22061183,Yo
6/25/2022 0:00,BP22061184,Yo
7/2/2022 0:00,BP22071185,Yo
7/2/2022 0:00,BP22071186,Yo
7/2/2022 0:00,BP22071187,Yo
7/2/2022 0:00,BP22071188,Yo
7/2/2022 0:00,BP22071189,Yo
7/2/2022 0:00,BP22071190,Yo
7/2/2022 0:00,BP22071191,Yo
7/2/2022 0:00,BP22071192,Yo
7/2/2022 0:00,BP22071193,Yo
7/2/2022 0:00,BP22071194,Yo
7/8/2022 0:00,BM22070981,Yo
7/8/2022 0:00,BM22070982,Yo
7/8/2022 0:00,BM22070983,Yo
7/8/2022 0:00,BM22070984,Yo
7/8/2022 0:00,BM22070985,Yo
7/8/2022 0:00,BM22070986,Yo
7/8/2022 0:00,BM22070987,Yo
7/8/2022 0:00,BM22070988,Yo
7/8/2022 0:00,BM22070989,Yo
7/8/2022 0:00,BM22070990,Yo
7/15/2022 0:00,A22070093,Ice
7/15/2022 0:00,A22070094,Ice
7/15/2022 0:00,A22070095,Ice
7/15/2022 0:00,A22070096,Ice
7/15/2022 0:00,A22070097,Ice
7/15/2022 0:00,A22070098,Ice
7/15/2022 0:00,A22070099,Ice
7/15/2022 0:00,A22070100,Ice
7/15/2022 0:00,A22070101,Ice
7/15/2022 0:00,A22070102,Ice
7/15/2022 0:00,A22070103,Ice
7/15/2022 0:00,A22070104,Ice
7/15/2022 0:00,A22070105,Ice
7/15/2022 0:00,A22070106,Ice
7/15/2022 0:00,A22070107,Ice
7/15/2022 0:00,BK22070052,Ice
7/15/2022 0:00,BK22070053,Ice
7/15/2022 0:00,BK22070054,Ice
7/15/2022 0:00,BK22070055,Ice
7/15/2022 0:00,BK22070056,Ice
7/15/2022 0:00,BSF22070552,Ice
7/15/2022 0:00,BSF22070553,Ice
7/15/2022 0:00,BSF22070554,Ice
7/15/2022 0:00,BSF22070555,Ice
7/15/2022 0:00,BSF22070556,Ice
7/15/2022 0:00,BSF22070557,Ice
7/15/2022 0:00,BSF22070558,Ice
7/15/2022 0:00,BSF22070559,Ice
7/15/2022 0:00,BSF22070560,Ice
7/15/2022 0:00,BSF22070561,Ice
7/15/2022 0:00,BSF22070562,Ice
7/15/2022 0:00,BSF22070563,Ice
7/15/2022 0:00,BSF22070564,Ice
7/15/2022 0:00,BSF22070565,Ice
7/15/2022 0:00,BSF22070566,Ice
7/15/2022 0:00,BSF22070567,Ice
7/15/2022 0:00,BSF22070568,Ice
7/15/2022 0:00,BSF22070569,Ice
7/15/2022 0:00,BSF22070570,Ice
7/15/2022 0:00,BSF22070571,Ice
7/15/2022 0:00,CC65071021,Ice
7/15/2022 0:00,CC65071022,Ice
7/15/2022 0:00,CC65071023,Ice
7/15/2022 0:00,CC65071024,Ice
7/15/2022 0:00,CC65071025,Ice
7/15/2022 0:00,CC65071026,Ice
7/15/2022 0:00,CC65071027,Ice
7/15/2022 0:00,CC65071028,Ice
7/15/2022 0:00,CC65071029,Ice
7/15/2022 0:00,CC65071030,Ice
7/15/2022 0:00,CC65071031,Ice
7/15/2022 0:00,CC65071032,Ice
7/15/2022 0:00,CC65071033,Ice
7/15/2022 0:00,CC65071034,Ice
7/15/2022 0:00,CC65071035,Ice
7/15/2022 0:00,CC65071036,Ice
7/15/2022 0:00,CC65071037,Ice
7/15/2022 0:00,CC65071038,Ice
7/15/2022 0:00,CC65071039,Ice
7/15/2022 0:00,CC65071040,Ice
7/18/2022 0:00,BM22070991,Yo
7/18/2022 0:00,BM22070992,Yo
7/18/2022 0:00,BM22070993,Yo
7/18/2022 0:00,BM22070994,Yo
7/18/2022 0:00,BM22070995,Yo
7/18/2022 0:00,BM22070996,Yo
7/18/2022 0:00,BM22070997,Yo
7/18/2022 0:00,BM22070998,Yo
7/18/2022 0:00,BM22070999,Yo
7/18/2022 0:00,BM22071000,Yo
8/1/2022 0:00,BSV22080011,Don
8/1/2022 0:00,BSV22080012,Don
8/1/2022 0:00,BSV22080013,Don
8/1/2022 0:00,BSV22080014,Don
8/1/2022 0:00,BSV22080015,Don
8/4/2022 0:00,BP22081195,Yo
8/4/2022 0:00,BP22081196,Yo
8/4/2022 0:00,BP22081197,Yo
8/4/2022 0:00,BP22081198,Yo
8/4/2022 0:00,BP22081199,Yo
8/4/2022 0:00,BP22081200,Yo
8/4/2022 0:00,BP22081201,Yo
8/4/2022 0:00,BP22081202,Yo
8/4/2022 0:00,BP22081203,Yo
8/4/2022 0:00,BP22081204,Yo
8/15/2022 0:00,A22080108,Ice
8/15/2022 0:00,A22080109,Ice
8/15/2022 0:00,A22080110,Ice
8/15/2022 0:00,A22080111,Ice
8/15/2022 0:00,A22080112,Ice
8/15/2022 0:00,A22080113,Ice
8/15/2022 0:00,A22080114,Ice
8/15/2022 0:00,A22080115,Ice
8/15/2022 0:00,A22080116,Ice
8/15/2022 0:00,A22080117,Ice
8/15/2022 0:00,AL22060011,Ice
8/15/2022 0:00,AL22080003,Ice
8/15/2022 0:00,AL22080004,Ice
8/15/2022 0:00,AL22080012,Ice
8/15/2022 0:00,AL22080013,Ice
8/15/2022 0:00,AL22080014,Ice
8/15/2022 0:00,AL22080015,Ice
8/15/2022 0:00,AL22080016,Ice
8/15/2022 0:00,AL22080017,Ice
8/15/2022 0:00,AL22080018,Ice
8/15/2022 0:00,AL22080019,Ice
8/15/2022 0:00,AL22080020,Ice
8/15/2022 0:00,AL22080021,Ice
8/15/2022 0:00,AL22080022,Ice
8/15/2022 0:00,AL22080023,Ice
8/15/2022 0:00,AL22080024,Ice
8/15/2022 0:00,BK22080057,Ice
8/15/2022 0:00,BK22080058,Ice
8/15/2022 0:00,BK22080059,Ice
8/15/2022 0:00,BK22080060,Ice
8/15/2022 0:00,BK22080061,Ice
8/15/2022 0:00,BK22080062,Ice
8/15/2022 0:00,BK22080063,Ice
8/15/2022 0:00,BK22080064,Ice
8/15/2022 0:00,BK22080065,Ice
8/15/2022 0:00,BK22080066,Ice
8/15/2022 0:00,BSF22080572,Ice
8/15/2022 0:00,BSF22080573,Ice
8/15/2022 0:00,BSF22080574,Ice
8/15/2022 0:00,BSF22080575,Ice
8/15/2022 0:00,BSF22080576,Ice
8/15/2022 0:00,BSF22080577,Ice
8/15/2022 0:00,BSF22080578,Ice
8/15/2022 0:00,BSF22080579,Ice
8/15/2022 0:00,BSF22080580,Ice
8/15/2022 0:00,BSF22080581,Ice
8/15/2022 0:00,BSF22080582,Ice
8/15/2022 0:00,BSF22080583,Ice
8/15/2022 0:00,BSF22080584,Ice
8/15/2022 0:00,BSF22080585,Ice
8/15/2022 0:00,BSF22080586,Ice
8/15/2022 0:00,BSF22080587,Ice
8/15/2022 0:00,BSF22080588,Ice
8/15/2022 0:00,BSF22080589,Ice
8/15/2022 0:00,BSF22080590,Ice
8/15/2022 0:00,BSF22080591,Ice
8/15/2022 0:00,BSF22080592,Ice
8/15/2022 0:00,BSF22080593,Ice
8/15/2022 0:00,BSF22080594,Ice
8/15/2022 0:00,BSF22080595,Ice
8/15/2022 0:00,BSF22080596,Ice
8/15/2022 0:00,BSF22080597,Ice
8/15/2022 0:00,BSF22080598,Ice
8/15/2022 0:00,BSF22080599,Ice
8/15/2022 0:00,BSF22080600,Ice
8/15/2022 0:00,BSF22080601,Ice
8/15/2022 0:00,BSF22080602,Ice
8/15/2022 0:00,BSF22080603,Ice
8/15/2022 0:00,BSF22080604,Ice
8/15/2022 0:00,BSF22080605,Ice
8/15/2022 0:00,BSF22080606,Ice
8/15/2022 0:00,BSF22080607,Ice
8/15/2022 0:00,BSF22080608,Ice
8/15/2022 0:00,BSF22080609,Ice
8/15/2022 0:00,BSF22080610,Ice
8/15/2022 0:00,BSF22080611,Ice
8/15/2022 0:00,CI22081082,Ice
8/15/2022 0:00,CI22081083,Ice
8/15/2022 0:00,CI22081084,Ice
8/15/2022 0:00,CI22081085,Ice
8/15/2022 0:00,CI22081086,Ice
8/15/2022 0:00,CI22081087,Ice
8/15/2022 0:00,CI22081088,Ice
8/15/2022 0:00,CI22081089,Ice
8/15/2022 0:00,CI22081090,Ice
8/15/2022 0:00,CI22081091,Ice
8/15/2022 0:00,MC22080906,Ice
8/15/2022 0:00,MC22080907,Ice
8/15/2022 0:00,MC22080908,Ice
8/15/2022 0:00,MC22080909,Ice
8/15/2022 0:00,MC22080910,Ice
8/15/2022 0:00,MC22080911,Ice
8/15/2022 0:00,MC22080912,Ice
8/15/2022 0:00,MC22080913,Ice
8/15/2022 0:00,MC22080914,Ice
8/15/2022 0:00,MC22080915,Ice
8/15/2022 0:00,MC22080916,Ice
8/15/2022 0:00,MC22080917,Ice
8/15/2022 0:00,MC22080918,Ice
8/15/2022 0:00,MC22080919,Ice
8/15/2022 0:00,MC22080920,Ice
8/15/2022 0:00,MC22080921,Ice
8/15/2022 0:00,MC22080922,Ice
8/15/2022 0:00,MC22080923,Ice
8/15/2022 0:00,MC22080924,Ice
8/15/2022 0:00,MC22080925,Ice
8/15/2022 0:00,MC22080926,Ice
8/15/2022 0:00,MC22080927,Ice
8/15/2022 0:00,MC22080928,Ice
8/15/2022 0:00,MC22080929,Ice
8/15/2022 0:00,MC22080930,Ice
8/15/2022 0:00,MC22080931,Ice
8/15/2022 0:00,MC22080932,Ice
8/15/2022 0:00,MC22080933,Ice
8/15/2022 0:00,MC22080934,Ice
8/15/2022 0:00,MC22080935,Ice
8/20/2022 0:00,BP22081205,Yo
8/20/2022 0:00,BP22081206,Yo
8/20/2022 0:00,BP22081207,Yo
8/20/2022 0:00,BP22081208,Yo
8/20/2022 0:00,BP22081209,Yo
8/20/2022 0:00,BP22081210,Yo
8/20/2022 0:00,BP22081211,Yo
8/20/2022 0:00,BP22081212,Yo
8/20/2022 0:00,BP22081213,Yo
8/20/2022 0:00,BP22081214,Yo
8/20/2022 0:00,BSV22080016,Don
8/20/2022 0:00,BSV22080017,Don
8/20/2022 0:00,BSV22080018,Don
8/20/2022 0:00,BSV22080019,Don
8/20/2022 0:00,BSV22080020,Don
8/20/2022 0:00,BSV22080021,Don
8/20/2022 0:00,BSV22080022,Don
8/20/2022 0:00,BSV22080023,Don
8/20/2022 0:00,BSV22080024,Don
8/20/2022 0:00,BSV22080025,Don
9/7/2022 0:00,BM22091001,Yo
9/7/2022 0:00,BM22091002,Yo
9/7/2022 0:00,BM22091003,Yo
9/7/2022 0:00,BM22091004,Yo
9/7/2022 0:00,BM22091005,Yo
9/7/2022 0:00,BM22091006,Yo
9/7/2022 0:00,BM22091007,Yo
9/7/2022 0:00,BM22091008,Yo
9/7/2022 0:00,BM22091009,Yo
9/7/2022 0:00,BM22091010,Yo
9/15/2022 0:00,AL22090025,Ice
9/15/2022 0:00,AL22090026,Ice
9/15/2022 0:00,AL22090027,Ice
9/15/2022 0:00,AL22090028,Ice
9/15/2022 0:00,AL22090029,Ice
9/15/2022 0:00,AL22090030,Ice
9/15/2022 0:00,AL22090031,Ice
9/15/2022 0:00,AL22090032,Ice
9/15/2022 0:00,AL22090033,Ice
9/15/2022 0:00,AL22090034,Ice
9/15/2022 0:00,BSG22090184,Ice
9/15/2022 0:00,BSG22090185,Ice
9/15/2022 0:00,BSG22090186,Ice
9/15/2022 0:00,BSG22090187,Ice
9/15/2022 0:00,BSG22090188,Ice
9/15/2022 0:00,BSG22090189,Ice
9/15/2022 0:00,BSG22090190,Ice
9/15/2022 0:00,BSG22090191,Ice
9/15/2022 0:00,BSG22090192,Ice
9/15/2022 0:00,BSG22090194,Ice
9/15/2022 0:00,BSG22090195,Ice
9/15/2022 0:00,BSG22090196,Ice
9/15/2022 0:00,BSG22090197,Ice
9/15/2022 0:00,BSG22090198,Ice
9/15/2022 0:00,BSG22090199,Ice
9/15/2022 0:00,BSG22090200,Ice
9/15/2022 0:00,BSG22090201,Ice
9/15/2022 0:00,BSG22090202,Ice
9/15/2022 0:00,BSG22090203,Ice
9/15/2022 0:00,CC65091041,Ice
9/15/2022 0:00,CC65091042,Ice
9/15/2022 0:00,CC65091043,Ice
9/15/2022 0:00,CC65091044,Ice
9/15/2022 0:00,CC65091045,Ice
9/15/2022 0:00,CC65091046,Ice
9/15/2022 0:00,CC65091047,Ice
9/15/2022 0:00,CC65091048,Ice
9/15/2022 0:00,CC65091049,Ice
9/15/2022 0:00,CC65091050,Ice
9/15/2022 0:00,CC65091051,Ice
9/15/2022 0:00,CC65091052,Ice
9/15/2022 0:00,CC65091053,Ice
9/15/2022 0:00,CC65091054,Ice
9/15/2022 0:00,CC65091055,Ice
9/15/2022 0:00,CC65091056,Ice
9/15/2022 0:00,CC65091057,Ice
9/15/2022 0:00,CC65091058,Ice
9/15/2022 0:00,CC65091059,Ice
9/15/2022 0:00,CC65091060,Ice
9/15/2022 0:00,MC22090936,Ice
9/15/2022 0:00,MC22090937,Ice
9/15/2022 0:00,MC22090938,Ice
9/15/2022 0:00,MC22090939,Ice
9/15/2022 0:00,MC22090940,Ice
9/15/2022 0:00,MC22090941,Ice
9/15/2022 0:00,MC22090942,Ice
9/15/2022 0:00,MC22090943,Ice
9/21/2022 0:00,BP22091215,Yo
9/21/2022 0:00,BP22091216,Yo
9/21/2022 0:00,BP22091217,Yo
9/21/2022 0:00,BP22091218,Yo
9/21/2022 0:00,BP22091219,Yo
9/21/2022 0:00,BP22091220,Yo
9/21/2022 0:00,BP22091221,Yo
9/21/2022 0:00,BP22091222,Yo
9/21/2022 0:00,BP22091223,Yo
9/21/2022 0:00,BP22091224,Yo
9/22/2022 0:00,BS22090011,Ice
9/22/2022 0:00,BS22090012,Ice
9/22/2022 0:00,BS22090013,Ice
9/22/2022 0:00,BS22090014,Ice
9/22/2022 0:00,BS22090015,Ice
9/22/2022 0:00,BS22090016,Ice
9/22/2022 0:00,BS22090017,Ice
9/22/2022 0:00,BS22090018,Ice
9/22/2022 0:00,BS22090019,Ice
9/22/2022 0:00,BS22090020,Ice
9/22/2022 0:00,BS22090021,Ice
9/22/2022 0:00,BS22090022,Ice
9/22/2022 0:00,BS22090023,Ice
9/22/2022 0:00,BS22090024,Ice
9/22/2022 0:00,BS22090025,Ice
10/1/2022 0:00,BM22101011,Yo
10/1/2022 0:00,BM22101012,Yo
10/1/2022 0:00,BM22101013,Yo
10/1/2022 0:00,BM22101014,Yo
10/1/2022 0:00,BM22101015,Yo
10/1/2022 0:00,BM22101016,Yo
10/1/2022 0:00,BM22101017,Yo
10/1/2022 0:00,BM22101018,Yo
10/1/2022 0:00,BM22101019,Yo
10/1/2022 0:00,BM22101020,Yo
10/10/2022 0:00,2.04E+14,Ken
10/10/2022 0:00,2.04E+14,Ken
10/10/2022 0:00,2.04E+14,Ken
10/10/2022 0:00,CC65101061,Ice
10/10/2022 0:00,CC65101062,Ice
10/10/2022 0:00,CC65101063,Ice
10/10/2022 0:00,CC65101064,Ice
10/10/2022 0:00,CC65101065,Ice
10/10/2022 0:00,CC65101066,Ice
10/10/2022 0:00,CC65101067,Ice
10/10/2022 0:00,CC65101068,Ice
10/10/2022 0:00,CC65101069,Ice
10/10/2022 0:00,CC65101070,Ice
10/14/2022 0:00,CI22101092,Ice
10/14/2022 0:00,CI22101093,Ice
10/14/2022 0:00,CI22101094,Ice
10/14/2022 0:00,CI22101095,Ice
10/14/2022 0:00,CI22101096,Ice
10/14/2022 0:00,CI22101097,Ice
10/14/2022 0:00,CI22101098,Ice
10/14/2022 0:00,CI22101099,Ice
10/14/2022 0:00,CI22101100,Ice
10/14/2022 0:00,CI22101101,Ice
10/14/2022 0:00,MC22100944,Ice
10/14/2022 0:00,MC22100945,Ice
10/14/2022 0:00,MC22100946,Ice
10/14/2022 0:00,MC22100947,Ice
10/14/2022 0:00,MC22100948,Ice
10/14/2022 0:00,MC22100949,Ice
10/14/2022 0:00,MC22100950,Ice
10/14/2022 0:00,MC22100951,Ice
10/14/2022 0:00,MC22100952,Ice
10/14/2022 0:00,MC22100953,Ice
10/14/2022 0:00,MC22100954,Ice
10/14/2022 0:00,MC22100955,Ice
10/14/2022 0:00,MC22100956,Ice
10/14/2022 0:00,MC22100957,Ice
10/14/2022 0:00,MC22100958,Ice
10/14/2022 0:00,MC22100959,Ice
10/14/2022 0:00,MC22100960,Ice
10/14/2022 0:00,MC22100961,Ice
10/14/2022 0:00,SW22100185,Ice
10/14/2022 0:00,SW22100186,Ice
10/14/2022 0:00,SW22100187,Ice
10/14/2022 0:00,SW22100188,Ice
10/14/2022 0:00,SW22100189,Ice
10/14/2022 0:00,SW22100190,Ice
10/14/2022 0:00,SW22100191,Ice
10/14/2022 0:00,SW22100192,Ice
10/14/2022 0:00,SW22100193,Ice
10/14/2022 0:00,SW22100194,Ice
10/14/2022 0:00,SW22100195,Ice
10/14/2022 0:00,SW22100196,Ice
10/14/2022 0:00,SW22100197,Ice
10/14/2022 0:00,SW22100198,Ice
10/17/2022 0:00,A22100118,Ice
10/17/2022 0:00,A22100119,Ice
10/17/2022 0:00,A22100120,Ice
10/17/2022 0:00,A22100121,Ice
10/17/2022 0:00,A22100122,Ice
10/17/2022 0:00,A22100123,Ice
10/17/2022 0:00,A22100124,Ice
10/17/2022 0:00,A22100125,Ice
10/17/2022 0:00,A22100126,Ice
10/17/2022 0:00,A22100127,Ice
10/17/2022 0:00,A22100128,Ice
10/17/2022 0:00,A22100129,Ice
10/17/2022 0:00,A22100130,Ice
10/17/2022 0:00,AL22100035,Ice
10/17/2022 0:00,AL22100036,Ice
10/17/2022 0:00,AL22100037,Ice
10/17/2022 0:00,AL22100038,Ice
10/17/2022 0:00,AL22100039,Ice
10/17/2022 0:00,AL22100040,Ice
10/17/2022 0:00,AL22100041,Ice
10/17/2022 0:00,AL22100042,Ice
10/17/2022 0:00,AL22100043,Ice
10/17/2022 0:00,AL22100044,Ice
10/17/2022 0:00,AL22100045,Ice
10/17/2022 0:00,AL22100046,Ice
10/17/2022 0:00,AL22100047,Ice
10/17/2022 0:00,AL22100048,Ice
10/17/2022 0:00,AL22100049,Ice
10/17/2022 0:00,AL22100050,Ice
10/17/2022 0:00,AL22100051,Ice
10/17/2022 0:00,AL22100052,Ice
10/17/2022 0:00,AL22100053,Ice
10/17/2022 0:00,AL22100054,Ice
10/17/2022 0:00,BK22100067,Ice
10/17/2022 0:00,BK22100068,Ice
10/17/2022 0:00,BK22100069,Ice
10/17/2022 0:00,BK22100070,Ice
10/17/2022 0:00,BK22100071,Ice
10/17/2022 0:00,BK22100072,Ice
10/17/2022 0:00,BK22100073,Ice
10/17/2022 0:00,BK22100074,Ice
10/17/2022 0:00,BK22100075,Ice
10/17/2022 0:00,BK22100076,Ice
10/17/2022 0:00,BSF22100612,Ice
10/17/2022 0:00,BSF22100613,Ice
10/17/2022 0:00,BSF22100614,Ice
10/17/2022 0:00,BSF22100615,Ice
10/17/2022 0:00,BSF22100616,Ice
10/17/2022 0:00,BSF22100617,Ice
10/17/2022 0:00,BSF22100618,Ice
10/17/2022 0:00,BSF22100619,Ice
10/17/2022 0:00,BSF22100620,Ice
10/17/2022 0:00,BSF22100621,Ice
10/17/2022 0:00,BSF22100622,Ice
10/17/2022 0:00,BSF22100623,Ice
10/17/2022 0:00,BSF22100624,Ice
10/17/2022 0:00,BSF22100625,Ice
10/17/2022 0:00,BSF22100626,Ice
10/17/2022 0:00,BSF22100627,Ice
10/17/2022 0:00,BSF22100628,Ice
10/17/2022 0:00,BSF22100629,Ice
10/17/2022 0:00,BSF22100630,Ice
10/17/2022 0:00,BSF22100631,Ice
10/17/2022 0:00,BSF22100632,Ice
10/17/2022 0:00,BSF22100633,Ice
10/17/2022 0:00,BSF22100634,Ice
10/17/2022 0:00,BSF22100635,Ice
10/17/2022 0:00,BSF22100636,Ice
10/17/2022 0:00,BSF22100637,Ice
10/17/2022 0:00,BSF22100638,Ice
10/17/2022 0:00,BSF22100639,Ice
10/17/2022 0:00,BSF22100640,Ice
10/17/2022 0:00,BSF22100641,Ice
10/18/2022 0:00,BM22101021,Yo
10/18/2022 0:00,BM22101022,Yo
10/18/2022 0:00,BM22101023,Yo
10/18/2022 0:00,BM22101024,Yo
10/18/2022 0:00,BM22101025,Yo
10/18/2022 0:00,BM22101026,Yo
10/18/2022 0:00,BM22101027,Yo
10/18/2022 0:00,BM22101028,Yo
10/18/2022 0:00,BM22101029,Yo
10/18/2022 0:00,BM22101030,Yo
10/19/2022 0:00,2.04E+14,Ken
10/19/2022 0:00,2.04E+14,Ken
10/27/2022 0:00,2.04E+14,Ken
10/27/2022 0:00,2.04E+14,Ken
10/27/2022 0:00,2.04E+14,Ken
10/27/2022 0:00,2.04E+14,Ken
10/27/2022 0:00,2.04E+14,Ken
10/27/2022 0:00,2.04E+14,Ken
10/27/2022 0:00,2.04E+14,Ken
10/27/2022 0:00,2.04E+14,Ken
11/2/2022 0:00,BS22110026,Ice
11/2/2022 0:00,BS22110027,Ice
11/2/2022 0:00,BS22110028,Ice
11/2/2022 0:00,BS22110029,Ice
11/2/2022 0:00,BS22110030,Ice
11/2/2022 0:00,BS22110031,Ice
11/2/2022 0:00,BS22110032,Ice
11/2/2022 0:00,BS22110033,Ice
11/2/2022 0:00,BS22110034,Ice
11/2/2022 0:00,BS22110035,Ice
11/3/2022 0:00,BP22111225,Yo
11/3/2022 0:00,BP22111226,Yo
11/3/2022 0:00,BP22111227,Yo
11/3/2022 0:00,BP22111228,Yo
11/3/2022 0:00,BP22111229,Yo
11/3/2022 0:00,BP22111230,Yo
11/3/2022 0:00,BP22111231,Yo
11/3/2022 0:00,BP22111232,Yo
11/3/2022 0:00,BP22111233,Yo
11/3/2022 0:00,BP22111234,Yo
11/3/2022 0:00,BP22111235,Yo
11/8/2022 0:00,2.04E+14,Ken
11/8/2022 0:00,2.04E+14,Ken
11/8/2022 0:00,2.04E+14,Ken
11/8/2022 0:00,2.04E+14,Ken
11/8/2022 0:00,2.04E+14,Ken
11/8/2022 0:00,2.04E+14,Ken
11/8/2022 0:00,2.04E+14,Ken
11/10/2022 0:00,2.04E+14,Ken
11/11/2022 0:00,CC65111071,Ice
11/11/2022 0:00,CC65111072,Ice
11/11/2022 0:00,CC65111073,Ice
11/11/2022 0:00,CC65111074,Ice
11/11/2022 0:00,CC65111075,Ice
11/11/2022 0:00,CC65111076,Ice
11/11/2022 0:00,CC65111077,Ice
11/11/2022 0:00,CC65111078,Ice
11/11/2022 0:00,CC65111079,Ice
11/11/2022 0:00,CC65111080,Ice
11/15/2022 0:00,AL22110055,Ice
11/15/2022 0:00,AL22110056,Ice
11/15/2022 0:00,AL22110057,Ice
11/15/2022 0:00,AL22110058,Ice
11/15/2022 0:00,AL22110059,Ice
11/15/2022 0:00,AL22110060,Ice
11/15/2022 0:00,AL22110061,Ice
11/15/2022 0:00,AL22110062,Ice
11/15/2022 0:00,AL22110063,Ice
11/15/2022 0:00,AL22110064,Ice
11/15/2022 0:00,BSF22110642,Ice
11/15/2022 0:00,BSF22110643,Ice
11/15/2022 0:00,BSF22110644,Ice
11/15/2022 0:00,BSF22110645,Ice
11/15/2022 0:00,BSF22110646,Ice
11/15/2022 0:00,BSF22110647,Ice
11/15/2022 0:00,BSF22110648,Ice
11/15/2022 0:00,BSF22110649,Ice
11/15/2022 0:00,BSF22110650,Ice
11/15/2022 0:00,BSF22110651,Ice
11/15/2022 0:00,BSF22110652,Ice
11/15/2022 0:00,BSF22110653,Ice
11/15/2022 0:00,BSF22110654,Ice
11/15/2022 0:00,BSF22110655,Ice
11/15/2022 0:00,BSF22110656,Ice
11/15/2022 0:00,BSF22110657,Ice
11/15/2022 0:00,BSF22110658,Ice
11/15/2022 0:00,BSF22110659,Ice
11/15/2022 0:00,BSF22110660,Ice
11/15/2022 0:00,BSF22110661,Ice
11/15/2022 0:00,BSG22110204,Ice
11/15/2022 0:00,BSG22110205,Ice
11/15/2022 0:00,BSG22110206,Ice
11/15/2022 0:00,BSG22110207,Ice
11/15/2022 0:00,BSG22110208,Ice
11/15/2022 0:00,BSG22110209,Ice
11/15/2022 0:00,BSG22110210,Ice
11/15/2022 0:00,BSG22110211,Ice
11/15/2022 0:00,BSG22110212,Ice
11/15/2022 0:00,BSG22110213,Ice
11/15/2022 0:00,CI22111102,Ice
11/15/2022 0:00,CI22111103,Ice
11/15/2022 0:00,CI22111104,Ice
11/15/2022 0:00,CI22111105,Ice
11/15/2022 0:00,CI22111106,Ice
11/15/2022 0:00,CI22111107,Ice
11/15/2022 0:00,CI22111108,Ice
11/15/2022 0:00,CI22111109,Ice
11/15/2022 0:00,CI22111110,Ice
11/15/2022 0:00,CI22111111,Ice
11/15/2022 0:00,MC22110962,Ice
11/15/2022 0:00,MC22110963,Ice
11/15/2022 0:00,MC22110964,Ice
11/15/2022 0:00,MC22110965,Ice
11/15/2022 0:00,MC22110966,Ice
11/15/2022 0:00,MC22110967,Ice
11/15/2022 0:00,MC22110968,Ice
11/15/2022 0:00,MC22110969,Ice
11/15/2022 0:00,MC22110970,Ice
11/15/2022 0:00,MC22110971,Ice
11/15/2022 0:00,MC22110972,Ice
11/15/2022 0:00,MC22110973,Ice
11/15/2022 0:00,MC22110974,Ice
11/15/2022 0:00,MC22110975,Ice
11/15/2022 0:00,MC22110976,Ice
11/15/2022 0:00,MC22110977,Ice
11/15/2022 0:00,MC22110978,Ice
11/15/2022 0:00,MC22110979,Ice
11/15/2022 0:00,MC22110980,Ice
11/15/2022 0:00,MC22110981,Ice
11/15/2022 0:00,MC22110982,Ice
11/15/2022 0:00,MC22110983,Ice
11/15/2022 0:00,SW22110199,Ice
11/15/2022 0:00,SW22110200,Ice
11/15/2022 0:00,SW22110201,Ice
11/15/2022 0:00,SW22110202,Ice
11/15/2022 0:00,SW22110203,Ice
11/15/2022 0:00,SW22110204,Ice
11/15/2022 0:00,SW22110205,Ice
11/16/2022 0:00,BP22111236,Yo
11/16/2022 0:00,BP22111237,Yo
11/16/2022 0:00,BP22111238,Yo
11/16/2022 0:00,BP22111239,Yo
11/16/2022 0:00,BP22111240,Yo
11/16/2022 0:00,BP22111241,Yo
11/16/2022 0:00,BP22111242,Yo
11/16/2022 0:00,BP22111243,Yo
11/16/2022 0:00,BP22111244,Yo
11/18/2022 0:00,BM22111031,Yo
11/18/2022 0:00,BM22111032,Yo
11/18/2022 0:00,BM22111033,Yo
11/18/2022 0:00,BM22111034,Yo
11/18/2022 0:00,BM22111035,Yo
11/18/2022 0:00,BM22111036,Yo
11/18/2022 0:00,BM22111037,Yo
11/18/2022 0:00,BM22111038,Yo
11/18/2022 0:00,BM22111039,Yo
11/18/2022 0:00,BM22111040,Yo
11/18/2022 0:00,BSV22080026,Don
11/18/2022 0:00,BSV22080027,Don
11/18/2022 0:00,BSV22080028,Don
11/18/2022 0:00,BSV22080029,Don
11/18/2022 0:00,BSV22080030,Don
11/18/2022 0:00,BSV22080031,Don
11/18/2022 0:00,BSV22080032,Don
11/18/2022 0:00,BSV22080033,Don
11/18/2022 0:00,BSV22080034,Don
11/18/2022 0:00,BSV22080035,Don
11/22/2022 0:00,2.04E+14,Ken
11/22/2022 0:00,2.04E+14,Ken
11/22/2022 0:00,2.04E+14,Ken
11/22/2022 0:00,2.04E+14,Ken
11/22/2022 0:00,2.04E+14,Ken
11/22/2022 0:00,2.04E+14,Ken
11/22/2022 0:00,2.04E+14,Ken
11/22/2022 0:00,2.04E+14,Ken
11/22/2022 0:00,2.04E+14,Ken
11/22/2022 0:00,2.04E+14,Ken
11/22/2022 0:00,2.04E+14,Ken
11/22/2022 0:00,2.04E+14,Ken
11/22/2022 0:00,2.04E+14,Ken
11/22/2022 0:00,2.04E+14,Ken
11/22/2022 0:00,2.04E+14,Ken
11/22/2022 0:00,2.04E+14,Ken
11/22/2022 0:00,2.04E+14,Ken
11/22/2022 0:00,2.04E+14,Ken
11/22/2022 0:00,2.04E+14,Ken
11/22/2022 0:00,2.04E+14,Ken
11/22/2022 0:00,QC22110021,Ice
11/22/2022 0:00,QC22110022,Ice
11/22/2022 0:00,QC22110023,Ice
11/22/2022 0:00,QC22110024,Ice
11/22/2022 0:00,QC22110025,Ice
11/22/2022 0:00,QC22110026,Ice
11/22/2022 0:00,RM22110021,Ice
11/30/2022 0:00,BP22111245,Yo
11/30/2022 0:00,BP22111246,Yo
11/30/2022 0:00,BP22111247,Yo
11/30/2022 0:00,BP22111248,Yo
11/30/2022 0:00,BP22111249,Yo
11/30/2022 0:00,BP22111250,Yo
11/30/2022 0:00,BP22111251,Yo
11/30/2022 0:00,BP22111252,Yo
11/30/2022 0:00,BP22111253,Yo
11/30/2022 0:00,BP22111254,Yo
12/9/2022 0:00,BS22120036,Ice
12/9/2022 0:00,BS22120037,Ice
12/9/2022 0:00,BS22120038,Ice
12/9/2022 0:00,BS22120039,Ice
12/9/2022 0:00,BS22120040,Ice
12/9/2022 0:00,BS22120041,Ice
12/9/2022 0:00,BS22120042,Ice
12/9/2022 0:00,BS22120043,Ice
12/9/2022 0:00,BS22120044,Ice
12/9/2022 0:00,BS22120045,Ice
12/12/2022 0:00,BSF22120662,Ice
12/12/2022 0:00,BSF22120663,Ice
12/12/2022 0:00,BSF22120664,Ice
12/12/2022 0:00,BSF22120665,Ice
12/12/2022 0:00,BSF22120666,Ice
12/12/2022 0:00,BSF22120667,Ice
12/12/2022 0:00,BSF22120668,Ice
12/12/2022 0:00,BSF22120669,Ice
12/12/2022 0:00,BSF22120670,Ice
12/12/2022 0:00,BSF22120671,Ice
12/14/2022 0:00,BM22121041,Yo
12/14/2022 0:00,BM22121042,Yo
12/14/2022 0:00,BM22121043,Yo
12/14/2022 0:00,BM22121044,Yo
12/14/2022 0:00,BM22121045,Yo
12/14/2022 0:00,BM22121046,Yo
12/14/2022 0:00,BM22121047,Yo
12/14/2022 0:00,BM22121048,Yo
12/14/2022 0:00,BM22121049,Yo
12/14/2022 0:00,BM22121050,Yo
12/15/2022 0:00,AL22120065,Ice
12/15/2022 0:00,AL22120066,Ice
12/15/2022 0:00,AL22120067,Ice
12/15/2022 0:00,AL22120068,Ice
12/15/2022 0:00,AL22120069,Ice
12/15/2022 0:00,AL22120070,Ice
12/15/2022 0:00,AL22120071,Ice
12/15/2022 0:00,AL22120072,Ice
12/15/2022 0:00,AL22120073,Ice
12/15/2022 0:00,AL22120074,Ice
12/15/2022 0:00,AL22120075,Ice
12/15/2022 0:00,AL22120076,Ice
12/15/2022 0:00,AL22120077,Ice
12/15/2022 0:00,AL22120078,Ice
12/15/2022 0:00,AL22120079,Ice
12/15/2022 0:00,AL22120080,Ice
12/15/2022 0:00,AL22120081,Ice
12/15/2022 0:00,AL22120082,Ice
12/15/2022 0:00,AL22120083,Ice
12/15/2022 0:00,AL22120084,Ice
12/15/2022 0:00,AL22120085,Ice
12/15/2022 0:00,AL22120086,Ice
12/15/2022 0:00,AL22120087,Ice
12/15/2022 0:00,AL22120088,Ice
12/15/2022 0:00,AL22120089,Ice
12/15/2022 0:00,AL22120090,Ice
12/15/2022 0:00,AL22120091,Ice
12/15/2022 0:00,AL22120092,Ice
12/15/2022 0:00,AL22120093,Ice
12/15/2022 0:00,AL22120094,Ice
12/15/2022 0:00,BSG22120214,Ice
12/15/2022 0:00,BSG22120215,Ice
12/15/2022 0:00,BSG22120216,Ice
12/15/2022 0:00,BSG22120217,Ice
12/15/2022 0:00,BSG22120218,Ice
12/15/2022 0:00,BSG22120219,Ice
12/15/2022 0:00,BSG22120220,Ice
12/15/2022 0:00,BSG22120221,Ice
12/15/2022 0:00,BSG22120222,Ice
12/15/2022 0:00,BSG22120223,Ice
12/15/2022 0:00,CC65121081,Ice
12/15/2022 0:00,CC65121082,Ice
12/15/2022 0:00,CC65121083,Ice
12/15/2022 0:00,CC65121084,Ice
12/15/2022 0:00,CC65121085,Ice
12/15/2022 0:00,CC65121086,Ice
12/15/2022 0:00,CC65121087,Ice
12/15/2022 0:00,CC65121088,Ice
12/15/2022 0:00,CC65121089,Ice
12/15/2022 0:00,CC65121090,Ice
12/15/2022 0:00,MC22120984,Ice
12/15/2022 0:00,MC22120985,Ice
12/15/2022 0:00,MC22120986,Ice
12/15/2022 0:00,MC22120987,Ice
12/15/2022 0:00,MC22120988,Ice
12/15/2022 0:00,MC22120989,Ice
12/15/2022 0:00,MC22120990,Ice
12/15/2022 0:00,MC22120991,Ice
12/15/2022 0:00,MC22120992,Ice
12/15/2022 0:00,MC22120993,Ice
12/15/2022 0:00,MC22120994,Ice
12/15/2022 0:00,MC22120995,Ice
12/15/2022 0:00,MC22120996,Ice
12/15/2022 0:00,MC22120997,Ice
12/15/2022 0:00,MC22120998,Ice
12/15/2022 0:00,MC22120999,Ice
12/15/2022 0:00,MC22121000,Ice
12/15/2022 0:00,MC22121001,Ice
12/15/2022 0:00,MC22121002,Ice
12/15/2022 0:00,MC22121003,Ice
12/15/2022 0:00,MC22121004,Ice
12/15/2022 0:00,MC22121005,Ice
12/15/2022 0:00,MC22121006,Ice
12/15/2022 0:00,MC22121007,Ice
12/15/2022 0:00,MC22121008,Ice
12/15/2022 0:00,MC22121009,Ice
12/15/2022 0:00,MC22121010,Ice
12/15/2022 0:00,MC22121011,Ice
12/15/2022 0:00,MC22121012,Ice
12/15/2022 0:00,MC22121013,Ice
12/23/2022 0:00,BP22121255,Yo
12/23/2022 0:00,BP22121256,Yo
12/23/2022 0:00,BP22121257,Yo
12/23/2022 0:00,BP22121258,Yo
12/23/2022 0:00,BP22121259,Yo
12/23/2022 0:00,BP22121260,Yo
12/23/2022 0:00,BP22121261,Yo
12/23/2022 0:00,BP22121262,Yo
12/23/2022 0:00,BP22121263,Yo
12/23/2022 0:00,BP22121264,Yo
12/27/2022 0:00,BS22120046,Ice
12/27/2022 0:00,BS22120047,Ice
12/27/2022 0:00,BS22120048,Ice
12/27/2022 0:00,BS22120049,Ice
12/27/2022 0:00,BS22120050,Ice
12/27/2022 0:00,BS22120051,Ice
12/27/2022 0:00,BS22120052,Ice
12/27/2022 0:00,BS22120053,Ice
12/27/2022 0:00,BS22120054,Ice
12/27/2022 0:00,BS22120055,Ice
1/1/2023 0:00,2.04E+14,Ken
1/1/2023 0:00,2.04E+14,Ken
1/1/2023 0:00,2.04E+14,Ken
1/1/2023 0:00,2.04E+14,Ken
1/1/2023 0:00,2.04E+14,Ken
1/1/2023 0:00,2.04E+14,Ken
1/1/2023 0:00,2.04E+14,Ken
1/1/2023 0:00,2.04E+14,Ken
1/4/2023 0:00,2.04E+14,Ken
1/4/2023 0:00,2.04E+14,Ken
1/4/2023 0:00,2.04E+14,Ken
1/4/2023 0:00,2.04E+14,Ken
1/4/2023 0:00,2.04E+14,Ken
1/4/2023 0:00,2.04E+14,Ken
1/4/2023 0:00,2.04E+14,Ken
1/4/2023 0:00,2.04E+14,Ken
1/4/2023 0:00,2.04E+14,Ken
1/4/2023 0:00,2.04E+14,Ken
1/7/2023 0:00,BP23011265,Yo
1/7/2023 0:00,BP23011266,Yo
1/7/2023 0:00,BP23011267,Yo
1/7/2023 0:00,BP23011268,Yo
1/7/2023 0:00,BP23011269,Yo
1/7/2023 0:00,BP23011270,Yo
1/7/2023 0:00,BP23011271,Yo
1/7/2023 0:00,BP23011272,Yo
1/7/2023 0:00,BP23011273,Yo
1/7/2023 0:00,BP23011274,Yo
1/7/2023 0:00,BP23011275,Yo
1/10/2023 0:00,BS23010056,Ice
1/10/2023 0:00,BS23010057,Ice
1/10/2023 0:00,BS23010058,Ice
1/10/2023 0:00,BS23010059,Ice
1/10/2023 0:00,BS23010060,Ice
1/10/2023 0:00,BS23010061,Ice
1/10/2023 0:00,BS23010062,Ice
1/10/2023 0:00,BS23010063,Ice
1/10/2023 0:00,BS23010064,Ice
1/10/2023 0:00,BS23010065,Ice
1/11/2023 0:00,SC423010259,Ice
1/11/2023 0:00,SC423010260,Ice
1/11/2023 0:00,SC423010261,Ice
1/11/2023 0:00,SC423010262,Ice
1/11/2023 0:00,SC423010263,Ice
1/11/2023 0:00,SC423010264,Ice
1/11/2023 0:00,SC423010265,Ice
1/11/2023 0:00,SC423010266,Ice
1/11/2023 0:00,SC423010267,Ice
1/11/2023 0:00,SC423010268,Ice
1/11/2023 0:00,SC423010269,Ice
1/11/2023 0:00,SC423010270,Ice
1/11/2023 0:00,SC423010271,Ice
1/11/2023 0:00,SC423010272,Ice
1/11/2023 0:00,SC423010273,Ice
1/11/2023 0:00,SC423010274,Ice
1/11/2023 0:00,SC423010275,Ice
1/11/2023 0:00,SC423010276,Ice
1/11/2023 0:00,SC423010277,Ice
1/11/2023 0:00,SC423010278,Ice
1/11/2023 0:00,SC423030021,Ice
1/11/2023 0:00,SC423030022,Ice
1/11/2023 0:00,SC423030023,Ice
1/11/2023 0:00,SC423030024,Ice
1/11/2023 0:00,SC423030025,Ice
1/11/2023 0:00,SC423030026,Ice
1/11/2023 0:00,SC423030027,Ice
1/11/2023 0:00,SC423030028,Ice
1/11/2023 0:00,SC423030029,Ice
1/11/2023 0:00,SC423030030,Ice
1/11/2023 0:00,SC423030031,Ice
1/11/2023 0:00,SC423030032,Ice
1/11/2023 0:00,SC423030033,Ice
1/11/2023 0:00,SC423030034,Ice
1/11/2023 0:00,SC423030035,Ice
1/11/2023 0:00,SC423030036,Ice
1/11/2023 0:00,SC423030037,Ice
1/11/2023 0:00,SC423030038,Ice
1/11/2023 0:00,SC423030039,Ice
1/11/2023 0:00,SC423030040,Ice
1/11/2023 0:00,SC423030041,Ice
1/11/2023 0:00,SC423030042,Ice
1/11/2023 0:00,SC423030043,Ice
1/11/2023 0:00,SC423030044,Ice
1/11/2023 0:00,SC423030045,Ice
1/11/2023 0:00,SC423030046,Ice
1/11/2023 0:00,SC423030047,Ice
1/11/2023 0:00,SC423030048,Ice
1/11/2023 0:00,SC423030049,Ice
1/11/2023 0:00,SC423030050,Ice
1/11/2023 0:00,SC423030051,Ice
1/11/2023 0:00,SC423030052,Ice
1/11/2023 0:00,SC423030053,Ice
1/11/2023 0:00,SC423030054,Ice
1/11/2023 0:00,SC423030055,Ice
1/11/2023 0:00,SC423030056,Ice
1/11/2023 0:00,SC423030057,Ice
1/11/2023 0:00,SC423030058,Ice
1/11/2023 0:00,SC423030059,Ice
1/11/2023 0:00,SC423030060,Ice
1/11/2023 0:00,SC423040061,Ice
1/11/2023 0:00,SC423040062,Ice
1/11/2023 0:00,SC423040063,Ice
1/11/2023 0:00,SC423040064,Ice
1/11/2023 0:00,SC423040065,Ice
1/11/2023 0:00,SC423040066,Ice
1/11/2023 0:00,SC423040067,Ice
1/11/2023 0:00,SC423040068,Ice
1/11/2023 0:00,SC423040069,Ice
1/11/2023 0:00,SC423040070,Ice
1/11/2023 0:00,SC423040071,Ice
1/11/2023 0:00,SC423040072,Ice
1/11/2023 0:00,SC423040073,Ice
1/11/2023 0:00,SC423040074,Ice
1/11/2023 0:00,SC423040075,Ice
1/11/2023 0:00,SC423040076,Ice
1/11/2023 0:00,SC423040077,Ice
1/11/2023 0:00,SC423040078,Ice
1/11/2023 0:00,SC423040079,Ice
1/11/2023 0:00,SC423040080,Ice
1/11/2023 0:00,SC423040081,Ice
1/11/2023 0:00,SC423040082,Ice
1/11/2023 0:00,SC423040083,Ice
1/11/2023 0:00,SC423040084,Ice
1/11/2023 0:00,SC423040085,Ice
1/11/2023 0:00,SC423040086,Ice
1/11/2023 0:00,SC423040087,Ice
1/11/2023 0:00,SC423040088,Ice
1/11/2023 0:00,SC423040089,Ice
1/11/2023 0:00,SC423040090,Ice
1/11/2023 0:00,SC423040091,Ice
1/11/2023 0:00,SC423040092,Ice
1/11/2023 0:00,SC423040093,Ice
1/11/2023 0:00,SC423040094,Ice
1/11/2023 0:00,SC423040095,Ice
1/11/2023 0:00,SC423040096,Ice
1/11/2023 0:00,SC423040097,Ice
1/11/2023 0:00,SC423040098,Ice
1/11/2023 0:00,SC423040099,Ice
1/11/2023 0:00,SC423040100,Ice
1/11/2023 0:00,SC423040101,Ice
1/11/2023 0:00,SC423040102,Ice
1/11/2023 0:00,SC423040103,Ice
1/11/2023 0:00,SC423040104,Ice
1/11/2023 0:00,SC423040105,Ice
1/11/2023 0:00,SC423040106,Ice
1/11/2023 0:00,SC423040107,Ice
1/11/2023 0:00,SC423040108,Ice
1/11/2023 0:00,SC423040109,Ice
1/11/2023 0:00,SC423040110,Ice
1/11/2023 0:00,SC423040111,Ice
1/11/2023 0:00,SC423040112,Ice
1/11/2023 0:00,SC423040113,Ice
1/11/2023 0:00,SC423040114,Ice
1/11/2023 0:00,SC423040115,Ice
1/11/2023 0:00,SC423040116,Ice
1/11/2023 0:00,SC423040117,Ice
1/11/2023 0:00,SC423040118,Ice
1/11/2023 0:00,SC423040119,Ice
1/11/2023 0:00,SC423040120,Ice
1/11/2023 0:00,SC423050121,Ice
1/11/2023 0:00,SC423050122,Ice
1/11/2023 0:00,SC423050123,Ice
1/11/2023 0:00,SC423050124,Ice
1/11/2023 0:00,SC423050125,Ice
1/11/2023 0:00,SC423050126,Ice
1/11/2023 0:00,SC423050127,Ice
1/11/2023 0:00,SC423050128,Ice
1/11/2023 0:00,SC423050129,Ice
1/11/2023 0:00,SC423050130,Ice
1/11/2023 0:00,SC423050131,Ice
1/11/2023 0:00,SC423050132,Ice
1/11/2023 0:00,SC423050133,Ice
1/11/2023 0:00,SC423050134,Ice
1/11/2023 0:00,SC423050135,Ice
1/11/2023 0:00,SC423050136,Ice
1/11/2023 0:00,SC423050137,Ice
1/11/2023 0:00,SC423050138,Ice
1/11/2023 0:00,SC423050139,Ice
1/11/2023 0:00,SC423050140,Ice
1/11/2023 0:00,SC423050141,Ice
1/11/2023 0:00,SC423050142,Ice
1/11/2023 0:00,SC423050143,Ice
1/11/2023 0:00,SC423050144,Ice
1/11/2023 0:00,SC423050145,Ice
1/11/2023 0:00,SC423050146,Ice
1/11/2023 0:00,SC423050147,Ice
1/11/2023 0:00,SC423050148,Ice
1/11/2023 0:00,SC423050149,Ice
1/11/2023 0:00,SC423050150,Ice
1/11/2023 0:00,SC423050151,Ice
1/11/2023 0:00,SC423050152,Ice
1/11/2023 0:00,SC423050153,Ice
1/11/2023 0:00,SC423050154,Ice
1/11/2023 0:00,SC423050155,Ice
1/11/2023 0:00,SC423050156,Ice
1/11/2023 0:00,SC423050157,Ice
1/11/2023 0:00,SC423050158,Ice
1/11/2023 0:00,SC423050159,Ice
1/11/2023 0:00,SC423050160,Ice
1/11/2023 0:00,SC423060161,Ice
1/11/2023 0:00,SC423060162,Ice
1/11/2023 0:00,SC423060163,Ice
1/11/2023 0:00,SC423060164,Ice
1/11/2023 0:00,SC423060165,Ice
1/11/2023 0:00,SC423060166,Ice
1/11/2023 0:00,SC423060167,Ice
1/11/2023 0:00,SC423060168,Ice
1/11/2023 0:00,SC423060169,Ice
1/11/2023 0:00,SC423060170,Ice
1/11/2023 0:00,SC423060171,Ice
1/11/2023 0:00,SC423060172,Ice
1/11/2023 0:00,SC423060173,Ice
1/11/2023 0:00,SC423060174,Ice
1/11/2023 0:00,SC423060175,Ice
1/11/2023 0:00,SC423060176,Ice
1/11/2023 0:00,SC423060177,Ice
1/12/2023 0:00,BM23011051,Yo
1/12/2023 0:00,BM23011052,Yo
1/12/2023 0:00,BM23011053,Yo
1/12/2023 0:00,BM23011054,Yo
1/12/2023 0:00,BM23011055,Yo
1/12/2023 0:00,BM23011056,Yo
1/12/2023 0:00,BM23011057,Yo
1/12/2023 0:00,BM23011058,Yo
1/12/2023 0:00,BM23011059,Yo
1/12/2023 0:00,BM23011060,Yo
1/13/2023 0:00,BS23010066,Ice
1/13/2023 0:00,BS23010067,Ice
1/13/2023 0:00,BS23010068,Ice
1/13/2023 0:00,BS23010069,Ice
1/13/2023 0:00,BS23010070,Ice
1/13/2023 0:00,BS23010071,Ice
1/13/2023 0:00,BS23010072,Ice
1/13/2023 0:00,BS23010073,Ice
1/13/2023 0:00,BS23010074,Ice
1/13/2023 0:00,BS23010075,Ice
1/16/2023 0:00,AL23010095,Ice
1/16/2023 0:00,AL23010096,Ice
1/16/2023 0:00,AL23010097,Ice
1/16/2023 0:00,AL23010098,Ice
1/16/2023 0:00,AL23010099,Ice
1/16/2023 0:00,AL23010100,Ice
1/16/2023 0:00,AL23010101,Ice
1/16/2023 0:00,AL23010102,Ice
1/16/2023 0:00,AL23010103,Ice
1/16/2023 0:00,AL23010104,Ice
1/16/2023 0:00,AL23010105,Ice
1/16/2023 0:00,AL23010106,Ice
1/16/2023 0:00,AL23010107,Ice
1/16/2023 0:00,AL23010108,Ice
1/16/2023 0:00,AL23010109,Ice
1/16/2023 0:00,AL23010110,Ice
1/16/2023 0:00,AL23010111,Ice
1/16/2023 0:00,AL23010112,Ice
1/16/2023 0:00,AL23010113,Ice
1/16/2023 0:00,AL23010114,Ice
1/16/2023 0:00,AL23010115,Ice
1/16/2023 0:00,AL23010116,Ice
1/16/2023 0:00,AL23010117,Ice
1/16/2023 0:00,AL23010118,Ice
1/16/2023 0:00,AL23010119,Ice
1/16/2023 0:00,AL23010120,Ice
1/16/2023 0:00,AL23010121,Ice
1/16/2023 0:00,AL23010122,Ice
1/16/2023 0:00,AL23010123,Ice
1/16/2023 0:00,AL23010124,Ice
1/16/2023 0:00,AL23010125,Ice
1/16/2023 0:00,AL23010126,Ice
1/16/2023 0:00,AL23010127,Ice
1/16/2023 0:00,AL23010128,Ice
1/16/2023 0:00,AL23010129,Ice
1/16/2023 0:00,AL23010130,Ice
1/16/2023 0:00,AL23010131,Ice
1/16/2023 0:00,AL23010132,Ice
1/16/2023 0:00,AL23010133,Ice
1/16/2023 0:00,AL23010134,Ice
1/16/2023 0:00,BSF23010672,Ice
1/16/2023 0:00,BSF23010673,Ice
1/16/2023 0:00,BSF23010674,Ice
1/16/2023 0:00,BSF23010675,Ice
1/16/2023 0:00,BSF23010676,Ice
1/16/2023 0:00,BSF23010677,Ice
1/16/2023 0:00,BSF23010678,Ice
1/16/2023 0:00,BSF23010679,Ice
1/16/2023 0:00,BSF23010680,Ice
1/16/2023 0:00,BSF23010681,Ice
1/16/2023 0:00,CC66011091,Ice
1/16/2023 0:00,CC66011092,Ice
1/16/2023 0:00,CC66011093,Ice
1/16/2023 0:00,CC66011094,Ice
1/16/2023 0:00,CC66011095,Ice
1/16/2023 0:00,CC66011096,Ice
1/16/2023 0:00,CC66011097,Ice
1/16/2023 0:00,CC66011098,Ice
1/16/2023 0:00,CC66011099,Ice
1/16/2023 0:00,CC66011100,Ice
1/16/2023 0:00,CI23011112,Ice
1/16/2023 0:00,CI23011113,Ice
1/16/2023 0:00,CI23011114,Ice
1/16/2023 0:00,CI23011115,Ice
1/16/2023 0:00,CI23011116,Ice
1/16/2023 0:00,CI23011117,Ice
1/16/2023 0:00,CI23011118,Ice
1/16/2023 0:00,CI23011119,Ice
1/16/2023 0:00,CI23011120,Ice
1/16/2023 0:00,CI23011121,Ice
1/16/2023 0:00,MC23011014,Ice
1/16/2023 0:00,MC23011015,Ice
1/16/2023 0:00,MC23011016,Ice
1/16/2023 0:00,MC23011017,Ice
1/16/2023 0:00,MC23011018,Ice
1/16/2023 0:00,MC23011019,Ice
1/16/2023 0:00,MC23011020,Ice
1/16/2023 0:00,MC23011021,Ice
1/16/2023 0:00,MC23011022,Ice
1/16/2023 0:00,MC23011023,Ice
1/16/2023 0:00,SW23010206,Ice
1/16/2023 0:00,SW23010207,Ice
1/16/2023 0:00,SW23010208,Ice
1/16/2023 0:00,SW23010209,Ice
1/16/2023 0:00,SW23010210,Ice
1/16/2023 0:00,SW23010211,Ice
1/16/2023 0:00,SW23010212,Ice
1/16/2023 0:00,SW23010213,Ice
1/16/2023 0:00,SW23010214,Ice
1/16/2023 0:00,SW23010215,Ice
1/19/2023 0:00,BP23011276,Yo
1/19/2023 0:00,BP23011277,Yo
1/19/2023 0:00,BP23011278,Yo
1/19/2023 0:00,BP23011279,Yo
1/19/2023 0:00,BP23011280,Yo
1/19/2023 0:00,BP23011281,Yo
1/19/2023 0:00,BP23011282,Yo
1/19/2023 0:00,BP23011283,Yo
1/19/2023 0:00,BP23011284,Yo
1/19/2023 0:00,BS23010076,Ice
1/19/2023 0:00,BS23010077,Ice
1/19/2023 0:00,BS23010078,Ice
1/19/2023 0:00,BS23010079,Ice
1/19/2023 0:00,BS23010080,Ice
1/19/2023 0:00,BS23010081,Ice
1/19/2023 0:00,BS23010082,Ice
1/19/2023 0:00,BS23010083,Ice
1/19/2023 0:00,BS23010084,Ice
1/19/2023 0:00,BS23010085,Ice
1/27/2023 0:00,BM23011061,Tom
1/27/2023 0:00,BM23011062,Tom
1/27/2023 0:00,BM23011063,Tom
1/27/2023 0:00,BM23011064,Tom
1/27/2023 0:00,BM23011065,Tom
1/27/2023 0:00,BM23011066,Tom
1/27/2023 0:00,BM23011067,Tom
1/27/2023 0:00,BM23011068,Tom
1/27/2023 0:00,BM23011069,Tom
1/27/2023 0:00,BM23011070,Tom
1/30/2023 0:00,2.04E+14,Ken
1/30/2023 0:00,2.04E+14,Ken
1/30/2023 0:00,2.04E+14,Ken
1/30/2023 0:00,2.04E+14,Ken
1/30/2023 0:00,2.04E+14,Ken
1/30/2023 0:00,2.04E+14,Ken
1/30/2023 0:00,2.04E+14,Ken
1/30/2023 0:00,2.04E+14,Ken
1/30/2023 0:00,2.04E+14,Ken
1/30/2023 0:00,2.04E+14,Ken
1/30/2023 0:00,2.04E+14,Ken
1/30/2023 0:00,2.04E+14,Ken
1/30/2023 0:00,2.04E+14,Ken
1/30/2023 0:00,2.04E+14,Ken
1/30/2023 0:00,2.04E+14,Ken
1/30/2023 0:00,2.04E+14,Ken
1/30/2023 0:00,2.04E+14,Ken
1/30/2023 0:00,2.04E+14,Ken
1/30/2023 0:00,2.04E+14,Ken
1/30/2023 0:00,2.04E+14,Ken
2/2/2023 0:00,BS23020086,Ice
2/2/2023 0:00,BS23020087,Ice
2/2/2023 0:00,BS23020088,Ice
2/2/2023 0:00,BS23020089,Ice
2/2/2023 0:00,BS23020090,Ice
2/2/2023 0:00,BS23020091,Ice
2/2/2023 0:00,BS23020092,Ice
2/2/2023 0:00,BS23020093,Ice
2/2/2023 0:00,BS23020094,Ice
2/2/2023 0:00,BS23020095,Ice
2/6/2023 0:00,BS23020096,Ice
2/6/2023 0:00,BS23020097,Ice
2/6/2023 0:00,BS23020098,Ice
2/6/2023 0:00,BS23020099,Ice
2/6/2023 0:00,BS23020100,Ice
2/6/2023 0:00,BS23020101,Ice
2/6/2023 0:00,BS23020102,Ice
2/6/2023 0:00,BS23020103,Ice
2/6/2023 0:00,BS23020104,Ice
2/6/2023 0:00,BS23020105,Ice
2/10/2023 0:00,BP23021285,Tom
2/10/2023 0:00,BP23021286,Tom
2/10/2023 0:00,BP23021287,Tom
2/10/2023 0:00,BP23021288,Tom
2/10/2023 0:00,BP23021289,Tom
2/10/2023 0:00,BP23021290,Tom
2/10/2023 0:00,BP23021291,Tom
2/10/2023 0:00,BP23021292,Tom
2/10/2023 0:00,BP23021293,Tom
2/10/2023 0:00,BP23021294,Tom
2/15/2023 0:00,BSF23020682,Ice
2/15/2023 0:00,BSF23020683,Ice
2/15/2023 0:00,BSF23020684,Ice
2/15/2023 0:00,BSF23020685,Ice
2/15/2023 0:00,BSF23020686,Ice
2/15/2023 0:00,BSF23020687,Ice
2/15/2023 0:00,BSF23020688,Ice
2/15/2023 0:00,BSF23020689,Ice
2/15/2023 0:00,BSF23020690,Ice
2/15/2023 0:00,BSF23020691,Ice
2/15/2023 0:00,CC66021101,Ice
2/15/2023 0:00,CC66021102,Ice
2/15/2023 0:00,CC66021103,Ice
2/15/2023 0:00,CC66021104,Ice
2/15/2023 0:00,CC66021105,Ice
2/15/2023 0:00,CC66021106,Ice
2/15/2023 0:00,CC66021107,Ice
2/15/2023 0:00,CC66021108,Ice
2/15/2023 0:00,CC66021109,Ice
2/15/2023 0:00,CC66021110,Ice
2/15/2023 0:00,CI23021122,Ice
2/15/2023 0:00,CI23021123,Ice
2/15/2023 0:00,CI23021124,Ice
2/15/2023 0:00,CI23021125,Ice
2/15/2023 0:00,CI23021126,Ice
2/15/2023 0:00,CI23021127,Ice
2/15/2023 0:00,CI23021128,Ice
2/15/2023 0:00,CI23021129,Ice
2/15/2023 0:00,CI23021130,Ice
2/15/2023 0:00,CI23021131,Ice
2/15/2023 0:00,MC23021024,Ice
2/15/2023 0:00,MC23021025,Ice
2/15/2023 0:00,MC23021026,Ice
2/15/2023 0:00,MC23021027,Ice
2/15/2023 0:00,MC23021028,Ice
2/15/2023 0:00,MC23021029,Ice
2/15/2023 0:00,MC23021030,Ice
2/15/2023 0:00,MC23021031,Ice
2/15/2023 0:00,MC23021032,Ice
2/15/2023 0:00,MC23021033,Ice
2/15/2023 0:00,MC23021034,Ice
2/15/2023 0:00,MC23021035,Ice
2/15/2023 0:00,MC23021036,Ice
2/15/2023 0:00,MC23021037,Ice
2/15/2023 0:00,MC23021038,Ice
2/15/2023 0:00,MC23021039,Ice
2/15/2023 0:00,MC23021040,Ice
2/15/2023 0:00,MC23021041,Ice
2/15/2023 0:00,MC23021042,Ice
2/15/2023 0:00,MC23021043,Ice
2/18/2023 0:00,SC423060178,Ice
2/18/2023 0:00,SC423060179,Ice
2/18/2023 0:00,SC423060180,Ice
2/18/2023 0:00,SC423060181,Ice
2/18/2023 0:00,SC423060182,Ice
2/18/2023 0:00,SC423060183,Ice
2/18/2023 0:00,SC423060184,Ice
2/18/2023 0:00,SC423060185,Ice
2/18/2023 0:00,SC423060186,Ice
2/18/2023 0:00,SC423060187,Ice
2/18/2023 0:00,SC423060188,Ice
2/18/2023 0:00,SC423060189,Ice
2/18/2023 0:00,SC423060190,Ice
2/18/2023 0:00,SC423060191,Ice
2/18/2023 0:00,SC423060192,Ice
2/18/2023 0:00,SC423060193,Ice
2/18/2023 0:00,SC423060194,Ice
2/18/2023 0:00,SC423060195,Ice
2/18/2023 0:00,SC423060196,Ice
2/18/2023 0:00,SC423060197,Ice
2/21/2023 0:00,2.04E+14,Ken
2/21/2023 0:00,2.04E+14,Ken
2/21/2023 0:00,2.04E+14,Ken
2/21/2023 0:00,2.04E+14,Ken
2/21/2023 0:00,2.04E+14,Ken
2/21/2023 0:00,2.04E+14,Ken
2/21/2023 0:00,2.04E+14,Ken
2/21/2023 0:00,2.04E+14,Ken
2/21/2023 0:00,2.04E+14,Ken
2/21/2023 0:00,2.04E+14,Ken
2/22/2023 0:00,BS23020106,Ice
2/22/2023 0:00,BS23020107,Ice
2/22/2023 0:00,BS23020108,Ice
2/22/2023 0:00,BS23020109,Ice
2/22/2023 0:00,BS23020110,Ice
2/22/2023 0:00,BS23020111,Ice
2/22/2023 0:00,BS23020112,Ice
2/22/2023 0:00,BS23020113,Ice
2/22/2023 0:00,BS23020114,Ice
2/22/2023 0:00,BS23020115,Ice
2/23/2023 0:00,BP23021295,Tom
2/23/2023 0:00,BP23021296,Tom
2/23/2023 0:00,BP23021297,Tom
2/23/2023 0:00,BP23021298,Tom
2/23/2023 0:00,BP23021299,Tom
2/23/2023 0:00,BP23021300,Tom
2/23/2023 0:00,BP23021301,Tom
2/23/2023 0:00,BP23021302,Tom
2/23/2023 0:00,BP23021303,Tom
2/23/2023 0:00,BP23021304,Tom
2/27/2023 0:00,2.04E+14,Ken
2/27/2023 0:00,2.04E+14,Ken
2/27/2023 0:00,2.04E+14,Ken
2/27/2023 0:00,2.04E+14,Ken
2/27/2023 0:00,2.04E+14,Ken
2/27/2023 0:00,2.04E+14,Ken
2/27/2023 0:00,2.04E+14,Ken
2/27/2023 0:00,2.04E+14,Ken
2/27/2023 0:00,2.04E+14,Ken
2/27/2023 0:00,2.04E+14,Ken
3/1/2023 0:00,SC423060198,Ice
3/1/2023 0:00,SC423060199,Ice
3/1/2023 0:00,SC423060200,Ice
3/1/2023 0:00,SC423060201,Ice
3/1/2023 0:00,SC423060202,Ice
3/1/2023 0:00,SC423060203,Ice
3/1/2023 0:00,SC423060204,Ice
3/1/2023 0:00,SC423060205,Ice
3/1/2023 0:00,SC423060206,Ice
3/1/2023 0:00,SC423060207,Ice
3/1/2023 0:00,SC423060208,Ice
3/1/2023 0:00,SC423060209,Ice
3/1/2023 0:00,SC423060210,Ice
3/1/2023 0:00,SC423060211,Ice
3/1/2023 0:00,SC423060212,Ice
3/1/2023 0:00,SC423060213,Ice
3/1/2023 0:00,SC423060214,Ice
3/1/2023 0:00,SC423060215,Ice
3/1/2023 0:00,SC423060216,Ice
3/1/2023 0:00,SC423060217,Ice
3/10/2023 0:00,BM23031071,Tom
3/10/2023 0:00,BM23031072,Tom
3/10/2023 0:00,BM23031073,Tom
3/10/2023 0:00,BM23031074,Tom
3/10/2023 0:00,BM23031075,Tom
3/10/2023 0:00,BM23031076,Tom
3/10/2023 0:00,BM23031077,Tom
3/10/2023 0:00,BM23031078,Tom
3/10/2023 0:00,BM23031079,Tom
3/10/2023 0:00,BM23031080,Tom
3/11/2023 0:00,SC423060218,Ice
3/11/2023 0:00,SC423060219,Ice
3/11/2023 0:00,SC423060220,Ice
3/11/2023 0:00,SC423080221,Ice
3/11/2023 0:00,SC423080222,Ice
3/11/2023 0:00,SC423080223,Ice
3/11/2023 0:00,SC423080224,Ice
3/11/2023 0:00,SC423080225,Ice
3/11/2023 0:00,SC423080226,Ice
3/11/2023 0:00,SC423080227,Ice
3/11/2023 0:00,SC423080228,Ice
3/11/2023 0:00,SC423080229,Ice
3/11/2023 0:00,SC423080230,Ice
3/11/2023 0:00,SC423080231,Ice
3/11/2023 0:00,SC423080232,Ice
3/11/2023 0:00,SC423080233,Ice
3/11/2023 0:00,SC423080234,Ice
3/11/2023 0:00,SC423080235,Ice
3/11/2023 0:00,SC423080236,Ice
3/11/2023 0:00,SC423080237,Ice
3/15/2023 0:00,AL23030135,Ice
3/15/2023 0:00,AL23030136,Ice
3/15/2023 0:00,AL23030137,Ice
3/15/2023 0:00,AL23030138,Ice
3/15/2023 0:00,AL23030139,Ice
3/15/2023 0:00,AL23030140,Ice
3/15/2023 0:00,AL23030141,Ice
3/15/2023 0:00,AL23030142,Ice
3/15/2023 0:00,AL23030143,Ice
3/15/2023 0:00,AL23030144,Ice
3/15/2023 0:00,AL23030145,Ice
3/15/2023 0:00,AL23030146,Ice
3/15/2023 0:00,AL23030147,Ice
3/15/2023 0:00,AL23030148,Ice
3/15/2023 0:00,AL23030149,Ice
3/15/2023 0:00,AL23030150,Ice
3/15/2023 0:00,AL23030151,Ice
3/15/2023 0:00,AL23030152,Ice
3/15/2023 0:00,AL23030153,Ice
3/15/2023 0:00,AL23030154,Ice
3/15/2023 0:00,BSF23030692,Ice
3/15/2023 0:00,BSF23030693,Ice
3/15/2023 0:00,BSF23030694,Ice
3/15/2023 0:00,BSF23030695,Ice
3/15/2023 0:00,BSF23030696,Ice
3/15/2023 0:00,BSF23030697,Ice
3/15/2023 0:00,BSF23030698,Ice
3/15/2023 0:00,BSF23030699,Ice
3/15/2023 0:00,BSF23030700,Ice
3/15/2023 0:00,BSF23030701,Ice
3/15/2023 0:00,CC66031111,Ice
3/15/2023 0:00,CC66031112,Ice
3/15/2023 0:00,CC66031113,Ice
3/15/2023 0:00,CC66031114,Ice
3/15/2023 0:00,CC66031115,Ice
3/15/2023 0:00,CC66031116,Ice
3/15/2023 0:00,CC66031117,Ice
3/15/2023 0:00,CC66031118,Ice
3/15/2023 0:00,CC66031119,Ice
3/15/2023 0:00,CC66031120,Ice
3/15/2023 0:00,MC23031044,Ice
3/15/2023 0:00,MC23031045,Ice
3/15/2023 0:00,MC23031046,Ice
3/15/2023 0:00,MC23031047,Ice
3/15/2023 0:00,MC23031048,Ice
3/15/2023 0:00,MC23031049,Ice
3/15/2023 0:00,MC23031050,Ice
3/15/2023 0:00,MC23031051,Ice
3/15/2023 0:00,MC23031052,Ice
3/15/2023 0:00,MC23031053,Ice
3/15/2023 0:00,SW23030216,Ice
3/15/2023 0:00,SW23030217,Ice
3/15/2023 0:00,SW23030218,Ice
3/15/2023 0:00,SW23030219,Ice
3/15/2023 0:00,SW23030220,Ice
3/15/2023 0:00,SW23030221,Ice
3/15/2023 0:00,SW23030222,Ice
3/15/2023 0:00,SW23030223,Ice
3/15/2023 0:00,SW23030224,Ice
3/15/2023 0:00,SW23030225,Ice
3/15/2023 0:00,SW23030226,Ice
3/15/2023 0:00,SW23030227,Ice
3/15/2023 0:00,SW23030228,Ice
3/15/2023 0:00,SW23030229,Ice
3/15/2023 0:00,SW23030230,Ice
3/15/2023 0:00,SW23030231,Ice
3/15/2023 0:00,SW23030232,Ice
3/15/2023 0:00,SW23030233,Ice
3/15/2023 0:00,SW23030234,Ice
3/15/2023 0:00,SW23030235,Ice
3/21/2023 0:00,BS23030116,Ice
3/21/2023 0:00,BS23030117,Ice
3/21/2023 0:00,BS23030118,Ice
3/21/2023 0:00,BS23030119,Ice
3/21/2023 0:00,BS23030120,Ice
3/21/2023 0:00,BS23030121,Ice
3/21/2023 0:00,BS23030122,Ice
3/21/2023 0:00,BS23030123,Ice
3/21/2023 0:00,BS23030124,Ice
3/21/2023 0:00,BS23030125,Ice
3/24/2023 0:00,BP23031305,Tom
3/24/2023 0:00,BP23031306,Tom
3/24/2023 0:00,BP23031307,Tom
3/24/2023 0:00,BP23031308,Tom
3/24/2023 0:00,BP23031309,Tom
3/24/2023 0:00,BP23031310,Tom
3/24/2023 0:00,BP23031311,Tom
3/24/2023 0:00,BP23031312,Tom
3/24/2023 0:00,BP23031313,Tom
3/24/2023 0:00,BP23031314,Tom
3/30/2023 0:00,2.04E+14,Ken
3/31/2023 0:00,2.04E+14,Ken
3/31/2023 0:00,2.04E+14,Ken
3/31/2023 0:00,2.04E+14,Ken
3/31/2023 0:00,2.04E+14,Ken
3/31/2023 0:00,2.04E+14,Ken
4/3/2023 0:00,2.04E+14,Ken
4/3/2023 0:00,2.04E+14,Ken
4/3/2023 0:00,2.04E+14,Ken
4/3/2023 0:00,2.04E+14,Ken
4/3/2023 0:00,2.04E+14,Ken
4/11/2023 0:00,BP23041315,Tom
4/11/2023 0:00,BP23041316,Tom
4/11/2023 0:00,BP23041317,Tom
4/11/2023 0:00,BP23041318,Tom
4/11/2023 0:00,BP23041319,Tom
4/11/2023 0:00,BP23041320,Tom
4/11/2023 0:00,BP23041321,Tom
4/11/2023 0:00,BP23041322,Tom
4/11/2023 0:00,BP23041323,Tom
4/11/2023 0:00,BP23041324,Tom
4/14/2023 0:00,BM23041081,Tom
4/14/2023 0:00,BM23041082,Tom
4/14/2023 0:00,BM23041083,Tom
4/14/2023 0:00,BM23041084,Tom
4/14/2023 0:00,BM23041085,Tom
4/14/2023 0:00,BM23041086,Tom
4/14/2023 0:00,BM23041087,Tom
4/14/2023 0:00,BM23041088,Tom
4/14/2023 0:00,BM23041089,Tom
4/14/2023 0:00,BM23041090,Tom
4/14/2023 0:00,CC66041121,Ice
4/14/2023 0:00,CC66041122,Ice
4/14/2023 0:00,CC66041123,Ice
4/14/2023 0:00,CC66041124,Ice
4/14/2023 0:00,CC66041125,Ice
4/14/2023 0:00,CC66041126,Ice
4/14/2023 0:00,CC66041127,Ice
4/14/2023 0:00,CC66041128,Ice
4/14/2023 0:00,CC66041129,Ice
4/14/2023 0:00,CC66041130,Ice
4/14/2023 0:00,CI23041132,Ice
4/14/2023 0:00,CI23041133,Ice
4/14/2023 0:00,CI23041134,Ice
4/14/2023 0:00,CI23041135,Ice
4/14/2023 0:00,CI23041136,Ice
4/14/2023 0:00,CI23041137,Ice
4/14/2023 0:00,CI23041138,Ice
4/14/2023 0:00,CI23041139,Ice
4/14/2023 0:00,CI23041140,Ice
4/14/2023 0:00,CI23041141,Ice
4/14/2023 0:00,CI23041142,Ice
4/14/2023 0:00,CI23041143,Ice
4/14/2023 0:00,CI23041144,Ice
4/14/2023 0:00,CI23041145,Ice
4/14/2023 0:00,CI23041146,Ice
4/14/2023 0:00,CI23041147,Ice
4/14/2023 0:00,CI23041148,Ice
4/14/2023 0:00,CI23041149,Ice
4/14/2023 0:00,CI23041150,Ice
4/14/2023 0:00,CI23041151,Ice
4/14/2023 0:00,MC23041054,Ice
4/14/2023 0:00,MC23041055,Ice
4/14/2023 0:00,MC23041056,Ice
4/14/2023 0:00,MC23041057,Ice
4/14/2023 0:00,MC23041058,Ice
4/14/2023 0:00,MC23041059,Ice
4/14/2023 0:00,MC23041060,Ice
4/14/2023 0:00,MC23041061,Ice
4/14/2023 0:00,MC23041062,Ice
4/14/2023 0:00,MC23041063,Ice
4/17/2023 0:00,AL23040155,Ice
4/17/2023 0:00,AL23040156,Ice
4/17/2023 0:00,AL23040157,Ice
4/17/2023 0:00,AL23040158,Ice
4/17/2023 0:00,AL23040159,Ice
4/17/2023 0:00,AL23040160,Ice
4/17/2023 0:00,AL23040161,Ice
4/17/2023 0:00,AL23040162,Ice
4/17/2023 0:00,AL23040163,Ice
4/17/2023 0:00,AL23040164,Ice
4/17/2023 0:00,BSF23040702,Ice
4/17/2023 0:00,BSF23040703,Ice
4/17/2023 0:00,BSF23040704,Ice
4/17/2023 0:00,BSF23040705,Ice
4/17/2023 0:00,BSF23040706,Ice
4/17/2023 0:00,BSF23040707,Ice
4/17/2023 0:00,BSF23040708,Ice
4/17/2023 0:00,BSF23040709,Ice
4/17/2023 0:00,BSF23040710,Ice
4/17/2023 0:00,BSF23040711,Ice
4/17/2023 0:00,BSF23040712,Ice
4/17/2023 0:00,BSF23040713,Ice
4/17/2023 0:00,BSF23040714,Ice
4/17/2023 0:00,BSF23040715,Ice
4/17/2023 0:00,BSF23040716,Ice
4/17/2023 0:00,BSF23040717,Ice
4/17/2023 0:00,BSF23040718,Ice
4/17/2023 0:00,BSF23040719,Ice
4/17/2023 0:00,BSF23040720,Ice
4/17/2023 0:00,BSG23040224,Ice
4/17/2023 0:00,BSG23040225,Ice
4/17/2023 0:00,BSG23040226,Ice
4/17/2023 0:00,BSG23040227,Ice
4/17/2023 0:00,BSG23040228,Ice
4/17/2023 0:00,BSG23040229,Ice
4/17/2023 0:00,BSG23040230,Ice
4/17/2023 0:00,BSG23040231,Ice
4/17/2023 0:00,BSG23040232,Ice
4/17/2023 0:00,BSG23040233,Ice
4/17/2023 0:00,SC423080238,Ice
4/17/2023 0:00,SC423080239,Ice
4/17/2023 0:00,SC423080240,Ice
4/17/2023 0:00,SC423080241,Ice
4/17/2023 0:00,SC423080242,Ice
4/17/2023 0:00,SC423080243,Ice
4/17/2023 0:00,SC423080244,Ice
4/17/2023 0:00,SC423080245,Ice
4/17/2023 0:00,SC423080246,Ice
4/17/2023 0:00,SC423080247,Ice
4/17/2023 0:00,SC423080248,Ice
4/17/2023 0:00,SC423080249,Ice
4/20/2023 0:00,SC423080250,Ice
4/20/2023 0:00,SC423080251,Ice
4/20/2023 0:00,SC423080252,Ice
4/20/2023 0:00,SC423080253,Ice
4/20/2023 0:00,SC423080254,Ice
4/20/2023 0:00,SC423080255,Ice
4/20/2023 0:00,SC423080256,Ice
4/20/2023 0:00,SC423080257,Ice
4/20/2023 0:00,SC423080258,Ice
4/20/2023 0:00,SC423080259,Ice
4/20/2023 0:00,SC423080260,Ice
4/20/2023 0:00,SC423080261,Ice
4/20/2023 0:00,SC423080262,Ice
4/20/2023 0:00,SC423080263,Ice
4/20/2023 0:00,SC423080264,Ice
4/20/2023 0:00,SC423080265,Ice
4/20/2023 0:00,SC423080266,Ice
4/20/2023 0:00,SC423080267,Ice
4/20/2023 0:00,SC423080268,Ice
4/20/2023 0:00,SC423080269,Ice
4/20/2023 0:00,SC423080270,Ice
4/20/2023 0:00,SC423080271,Ice
4/20/2023 0:00,SC423080272,Ice
4/20/2023 0:00,SC423080273,Ice
4/20/2023 0:00,SC423080274,Ice
4/20/2023 0:00,SC423080275,Ice
4/20/2023 0:00,SC423080276,Ice
4/20/2023 0:00,SC423080277,Ice
4/20/2023 0:00,SC423080278,Ice
4/20/2023 0:00,SC423080279,Ice
4/20/2023 0:00,SC423080280,Ice
4/20/2023 0:00,SC423080281,Ice
4/20/2023 0:00,SC423080282,Ice
4/20/2023 0:00,SC423080283,Ice
4/20/2023 0:00,SC423080284,Ice
5/3/2023 0:00,BP23051325,Tom
5/3/2023 0:00,BP23051326,Tom
5/3/2023 0:00,BP23051327,Tom
5/3/2023 0:00,BP23051328,Tom
5/3/2023 0:00,BP23051329,Tom
5/3/2023 0:00,BP23051330,Tom
5/3/2023 0:00,BP23051331,Tom
5/3/2023 0:00,BP23051332,Tom
5/3/2023 0:00,BP23051333,Tom
5/3/2023 0:00,BP23051334,Tom
5/5/2023 0:00,2.04E+14,Ken
5/5/2023 0:00,2.04E+14,Ken
5/5/2023 0:00,2.04E+14,Ken
5/5/2023 0:00,2.04E+14,Ken
5/5/2023 0:00,2.04E+14,Ken
5/13/2023 0:00,BM23051091,Tom
5/13/2023 0:00,BM23051092,Tom
5/13/2023 0:00,BM23051093,Tom
5/13/2023 0:00,BM23051094,Tom
5/13/2023 0:00,BM23051095,Tom
5/13/2023 0:00,BM23051096,Tom
5/13/2023 0:00,BM23051097,Tom
5/13/2023 0:00,BM23051098,Tom
5/13/2023 0:00,BM23051099,Tom
5/13/2023 0:00,BM23051100,Tom
5/13/2023 0:00,SC423080285,Ice
5/13/2023 0:00,SC423080286,Ice
5/13/2023 0:00,SC423080287,Ice
5/13/2023 0:00,SC423080288,Ice
5/13/2023 0:00,SC423080289,Ice
5/15/2023 0:00,AL23050165,Ice
5/15/2023 0:00,AL23050166,Ice
5/15/2023 0:00,AL23050167,Ice
5/15/2023 0:00,AL23050168,Ice
5/15/2023 0:00,AL23050169,Ice
5/15/2023 0:00,AL23050170,Ice
5/15/2023 0:00,AL23050171,Ice
5/15/2023 0:00,AL23050172,Ice
5/15/2023 0:00,AL23050173,Ice
5/15/2023 0:00,AL23050174,Ice
5/15/2023 0:00,AL23050175,Ice
5/15/2023 0:00,AL23050176,Ice
5/15/2023 0:00,AL23050177,Ice
5/15/2023 0:00,AL23050178,Ice
5/15/2023 0:00,AL23050179,Ice
5/15/2023 0:00,AL23050180,Ice
5/15/2023 0:00,AL23050181,Ice
5/15/2023 0:00,AL23050182,Ice
5/15/2023 0:00,AL23050183,Ice
5/15/2023 0:00,AL23050184,Ice
5/15/2023 0:00,AL23050185,Ice
5/15/2023 0:00,AL23050186,Ice
5/15/2023 0:00,AL23050187,Ice
5/15/2023 0:00,AL23050188,Ice
5/15/2023 0:00,AL23050189,Ice
5/15/2023 0:00,AL23050190,Ice
5/15/2023 0:00,AL23050191,Ice
5/15/2023 0:00,AL23050192,Ice
5/15/2023 0:00,AL23050193,Ice
5/15/2023 0:00,AL23050194,Ice
5/15/2023 0:00,BSF23050721,Ice
5/15/2023 0:00,BSF23050722,Ice
5/15/2023 0:00,BSF23050723,Ice
5/15/2023 0:00,BSF23050724,Ice
5/15/2023 0:00,BSF23050725,Ice
5/15/2023 0:00,BSF23050726,Ice
5/15/2023 0:00,BSF23050727,Ice
5/15/2023 0:00,BSF23050728,Ice
5/15/2023 0:00,BSF23050729,Ice
5/15/2023 0:00,BSF23050730,Ice
5/15/2023 0:00,BSF23050731,Ice
5/15/2023 0:00,BSF23050732,Ice
5/15/2023 0:00,BSF23050733,Ice
5/15/2023 0:00,BSF23050734,Ice
5/15/2023 0:00,BSF23050735,Ice
5/15/2023 0:00,BSF23050736,Ice
5/15/2023 0:00,BSF23050737,Ice
5/15/2023 0:00,BSF23050738,Ice
5/15/2023 0:00,BSF23050739,Ice
5/15/2023 0:00,BSF23050740,Ice
5/15/2023 0:00,BSF23050741,Ice
5/15/2023 0:00,BSF23050742,Ice
5/15/2023 0:00,BSF23050743,Ice
5/15/2023 0:00,BSF23050744,Ice
5/15/2023 0:00,BSF23050745,Ice
5/15/2023 0:00,BSF23050746,Ice
5/15/2023 0:00,BSF23050747,Ice
5/15/2023 0:00,BSF23050748,Ice
5/15/2023 0:00,BSF23050749,Ice
5/15/2023 0:00,BSF23050750,Ice
5/15/2023 0:00,BSF23050751,Ice
5/15/2023 0:00,CC66051131,Ice
5/15/2023 0:00,CC66051132,Ice
5/15/2023 0:00,CC66051133,Ice
5/15/2023 0:00,CC66051134,Ice
5/15/2023 0:00,CC66051135,Ice
5/15/2023 0:00,CC66051136,Ice
5/15/2023 0:00,CC66051137,Ice
5/15/2023 0:00,CC66051138,Ice
5/15/2023 0:00,CC66051139,Ice
5/15/2023 0:00,CC66051140,Ice
5/15/2023 0:00,CC66051141,Ice
5/15/2023 0:00,CC66051142,Ice
5/15/2023 0:00,CC66051143,Ice
5/15/2023 0:00,CC66051144,Ice
5/15/2023 0:00,CC66051145,Ice
5/15/2023 0:00,CC66051146,Ice
5/15/2023 0:00,CC66051147,Ice
5/15/2023 0:00,CC66051148,Ice
5/15/2023 0:00,CC66051149,Ice
5/15/2023 0:00,CC66051150,Ice
5/15/2023 0:00,CI23051153,Ice
5/15/2023 0:00,MC23051064,Ice
5/15/2023 0:00,MC23051065,Ice
5/15/2023 0:00,MC23051066,Ice
5/15/2023 0:00,MC23051067,Ice
5/15/2023 0:00,MC23051068,Ice
5/15/2023 0:00,MC23051069,Ice
5/15/2023 0:00,MC23051070,Ice
5/15/2023 0:00,MC23051071,Ice
5/15/2023 0:00,MC23051072,Ice
5/15/2023 0:00,MC23051073,Ice
5/15/2023 0:00,MC23051074,Ice
5/15/2023 0:00,MC23051075,Ice
5/15/2023 0:00,SC423080290,Ice
5/15/2023 0:00,SC423080291,Ice
5/15/2023 0:00,SC423090292,Ice
5/15/2023 0:00,SC423090293,Ice
5/15/2023 0:00,SC423090294,Ice
5/15/2023 0:00,SC423090295,Ice
5/15/2023 0:00,SC423090296,Ice
5/15/2023 0:00,SC423090297,Ice
5/15/2023 0:00,SC423090298,Ice
5/15/2023 0:00,SC423090299,Ice
5/15/2023 0:00,SC423090300,Ice
5/15/2023 0:00,SC423090301,Ice
5/15/2023 0:00,SC423090302,Ice
5/15/2023 0:00,SC423090303,Ice
5/15/2023 0:00,SC423090304,Ice
5/24/2023 0:00,BP23051335,Tom
5/24/2023 0:00,BP23051336,Tom
5/24/2023 0:00,BP23051337,Tom
5/24/2023 0:00,BP23051338,Tom
5/24/2023 0:00,BP23051339,Tom
5/24/2023 0:00,BP23051340,Tom
5/24/2023 0:00,BP23051341,Tom
5/24/2023 0:00,BP23051342,Tom
5/24/2023 0:00,BP23051343,Tom
5/24/2023 0:00,BP23051344,Tom
5/26/2023 0:00,2.04E+14,Ken
5/26/2023 0:00,2.04E+14,Ken
5/26/2023 0:00,2.04E+14,Ken
5/26/2023 0:00,2.04E+14,Ken
5/26/2023 0:00,2.04E+14,Ken
5/26/2023 0:00,2.04E+14,Ken
5/26/2023 0:00,2.04E+14,Ken
5/26/2023 0:00,2.04E+14,Ken
5/26/2023 0:00,2.04E+14,Ken
5/26/2023 0:00,2.04E+14,Ken
5/26/2023 0:00,2.04E+14,Ken
5/26/2023 0:00,2.04E+14,Ken
5/26/2023 0:00,2.04E+14,Ken
5/26/2023 0:00,2.04E+14,Ken
5/26/2023 0:00,2.04E+14,Ken
5/31/2023 0:00,BM23051101,Tom
5/31/2023 0:00,BM23051102,Tom
5/31/2023 0:00,BM23051103,Tom
5/31/2023 0:00,BM23051104,Tom
5/31/2023 0:00,BM23051105,Tom
5/31/2023 0:00,BM23051106,Tom
5/31/2023 0:00,BM23051107,Tom
5/31/2023 0:00,BM23051108,Tom
5/31/2023 0:00,BM23051109,Tom
5/31/2023 0:00,BM23051110,Tom
5/31/2023 0:00,BS23050126,Ice
5/31/2023 0:00,BS23050127,Ice
5/31/2023 0:00,BS23050128,Ice
5/31/2023 0:00,BS23050129,Ice
5/31/2023 0:00,BS23050130,Ice
5/31/2023 0:00,BS23050131,Ice
5/31/2023 0:00,BS23050132,Ice
5/31/2023 0:00,BS23050133,Ice
5/31/2023 0:00,BS23050134,Ice
5/31/2023 0:00,BS23050135,Ice
5/31/2023 0:00,SC423090305,Ice
5/31/2023 0:00,SC423090306,Ice
5/31/2023 0:00,SC423090307,Ice
5/31/2023 0:00,SC423090308,Ice
5/31/2023 0:00,SC423090309,Ice
5/31/2023 0:00,SC423090310,Ice
5/31/2023 0:00,SC423090311,Ice
5/31/2023 0:00,SC423090312,Ice
5/31/2023 0:00,SC423100313,Ice
5/31/2023 0:00,SC423100314,Ice
6/2/2023 0:00,SC423100315,Ice
6/2/2023 0:00,SC423100316,Ice
6/2/2023 0:00,SC423100317,Ice
6/2/2023 0:00,SC423100318,Ice
6/2/2023 0:00,SC423100319,Ice
6/2/2023 0:00,SC423100320,Ice
6/2/2023 0:00,SC423100321,Ice
6/2/2023 0:00,SC423100322,Ice
6/2/2023 0:00,SC423100323,Ice
6/2/2023 0:00,SC423100324,Ice
6/6/2023 0:00,SC423100325,Ice
6/6/2023 0:00,SC423100326,Ice
6/8/2023 0:00,SC423100327,Ice
6/8/2023 0:00,SC423100328,Ice
6/8/2023 0:00,SC423100329,Ice
6/8/2023 0:00,SC423100330,Ice
6/8/2023 0:00,SC423100331,Ice
6/8/2023 0:00,SC423100332,Ice
6/8/2023 0:00,SC423100333,Ice
6/8/2023 0:00,SC423100334,Ice
6/9/2023 0:00,BP23061345,Tom
6/9/2023 0:00,BP23061346,Tom
6/9/2023 0:00,BP23061347,Tom
6/9/2023 0:00,BP23061348,Tom
6/9/2023 0:00,BP23061349,Tom
6/9/2023 0:00,BP23061350,Tom
6/9/2023 0:00,BP23061351,Tom
6/9/2023 0:00,BP23061352,Tom
6/9/2023 0:00,BP23061353,Tom
6/9/2023 0:00,BP23061354,Tom
6/10/2023 0:00,SC423100335,Ice
6/10/2023 0:00,SC423100336,Ice
6/10/2023 0:00,SC423100337,Ice
6/10/2023 0:00,SC423100338,Ice
6/10/2023 0:00,SC423100339,Ice
6/10/2023 0:00,SC423100340,Ice
6/10/2023 0:00,SC423100341,Ice
6/10/2023 0:00,SC423100342,Ice
6/10/2023 0:00,SC423100343,Ice
6/10/2023 0:00,SC423100344,Ice
6/15/2023 0:00,AL23060195,Ice
6/15/2023 0:00,AL23060196,Ice
6/15/2023 0:00,AL23060197,Ice
6/15/2023 0:00,AL23060198,Ice
6/15/2023 0:00,AL23060199,Ice
6/15/2023 0:00,AL23060200,Ice
6/15/2023 0:00,AL23060201,Ice
6/15/2023 0:00,AL23060202,Ice
6/15/2023 0:00,AL23060203,Ice
6/15/2023 0:00,AL23060204,Ice
6/15/2023 0:00,AL23060205,Ice
6/15/2023 0:00,AL23060206,Ice
6/15/2023 0:00,AL23060207,Ice
6/15/2023 0:00,AL23060208,Ice
6/15/2023 0:00,AL23060209,Ice
6/15/2023 0:00,AL23060210,Ice
6/15/2023 0:00,AL23060211,Ice
6/15/2023 0:00,AL23060212,Ice
6/15/2023 0:00,AL23060213,Ice
6/15/2023 0:00,AL23060214,Ice
6/15/2023 0:00,BP23061355,Tom
6/15/2023 0:00,BP23061356,Tom
6/15/2023 0:00,BP23061357,Tom
6/15/2023 0:00,BP23061358,Tom
6/15/2023 0:00,BP23061359,Tom
6/15/2023 0:00,BP23061360,Tom
6/15/2023 0:00,BP23061361,Tom
6/15/2023 0:00,BP23061362,Tom
6/15/2023 0:00,BP23061363,Tom
6/15/2023 0:00,BP23061364,Tom
6/15/2023 0:00,BSF23060752,Ice
6/15/2023 0:00,BSF23060753,Ice
6/15/2023 0:00,BSF23060754,Ice
6/15/2023 0:00,BSF23060755,Ice
6/15/2023 0:00,BSF23060756,Ice
6/15/2023 0:00,BSF23060757,Ice
6/15/2023 0:00,BSF23060758,Ice
6/15/2023 0:00,BSF23060759,Ice
6/15/2023 0:00,BSF23060760,Ice
6/15/2023 0:00,BSF23060761,Ice
6/15/2023 0:00,BSF23060762,Ice
6/15/2023 0:00,BSF23060763,Ice
6/15/2023 0:00,BSF23060764,Ice
6/15/2023 0:00,BSF23060765,Ice
6/15/2023 0:00,BSF23060766,Ice
6/15/2023 0:00,BSF23060767,Ice
6/15/2023 0:00,BSF23060768,Ice
6/15/2023 0:00,BSF23060769,Ice
6/15/2023 0:00,BSF23060770,Ice
6/15/2023 0:00,BSF23060771,Ice
6/15/2023 0:00,BSF23060772,Ice
6/15/2023 0:00,BSF23060773,Ice
6/15/2023 0:00,BSF23060774,Ice
6/15/2023 0:00,BSF23060775,Ice
6/15/2023 0:00,BSF23060776,Ice
6/15/2023 0:00,BSF23060777,Ice
6/15/2023 0:00,BSF23060778,Ice
6/15/2023 0:00,BSF23060779,Ice
6/15/2023 0:00,BSF23060780,Ice
6/15/2023 0:00,BSF23060781,Ice
6/15/2023 0:00,BSF23060782,Ice
6/15/2023 0:00,BSF23060783,Ice
6/15/2023 0:00,BSF23060784,Ice
6/15/2023 0:00,BSF23060785,Ice
6/15/2023 0:00,BSF23060786,Ice
6/15/2023 0:00,BSF23060787,Ice
6/15/2023 0:00,BSF23060788,Ice
6/15/2023 0:00,BSF23060789,Ice
6/15/2023 0:00,BSF23060790,Ice
6/15/2023 0:00,BSF23060791,Ice
6/15/2023 0:00,BSG23060234,Ice
6/15/2023 0:00,BSG23060235,Ice
6/15/2023 0:00,BSG23060236,Ice
6/15/2023 0:00,BSG23060237,Ice
6/15/2023 0:00,BSG23060238,Ice
6/15/2023 0:00,BSG23060239,Ice
6/15/2023 0:00,BSG23060240,Ice
6/15/2023 0:00,BSG23060241,Ice
6/15/2023 0:00,BSG23060242,Ice
6/15/2023 0:00,BSG23060243,Ice
6/15/2023 0:00,CC66061151,Ice
6/15/2023 0:00,CC66061152,Ice
6/15/2023 0:00,CC66061153,Ice
6/15/2023 0:00,CC66061154,Ice
6/15/2023 0:00,CC66061155,Ice
6/15/2023 0:00,CC66061156,Ice
6/15/2023 0:00,CC66061157,Ice
6/15/2023 0:00,CC66061158,Ice
6/15/2023 0:00,CC66061159,Ice
6/15/2023 0:00,CC66061160,Ice
6/15/2023 0:00,CI23061154,Ice
6/15/2023 0:00,CI23061155,Ice
6/15/2023 0:00,CI23061156,Ice
6/15/2023 0:00,CI23061157,Ice
6/15/2023 0:00,CI23061158,Ice
6/15/2023 0:00,CI23061159,Ice
6/15/2023 0:00,CI23061160,Ice
6/15/2023 0:00,CI23061161,Ice
6/15/2023 0:00,CI23061162,Ice
6/15/2023 0:00,CI23061163,Ice
6/15/2023 0:00,MC23061076,Ice
6/15/2023 0:00,MC23061077,Ice
6/15/2023 0:00,MC23061078,Ice
6/15/2023 0:00,MC23061079,Ice
6/15/2023 0:00,MC23061080,Ice
6/15/2023 0:00,MC23061081,Ice
6/15/2023 0:00,MC23061082,Ice
6/15/2023 0:00,MC23061083,Ice
6/15/2023 0:00,MC23061084,Ice
6/15/2023 0:00,MC23061085,Ice
6/15/2023 0:00,MC23061086,Ice
6/15/2023 0:00,MC23061087,Ice
6/15/2023 0:00,MC23061088,Ice
6/15/2023 0:00,MC23061089,Ice
6/15/2023 0:00,MC23061090,Ice
6/15/2023 0:00,MC23061091,Ice
6/15/2023 0:00,MC23061092,Ice
6/15/2023 0:00,MC23061093,Ice
6/15/2023 0:00,MC23061094,Ice
6/15/2023 0:00,MC23061095,Ice
6/15/2023 0:00,MC23061096,Ice
6/15/2023 0:00,MC23061097,Ice
6/15/2023 0:00,MC23061098,Ice
6/15/2023 0:00,MC23061099,Ice
6/15/2023 0:00,MC23061100,Ice
6/15/2023 0:00,MC23061101,Ice
6/15/2023 0:00,MC23061102,Ice
6/15/2023 0:00,MC23061103,Ice
6/15/2023 0:00,MC23061104,Ice
6/15/2023 0:00,MC23061105,Ice
6/15/2023 0:00,MC23061106,Ice
6/15/2023 0:00,MC23061107,Ice
6/15/2023 0:00,MC23061108,Ice
6/15/2023 0:00,MC23061109,Ice
6/15/2023 0:00,MC23061110,Ice
6/15/2023 0:00,MC23061111,Ice
6/15/2023 0:00,MC23061112,Ice
6/15/2023 0:00,MC23061113,Ice
6/15/2023 0:00,MC23061114,Ice
6/15/2023 0:00,MC23061115,Ice
6/15/2023 0:00,SW23060236,Ice
6/15/2023 0:00,SW23060237,Ice
6/15/2023 0:00,SW23060238,Ice
6/15/2023 0:00,SW23060239,Ice
6/15/2023 0:00,SW23060240,Ice
6/15/2023 0:00,SW23060241,Ice
6/15/2023 0:00,SW23060242,Ice
6/15/2023 0:00,SW23060243,Ice
6/15/2023 0:00,SW23060244,Ice
6/15/2023 0:00,SW23060245,Ice
6/15/2023 0:00,SW23060246,Ice
6/15/2023 0:00,SW23060247,Ice
6/15/2023 0:00,SW23060248,Ice
6/15/2023 0:00,SW23060249,Ice
6/15/2023 0:00,SW23060250,Ice
6/15/2023 0:00,SW23060251,Ice
6/15/2023 0:00,SW23060252,Ice
6/15/2023 0:00,SW23060253,Ice
6/15/2023 0:00,SW23060254,Ice
6/15/2023 0:00,SW23060255,Ice
6/21/2023 0:00,SC423100345,Ice
6/21/2023 0:00,SC423100346,Ice
6/21/2023 0:00,SC423100347,Ice
6/21/2023 0:00,SC423100348,Ice
6/21/2023 0:00,SC423100349,Ice
6/21/2023 0:00,SC423100350,Ice
6/21/2023 0:00,SC423100351,Ice
6/21/2023 0:00,SC423100352,Ice
6/21/2023 0:00,SC423110353,Ice
6/21/2023 0:00,SC423110354,Ice
6/21/2023 0:00,SC423110355,Ice
6/21/2023 0:00,SC423110356,Ice
6/21/2023 0:00,SC423110357,Ice
6/21/2023 0:00,SC423110358,Ice
6/21/2023 0:00,SC423110359,Ice
6/21/2023 0:00,SC423110360,Ice
6/21/2023 0:00,SC423110361,Ice
6/21/2023 0:00,SC423110362,Ice
6/28/2023 0:00,BM23061111,Tom
6/28/2023 0:00,BM23061112,Tom
6/28/2023 0:00,BM23061113,Tom
6/28/2023 0:00,BM23061114,Tom
6/28/2023 0:00,BM23061115,Tom
6/28/2023 0:00,BM23061116,Tom
6/28/2023 0:00,BM23061117,Tom
6/28/2023 0:00,BM23061118,Tom
6/28/2023 0:00,BM23061119,Tom
6/28/2023 0:00,BM23061120,Tom
6/29/2023 0:00,2.04E+14,Ken
6/29/2023 0:00,2.04E+14,Ken
6/29/2023 0:00,2.04E+14,Ken
6/29/2023 0:00,2.04E+14,Ken
6/29/2023 0:00,2.04E+14,Ken
6/29/2023 0:00,2.04E+14,Ken
6/29/2023 0:00,2.04E+14,Ken
6/29/2023 0:00,2.04E+14,Ken
6/29/2023 0:00,2.04E+14,Ken
6/29/2023 0:00,2.04E+14,Ken
6/29/2023 0:00,2.04E+14,Ken
6/29/2023 0:00,2.04E+14,Ken
6/29/2023 0:00,2.04E+14,Ken
6/30/2023 0:00,2.04E+14,Ken
6/30/2023 0:00,2.04E+14,Ken
6/30/2023 0:00,2.04E+14,Ken
6/30/2023 0:00,2.04E+14,Ken
6/30/2023 0:00,2.04E+14,Ken
6/30/2023 0:00,2.04E+14,Ken
6/30/2023 0:00,2.04E+14,Ken
6/30/2023 0:00,SC423110363,Ice
6/30/2023 0:00,SC423110364,Ice
6/30/2023 0:00,SC423110365,Ice
6/30/2023 0:00,SC423110366,Ice
6/30/2023 0:00,SC423110367,Ice
6/30/2023 0:00,SC423110368,Ice
6/30/2023 0:00,SC423110369,Ice
6/30/2023 0:00,SC423110370,Ice
6/30/2023 0:00,SC423110371,Ice
6/30/2023 0:00,SC423110372,Ice
7/6/2023 0:00,BS23070136,Ice
7/6/2023 0:00,BS23070137,Ice
7/6/2023 0:00,BS23070138,Ice
7/6/2023 0:00,BS23070139,Ice
7/6/2023 0:00,BS23070140,Ice
7/6/2023 0:00,BS23070141,Ice
7/6/2023 0:00,BS23070142,Ice
7/6/2023 0:00,BS23070143,Ice
7/6/2023 0:00,BS23070144,Ice
7/6/2023 0:00,BS23070145,Ice
7/12/2023 0:00,BM23071121,Tom
7/12/2023 0:00,BM23071122,Tom
7/12/2023 0:00,BM23071123,Tom
7/12/2023 0:00,BM23071124,Tom
7/12/2023 0:00,BM23071125,Tom
7/12/2023 0:00,BM23071126,Tom
7/12/2023 0:00,BM23071127,Tom
7/12/2023 0:00,BM23071128,Tom
7/12/2023 0:00,BM23071129,Tom
7/12/2023 0:00,BM23071130,Tom
7/14/2023 0:00,CC66071161,Ice
7/14/2023 0:00,CC66071162,Ice
7/14/2023 0:00,CC66071163,Ice
7/14/2023 0:00,CC66071164,Ice
7/14/2023 0:00,CC66071165,Ice
7/14/2023 0:00,CC66071166,Ice
7/14/2023 0:00,CC66071167,Ice
7/14/2023 0:00,CC66071168,Ice
7/14/2023 0:00,CC66071169,Ice
7/14/2023 0:00,CC66071170,Ice
7/14/2023 0:00,CI23071164,Ice
7/14/2023 0:00,CI23071165,Ice
7/14/2023 0:00,CI23071166,Ice
7/14/2023 0:00,CI23071167,Ice
7/14/2023 0:00,CI23071168,Ice
7/14/2023 0:00,CI23071169,Ice
7/14/2023 0:00,CI23071170,Ice
7/14/2023 0:00,CI23071171,Ice
7/14/2023 0:00,CI23071172,Ice
7/14/2023 0:00,CI23071173,Ice
7/14/2023 0:00,MC23071116,Ice
7/14/2023 0:00,MC23071117,Ice
7/14/2023 0:00,MC23071118,Ice
7/14/2023 0:00,MC23071119,Ice
7/14/2023 0:00,MC23071120,Ice
7/14/2023 0:00,MC23071121,Ice
7/14/2023 0:00,MC23071122,Ice
7/14/2023 0:00,MC23071123,Ice
7/14/2023 0:00,MC23071124,Ice
7/14/2023 0:00,MC23071125,Ice
7/14/2023 0:00,MC23071126,Ice
7/14/2023 0:00,MC23071127,Ice
7/14/2023 0:00,MC23071128,Ice
7/14/2023 0:00,MC23071129,Ice
7/14/2023 0:00,MC23071130,Ice
7/14/2023 0:00,MC23071131,Ice
7/14/2023 0:00,MC23071132,Ice
7/14/2023 0:00,MC23071133,Ice
7/17/2023 0:00,AL23070215,Ice
7/17/2023 0:00,AL23070216,Ice
7/17/2023 0:00,AL23070217,Ice
7/17/2023 0:00,AL23070218,Ice
7/17/2023 0:00,AL23070219,Ice
7/17/2023 0:00,AL23070220,Ice
7/17/2023 0:00,AL23070221,Ice
7/17/2023 0:00,AL23070222,Ice
7/17/2023 0:00,AL23070223,Ice
7/17/2023 0:00,AL23070224,Ice
7/17/2023 0:00,AL23070225,Ice
7/17/2023 0:00,AL23070226,Ice
7/17/2023 0:00,AL23070227,Ice
7/17/2023 0:00,AL23070228,Ice
7/17/2023 0:00,AL23070229,Ice
7/17/2023 0:00,AL23070230,Ice
7/17/2023 0:00,AL23070231,Ice
7/17/2023 0:00,AL23070232,Ice
7/17/2023 0:00,AL23070233,Ice
7/17/2023 0:00,AL23070234,Ice
7/17/2023 0:00,AL23070235,Ice
7/17/2023 0:00,BSG23070244,Ice
7/17/2023 0:00,BSG23070245,Ice
7/17/2023 0:00,BSG23070246,Ice
7/17/2023 0:00,BSG23070247,Ice
7/17/2023 0:00,BSG23070248,Ice
7/17/2023 0:00,BSG23070249,Ice
7/17/2023 0:00,BSG23070250,Ice
7/17/2023 0:00,BSG23070251,Ice
7/17/2023 0:00,BSG23070252,Ice
7/17/2023 0:00,BSG23070253,Ice
7/22/2023 0:00,BP23071365,Tom
7/22/2023 0:00,BP23071366,Tom
7/22/2023 0:00,BP23071367,Tom
7/22/2023 0:00,BP23071368,Tom
7/22/2023 0:00,BP23071369,Tom
7/22/2023 0:00,BP23071370,Tom
7/22/2023 0:00,BP23071371,Tom
7/22/2023 0:00,BP23071372,Tom
7/22/2023 0:00,BP23071373,Tom
7/22/2023 0:00,BP23071374,Tom
8/2/2023 0:00,BP23081375,Tom
8/2/2023 0:00,BP23081376,Tom
8/2/2023 0:00,BP23081377,Tom
8/2/2023 0:00,BP23081378,Tom
8/2/2023 0:00,BP23081379,Tom
8/2/2023 0:00,BP23081380,Tom
8/2/2023 0:00,BP23081381,Tom
8/2/2023 0:00,BP23081382,Tom
8/2/2023 0:00,BP23081383,Tom
8/2/2023 0:00,BP23081384,Tom
8/2/2023 0:00,SC423110373,Ice
8/2/2023 0:00,SC423110374,Ice
8/2/2023 0:00,SC423110375,Ice
8/2/2023 0:00,SC423110376,Ice
8/2/2023 0:00,SC423110377,Ice
8/2/2023 0:00,SC423110378,Ice
8/2/2023 0:00,SC423110379,Ice
8/2/2023 0:00,SC423110380,Ice
8/2/2023 0:00,SC423110381,Ice
8/2/2023 0:00,SC423110382,Ice
8/2/2023 0:00,SC423110383,Ice
8/2/2023 0:00,SC423110384,Ice
8/2/2023 0:00,SC423110385,Ice
8/2/2023 0:00,SC423110386,Ice
8/2/2023 0:00,SC423110387,Ice
8/2/2023 0:00,SC423110388,Ice
8/2/2023 0:00,SC423110389,Ice
8/2/2023 0:00,SC423110390,Ice
8/2/2023 0:00,SC423110391,Ice
8/4/2023 0:00,BS23080146,Ice
8/4/2023 0:00,BS23080147,Ice
8/4/2023 0:00,BS23080148,Ice
8/4/2023 0:00,BS23080149,Ice
8/4/2023 0:00,BS23080150,Ice
8/4/2023 0:00,BS23080151,Ice
8/4/2023 0:00,BS23080152,Ice
8/4/2023 0:00,BS23080153,Ice
8/4/2023 0:00,BS23080154,Ice
8/4/2023 0:00,BS23080155,Ice
8/5/2023 0:00,SC423110392,Ice
8/5/2023 0:00,SC423110393,Ice
8/5/2023 0:00,SC423110394,Ice
8/5/2023 0:00,SC423110395,Ice
8/5/2023 0:00,SC423110396,Ice
8/5/2023 0:00,SC423110397,Ice
8/5/2023 0:00,SC423110398,Ice
8/5/2023 0:00,SC423110399,Ice
8/5/2023 0:00,SC423110400,Ice
8/5/2023 0:00,SC423110401,Ice
8/5/2023 0:00,SC423110402,Ice
8/5/2023 0:00,SC423110403,Ice
8/5/2023 0:00,SC423110404,Ice
8/5/2023 0:00,SC423110405,Ice
8/5/2023 0:00,SC423120406,Ice
8/5/2023 0:00,SC423120407,Ice
8/5/2023 0:00,SC423120408,Ice
8/5/2023 0:00,SC423120409,Ice
8/5/2023 0:00,SC423120410,Ice
8/5/2023 0:00,SC423120411,Ice
8/15/2023 0:00,AL23080236,Ice
8/15/2023 0:00,AL23080237,Ice
8/15/2023 0:00,AL23080238,Ice
8/15/2023 0:00,AL23080239,Ice
8/15/2023 0:00,AL23080240,Ice
8/15/2023 0:00,AL23080241,Ice
8/15/2023 0:00,AL23080242,Ice
8/15/2023 0:00,AL23080243,Ice
8/15/2023 0:00,AL23080244,Ice
8/15/2023 0:00,AL23080245,Ice
8/15/2023 0:00,BM23081131,Tom
8/15/2023 0:00,BM23081132,Tom
8/15/2023 0:00,BM23081133,Tom
8/15/2023 0:00,BM23081134,Tom
8/15/2023 0:00,BM23081135,Tom
8/15/2023 0:00,BM23081136,Tom
8/15/2023 0:00,BM23081137,Tom
8/15/2023 0:00,BM23081138,Tom
8/15/2023 0:00,BM23081139,Tom
8/15/2023 0:00,BM23081140,Tom
8/15/2023 0:00,BSF23080792,Ice
8/15/2023 0:00,BSF23080793,Ice
8/15/2023 0:00,BSF23080794,Ice
8/15/2023 0:00,BSF23080795,Ice
8/15/2023 0:00,BSF23080796,Ice
8/15/2023 0:00,BSF23080797,Ice
8/15/2023 0:00,BSF23080798,Ice
8/15/2023 0:00,BSF23080799,Ice
8/15/2023 0:00,BSF23080800,Ice
8/15/2023 0:00,BSF23080801,Ice
8/15/2023 0:00,BSF23080802,Ice
8/15/2023 0:00,BSF23080803,Ice
8/15/2023 0:00,BSF23080804,Ice
8/15/2023 0:00,BSF23080805,Ice
8/15/2023 0:00,BSF23080806,Ice
8/15/2023 0:00,BSF23080807,Ice
8/15/2023 0:00,BSF23080808,Ice
8/15/2023 0:00,BSF23080809,Ice
8/15/2023 0:00,BSF23080810,Ice
8/15/2023 0:00,BSF23080811,Ice
8/15/2023 0:00,BSG23080254,Ice
8/15/2023 0:00,BSG23080255,Ice
8/15/2023 0:00,BSG23080256,Ice
8/15/2023 0:00,BSG23080257,Ice
8/15/2023 0:00,BSG23080258,Ice
8/15/2023 0:00,BSG23080259,Ice
8/15/2023 0:00,BSG23080260,Ice
8/15/2023 0:00,BSG23080261,Ice
8/15/2023 0:00,BSG23080262,Ice
8/15/2023 0:00,BSG23080263,Ice
8/15/2023 0:00,CC66081171,Ice
8/15/2023 0:00,CC66081172,Ice
8/15/2023 0:00,CC66081173,Ice
8/15/2023 0:00,CC66081174,Ice
8/15/2023 0:00,CC66081175,Ice
8/15/2023 0:00,CC66081176,Ice
8/15/2023 0:00,CC66081177,Ice
8/15/2023 0:00,CC66081178,Ice
8/15/2023 0:00,CC66081179,Ice
8/15/2023 0:00,CC66081180,Ice
8/15/2023 0:00,CI23081174,Ice
8/15/2023 0:00,CI23081175,Ice
8/15/2023 0:00,CI23081176,Ice
8/15/2023 0:00,CI23081177,Ice
8/15/2023 0:00,CI23081178,Ice
8/15/2023 0:00,CI23081179,Ice
8/15/2023 0:00,CI23081180,Ice
8/15/2023 0:00,CI23081181,Ice
8/15/2023 0:00,CI23081182,Ice
8/15/2023 0:00,CI23081183,Ice
8/15/2023 0:00,MC23081134,Ice
8/15/2023 0:00,MC23081135,Ice
8/15/2023 0:00,MC23081136,Ice
8/15/2023 0:00,MC23081137,Ice
8/15/2023 0:00,MC23081138,Ice
8/15/2023 0:00,MC23081139,Ice
8/15/2023 0:00,MC23081140,Ice
8/15/2023 0:00,MC23081141,Ice
8/15/2023 0:00,MC23081142,Ice
8/15/2023 0:00,MC23081143,Ice
8/15/2023 0:00,SW23080256,Ice
8/15/2023 0:00,SW23080257,Ice
8/15/2023 0:00,SW23080258,Ice
8/15/2023 0:00,SW23080259,Ice
8/15/2023 0:00,SW23080260,Ice
8/15/2023 0:00,SW23080261,Ice
8/15/2023 0:00,SW23080262,Ice
8/15/2023 0:00,SW23080263,Ice
8/15/2023 0:00,SW23080264,Ice
8/15/2023 0:00,SW23080265,Ice
8/15/2023 0:00,SW23080266,Ice
8/15/2023 0:00,SW23080267,Ice
8/15/2023 0:00,SW23080268,Ice
8/15/2023 0:00,SW23080269,Ice
8/15/2023 0:00,SW23080270,Ice
8/15/2023 0:00,SW23080271,Ice
8/15/2023 0:00,SW23080272,Ice
8/15/2023 0:00,SW23080273,Ice
8/15/2023 0:00,SW23080274,Ice
8/15/2023 0:00,SW23080275,Ice
8/21/2023 0:00,BP23081385,Tom
8/21/2023 0:00,BP23081386,Tom
8/21/2023 0:00,BP23081387,Tom
8/21/2023 0:00,BP23081388,Tom
8/21/2023 0:00,BP23081389,Tom
8/21/2023 0:00,BP23081390,Tom
8/21/2023 0:00,BP23081391,Tom
8/21/2023 0:00,BP23081392,Tom
8/21/2023 0:00,BP23081393,Tom
8/21/2023 0:00,BP23081394,Tom
8/21/2023 0:00,SC423120412,Ice
8/21/2023 0:00,SC423120413,Ice
8/21/2023 0:00,SC423120414,Ice
8/21/2023 0:00,SC423120415,Ice
8/21/2023 0:00,SC423120416,Ice
8/21/2023 0:00,SC423120417,Ice
8/21/2023 0:00,SC423120418,Ice
8/21/2023 0:00,SC423120419,Ice
8/21/2023 0:00,SC423120420,Ice
8/21/2023 0:00,SC424010421,Ice
8/21/2023 0:00,SC424010422,Ice
8/21/2023 0:00,SC424010423,Ice
8/24/2023 0:00,SC424010424,Ice
8/24/2023 0:00,SC424010425,Ice
8/24/2023 0:00,SC424010426,Ice
8/24/2023 0:00,SC424010427,Ice
8/24/2023 0:00,SC424010428,Ice
8/24/2023 0:00,SC424010429,Ice
8/24/2023 0:00,SC424010430,Ice
8/24/2023 0:00,SC424010431,Ice
8/24/2023 0:00,SC424010432,Ice
8/24/2023 0:00,SC424010433,Ice
8/25/2023 0:00,2.04E+14,Ken
8/25/2023 0:00,2.04E+14,Ken
8/25/2023 0:00,2.04E+14,Ken
8/28/2023 0:00,2.04E+14,Ken
8/28/2023 0:00,2.04E+14,Ken
8/28/2023 0:00,2.04E+14,Ken
8/28/2023 0:00,2.04E+14,Ken
8/28/2023 0:00,2.04E+14,Ken
8/28/2023 0:00,2.04E+14,Ken
8/28/2023 0:00,2.04E+14,Ken
8/28/2023 0:00,BS23080156,Ice
8/28/2023 0:00,BS23080157,Ice
8/28/2023 0:00,BS23080158,Ice
8/28/2023 0:00,BS23080159,Ice
8/28/2023 0:00,BS23080160,Ice
8/28/2023 0:00,BS23080161,Ice
8/28/2023 0:00,BS23080162,Ice
8/28/2023 0:00,BS23080163,Ice
8/28/2023 0:00,BS23080164,Ice
8/28/2023 0:00,BS23080165,Ice
8/29/2023 0:00,2.04E+14,Ken
8/29/2023 0:00,2.04E+14,Ken
8/29/2023 0:00,2.04E+14,Ken
8/29/2023 0:00,2.04E+14,Ken
8/29/2023 0:00,2.04E+14,Ken
9/1/2023 0:00,SC424010434,Ice
9/1/2023 0:00,SC424010435,Ice
9/1/2023 0:00,SC424010436,Ice
9/1/2023 0:00,SC424010437,Ice
9/1/2023 0:00,SC424010438,Ice
9/1/2023 0:00,SC424010439,Ice
9/1/2023 0:00,SC424010440,Ice
9/1/2023 0:00,SC424010441,Ice
9/1/2023 0:00,SC424010442,Ice
9/1/2023 0:00,SC424010443,Ice
9/4/2023 0:00,2.04E+14,Ken
9/4/2023 0:00,2.04E+14,Ken
9/4/2023 0:00,2.04E+14,Ken
9/4/2023 0:00,2.04E+14,Ken
9/4/2023 0:00,2.04E+14,Ken
9/6/2023 0:00,BS23090166,Ice
9/6/2023 0:00,BS23090167,Ice
9/6/2023 0:00,BS23090168,Ice
9/6/2023 0:00,BS23090169,Ice
9/6/2023 0:00,BS23090170,Ice
9/6/2023 0:00,BS23090171,Ice
9/6/2023 0:00,BS23090172,Ice
9/6/2023 0:00,BS23090173,Ice
9/6/2023 0:00,BS23090174,Ice
9/6/2023 0:00,BS23090175,Ice
9/8/2023 0:00,BM23091141,Tom
9/8/2023 0:00,BM23091142,Tom
9/8/2023 0:00,BM23091143,Tom
9/8/2023 0:00,BM23091144,Tom
9/8/2023 0:00,BM23091145,Tom
9/8/2023 0:00,BM23091146,Tom
9/8/2023 0:00,BM23091147,Tom
9/8/2023 0:00,BM23091148,Tom
9/8/2023 0:00,BM23091149,Tom
9/8/2023 0:00,BM23091150,Tom
9/14/2023 0:00,BP23091395,Tom
9/14/2023 0:00,BP23091396,Tom
9/14/2023 0:00,BP23091397,Tom
9/14/2023 0:00,BP23091398,Tom
9/14/2023 0:00,BP23091399,Tom
9/14/2023 0:00,BP23091400,Tom
9/14/2023 0:00,BP23091401,Tom
9/14/2023 0:00,BP23091402,Tom
9/14/2023 0:00,BP23091403,Tom
9/14/2023 0:00,BP23091404,Tom
9/15/2023 0:00,AL23090246,Ice
9/15/2023 0:00,AL23090247,Ice
9/15/2023 0:00,AL23090248,Ice
9/15/2023 0:00,AL23090249,Ice
9/15/2023 0:00,AL23090250,Ice
9/15/2023 0:00,AL23090251,Ice
9/15/2023 0:00,AL23090252,Ice
9/15/2023 0:00,AL23090253,Ice
9/15/2023 0:00,AL23090254,Ice
9/15/2023 0:00,AL23090255,Ice
9/15/2023 0:00,AL23090256,Ice
9/15/2023 0:00,AL23090257,Ice
9/15/2023 0:00,AL23090258,Ice
9/15/2023 0:00,AL23090259,Ice
9/15/2023 0:00,AL23090260,Ice
9/15/2023 0:00,AL23090261,Ice
9/15/2023 0:00,AL23090262,Ice
9/15/2023 0:00,AL23090263,Ice
9/15/2023 0:00,AL23090264,Ice
9/15/2023 0:00,AL23090265,Ice
9/15/2023 0:00,BSF23090812,Ice
9/15/2023 0:00,BSF23090813,Ice
9/15/2023 0:00,BSF23090814,Ice
9/15/2023 0:00,BSF23090815,Ice
9/15/2023 0:00,BSF23090816,Ice
9/15/2023 0:00,BSF23090817,Ice
9/15/2023 0:00,BSF23090818,Ice
9/15/2023 0:00,BSF23090819,Ice
9/15/2023 0:00,BSF23090820,Ice
9/15/2023 0:00,BSF23090821,Ice
9/15/2023 0:00,CC66091181,Ice
9/15/2023 0:00,CC66091182,Ice
9/15/2023 0:00,CC66091183,Ice
9/15/2023 0:00,CC66091184,Ice
9/15/2023 0:00,CC66091185,Ice
9/15/2023 0:00,CC66091186,Ice
9/15/2023 0:00,CC66091187,Ice
9/15/2023 0:00,CC66091188,Ice
9/15/2023 0:00,CC66091189,Ice
9/15/2023 0:00,CC66091190,Ice
9/15/2023 0:00,MC23091144,Ice
9/15/2023 0:00,MC23091145,Ice
9/15/2023 0:00,MC23091146,Ice
9/15/2023 0:00,MC23091147,Ice
9/15/2023 0:00,MC23091148,Ice
9/15/2023 0:00,MC23091149,Ice
9/15/2023 0:00,MC23091150,Ice
9/15/2023 0:00,MC23091151,Ice
9/15/2023 0:00,MC23091152,Ice
9/15/2023 0:00,MC23091153,Ice
9/19/2023 0:00,SC424010444,Ice
9/19/2023 0:00,SC424010445,Ice
9/19/2023 0:00,SC424010446,Ice
9/19/2023 0:00,SC424010447,Ice
9/21/2023 0:00,SC424010448,Ice
9/21/2023 0:00,SC424010449,Ice
9/21/2023 0:00,SC424010450,Ice
9/21/2023 0:00,SC424010451,Ice
9/21/2023 0:00,SC424010452,Ice
9/21/2023 0:00,SC424010453,Ice
9/21/2023 0:00,SC424010454,Ice
9/21/2023 0:00,SC424010455,Ice
9/21/2023 0:00,SC424010456,Ice
9/21/2023 0:00,SC424010457,Ice
9/21/2023 0:00,SC424010458,Ice
9/21/2023 0:00,SC424010459,Ice
9/21/2023 0:00,SC424010460,Ice
9/21/2023 0:00,SC424010461,Ice
9/21/2023 0:00,SC424010462,Ice
9/26/2023 0:00,2.04E+14,Ken
9/26/2023 0:00,2.04E+14,Ken
9/26/2023 0:00,2.04E+14,Ken
9/26/2023 0:00,2.04E+14,Ken
9/26/2023 0:00,2.04E+14,Ken
9/26/2023 0:00,2.04E+14,Ken
9/26/2023 0:00,2.04E+14,Ken
9/26/2023 0:00,2.04E+14,Ken
9/26/2023 0:00,2.04E+14,Ken
9/26/2023 0:00,2.04E+14,Ken
9/26/2023 0:00,2.04E+14,Ken
9/26/2023 0:00,2.04E+14,Ken
9/27/2023 0:00,BP23091405,Tom
9/27/2023 0:00,BP23091406,Tom
9/27/2023 0:00,BP23091407,Tom
9/27/2023 0:00,BP23091408,Tom
9/27/2023 0:00,BP23091409,Tom
9/27/2023 0:00,BP23091410,Tom
9/27/2023 0:00,BP23091411,Tom
9/27/2023 0:00,BP23091412,Tom
9/27/2023 0:00,BP23091413,Tom
9/27/2023 0:00,BP23091414,Tom
9/30/2023 0:00,BM23091151,Tom
9/30/2023 0:00,BM23091152,Tom
9/30/2023 0:00,BM23091153,Tom
9/30/2023 0:00,BM23091154,Tom
9/30/2023 0:00,BM23091155,Tom
9/30/2023 0:00,BM23091156,Tom
9/30/2023 0:00,BM23091157,Tom
9/30/2023 0:00,BM23091158,Tom
9/30/2023 0:00,BM23091159,Tom
9/30/2023 0:00,BM23091160,Tom
10/2/2023 0:00,SC424010463,Ice
10/2/2023 0:00,SC424010464,Ice
10/2/2023 0:00,SC424010465,Ice
10/2/2023 0:00,SC424010466,Ice
10/2/2023 0:00,SC424010467,Ice
10/2/2023 0:00,SC424010468,Ice
10/2/2023 0:00,SC424010469,Ice
10/2/2023 0:00,SC424010470,Ice
10/2/2023 0:00,SC424010471,Ice
10/2/2023 0:00,SC424010472,Ice
10/2/2023 0:00,SC424010473,Ice
10/2/2023 0:00,SC424010474,Ice
10/2/2023 0:00,SC424010475,Ice
10/2/2023 0:00,SC424010476,Ice
10/2/2023 0:00,SC424010477,Ice
10/2/2023 0:00,SC424010478,Ice
10/2/2023 0:00,SC424010479,Ice
10/2/2023 0:00,SC424020480,Ice
10/2/2023 0:00,SC424020481,Ice
10/2/2023 0:00,SC424020482,Ice
10/11/2023 0:00,BS23100176,Ice
10/11/2023 0:00,BS23100177,Ice
10/11/2023 0:00,BS23100178,Ice
10/11/2023 0:00,BS23100179,Ice
10/11/2023 0:00,BS23100180,Ice
10/11/2023 0:00,BS23100181,Ice
10/11/2023 0:00,BS23100182,Ice
10/11/2023 0:00,BS23100183,Ice
10/11/2023 0:00,BS23100184,Ice
10/11/2023 0:00,BS23100185,Ice
10/16/2023 0:00,AL23100266,Ice
10/16/2023 0:00,AL23100267,Ice
10/16/2023 0:00,AL23100268,Ice
10/16/2023 0:00,AL23100269,Ice
10/16/2023 0:00,AL23100270,Ice
10/16/2023 0:00,AL23100271,Ice
10/16/2023 0:00,AL23100272,Ice
10/16/2023 0:00,AL23100273,Ice
10/16/2023 0:00,AL23100274,Ice
10/16/2023 0:00,AL23100275,Ice
10/16/2023 0:00,AL23100276,Ice
10/16/2023 0:00,AL23100277,Ice
10/16/2023 0:00,AL23100278,Ice
10/16/2023 0:00,AL23100279,Ice
10/16/2023 0:00,AL23100280,Ice
10/16/2023 0:00,AL23100281,Ice
10/16/2023 0:00,AL23100282,Ice
10/16/2023 0:00,AL23100283,Ice
10/16/2023 0:00,AL23100284,Ice
10/16/2023 0:00,AL23100285,Ice
10/16/2023 0:00,BSF23100822,Ice
10/16/2023 0:00,BSF23100823,Ice
10/16/2023 0:00,BSF23100824,Ice
10/16/2023 0:00,BSF23100825,Ice
10/16/2023 0:00,BSF23100826,Ice
10/16/2023 0:00,BSF23100827,Ice
10/16/2023 0:00,BSF23100828,Ice
10/16/2023 0:00,BSF23100829,Ice
10/16/2023 0:00,BSF23100830,Ice
10/16/2023 0:00,BSF23100831,Ice
10/16/2023 0:00,BSF23100832,Ice
10/16/2023 0:00,BSF23100833,Ice
10/16/2023 0:00,BSF23100834,Ice
10/16/2023 0:00,BSF23100835,Ice
10/16/2023 0:00,BSF23100836,Ice
10/16/2023 0:00,BSF23100837,Ice
10/16/2023 0:00,BSF23100838,Ice
10/16/2023 0:00,BSF23100839,Ice
10/16/2023 0:00,BSF23100840,Ice
10/16/2023 0:00,BSF23100841,Ice
10/16/2023 0:00,CC66101191,Ice
10/16/2023 0:00,CC66101192,Ice
10/16/2023 0:00,CC66101193,Ice
10/16/2023 0:00,CC66101194,Ice
10/16/2023 0:00,CC66101195,Ice
10/16/2023 0:00,CC66101196,Ice
10/16/2023 0:00,CC66101197,Ice
10/16/2023 0:00,CC66101198,Ice
10/16/2023 0:00,CC66101199,Ice
10/16/2023 0:00,CC66101200,Ice
10/16/2023 0:00,CI23101184,Ice
10/16/2023 0:00,CI23101185,Ice
10/16/2023 0:00,CI23101186,Ice
10/16/2023 0:00,CI23101187,Ice
10/16/2023 0:00,CI23101188,Ice
10/16/2023 0:00,CI23101189,Ice
10/16/2023 0:00,CI23101190,Ice
10/16/2023 0:00,CI23101191,Ice
10/16/2023 0:00,CI23101192,Ice
10/16/2023 0:00,CI23101193,Ice
10/16/2023 0:00,MC23101154,Ice
10/16/2023 0:00,MC23101155,Ice
10/16/2023 0:00,MC23101156,Ice
10/16/2023 0:00,MC23101157,Ice
10/16/2023 0:00,MC23101158,Ice
10/16/2023 0:00,MC23101159,Ice
10/16/2023 0:00,MC23101160,Ice
10/16/2023 0:00,MC23101161,Ice
10/16/2023 0:00,MC23101162,Ice
10/16/2023 0:00,MC23101163,Ice
10/16/2023 0:00,MC23101164,Ice
10/16/2023 0:00,MC23101165,Ice
10/16/2023 0:00,MC23101166,Ice
10/16/2023 0:00,MC23101167,Ice
10/16/2023 0:00,MC23101168,Ice
10/16/2023 0:00,MC23101169,Ice
10/16/2023 0:00,MC23101170,Ice
10/16/2023 0:00,MC23101171,Ice
10/16/2023 0:00,MC23101172,Ice
10/16/2023 0:00,MC23101173,Ice
10/16/2023 0:00,MC23101174,Ice
10/16/2023 0:00,MC23101175,Ice
10/16/2023 0:00,MC23101176,Ice
10/16/2023 0:00,MC23101177,Ice
10/16/2023 0:00,MC23101178,Ice
10/16/2023 0:00,MC23101179,Ice
10/16/2023 0:00,MC23101180,Ice
10/16/2023 0:00,MC23101181,Ice
10/16/2023 0:00,MC23101182,Ice
10/18/2023 0:00,SC424020483,Ice
10/18/2023 0:00,SC424020484,Ice
10/18/2023 0:00,SC424020485,Ice
10/18/2023 0:00,SC424020486,Ice
10/18/2023 0:00,SC424020487,Ice
10/18/2023 0:00,SC424020488,Ice
10/18/2023 0:00,SC424020489,Ice
10/18/2023 0:00,SC424020490,Ice
10/18/2023 0:00,SC424020491,Ice
10/18/2023 0:00,SC424020492,Ice
10/18/2023 0:00,SC424020493,Ice
10/18/2023 0:00,SC424020494,Ice
10/18/2023 0:00,SC424020495,Ice
10/18/2023 0:00,SC424020496,Ice
10/18/2023 0:00,SC424020497,Ice
10/18/2023 0:00,SC424020498,Ice
10/18/2023 0:00,SC424020499,Ice
10/18/2023 0:00,SC424020500,Ice
10/18/2023 0:00,SC424020501,Ice
10/19/2023 0:00,BP23101415,Tom
10/19/2023 0:00,BP23101416,Tom
10/19/2023 0:00,BP23101417,Tom
10/19/2023 0:00,BP23101418,Tom
10/19/2023 0:00,BP23101419,Tom
10/19/2023 0:00,BP23101420,Tom
10/19/2023 0:00,BP23101421,Tom
10/19/2023 0:00,BP23101422,Tom
10/19/2023 0:00,BP23101423,Tom
10/19/2023 0:00,BP23101424,Tom
10/30/2023 0:00,BS23100186,Ice
10/30/2023 0:00,BS23100187,Ice
10/30/2023 0:00,BS23100188,Ice
10/30/2023 0:00,BS23100189,Ice
10/30/2023 0:00,BS23100190,Ice
10/30/2023 0:00,BS23100191,Ice
10/30/2023 0:00,BS23100192,Ice
10/30/2023 0:00,BS23100193,Ice
10/30/2023 0:00,BS23100194,Ice
10/30/2023 0:00,BS23100195,Ice
11/9/2023 0:00,BP23111425,Tom
11/9/2023 0:00,BP23111426,Tom
11/9/2023 0:00,BP23111427,Tom
11/9/2023 0:00,BP23111428,Tom
11/9/2023 0:00,BP23111429,Tom
11/9/2023 0:00,BP23111430,Tom
11/9/2023 0:00,BP23111431,Tom
11/9/2023 0:00,BP23111432,Tom
11/9/2023 0:00,BP23111433,Tom
11/9/2023 0:00,BP23111434,Tom
11/9/2023 0:00,SC424020502,Ice
11/9/2023 0:00,SC424020503,Ice
11/9/2023 0:00,SC424020504,Ice
11/9/2023 0:00,SC424020505,Ice
11/9/2023 0:00,SC424020506,Ice
11/9/2023 0:00,SC424020507,Ice
11/9/2023 0:00,SC424020508,Ice
11/9/2023 0:00,SC424020509,Ice
11/9/2023 0:00,SC424020510,Ice
11/9/2023 0:00,SC424020511,Ice
11/9/2023 0:00,SC424020512,Ice
11/9/2023 0:00,SC424020513,Ice
11/9/2023 0:00,SC424020514,Ice
11/9/2023 0:00,SC424020515,Ice
11/9/2023 0:00,SC424020516,Ice
11/11/2023 0:00,2.04E+14,Ken
11/13/2023 0:00,2.04E+14,Ken
11/13/2023 0:00,2.04E+14,Ken
11/13/2023 0:00,2.04E+14,Ken
11/15/2023 0:00,2.04E+14,Ken
11/15/2023 0:00,2.04E+14,Ken
11/15/2023 0:00,AL23110286,Ice
11/15/2023 0:00,AL23110287,Ice
11/15/2023 0:00,AL23110288,Ice
11/15/2023 0:00,AL23110289,Ice
11/15/2023 0:00,AL23110290,Ice
11/15/2023 0:00,AL23110291,Ice
11/15/2023 0:00,AL23110292,Ice
11/15/2023 0:00,AL23110293,Ice
11/15/2023 0:00,AL23110294,Ice
11/15/2023 0:00,AL23110295,Ice
11/15/2023 0:00,AL23110296,Ice
11/15/2023 0:00,AL23110297,Ice
11/15/2023 0:00,AL23110298,Ice
11/15/2023 0:00,AL23110299,Ice
11/15/2023 0:00,AL23110300,Ice
11/15/2023 0:00,AL23110301,Ice
11/15/2023 0:00,AL23110302,Ice
11/15/2023 0:00,AL23110303,Ice
11/15/2023 0:00,AL23110304,Ice
11/15/2023 0:00,AL23110305,Ice
11/15/2023 0:00,AL23110306,Ice
11/15/2023 0:00,AL23110307,Ice
11/15/2023 0:00,AL23110308,Ice
11/15/2023 0:00,AL23110309,Ice
11/15/2023 0:00,AL23110310,Ice
11/15/2023 0:00,AL23110311,Ice
11/15/2023 0:00,AL23110312,Ice
11/15/2023 0:00,AL23110313,Ice
11/15/2023 0:00,AL23110314,Ice
11/15/2023 0:00,AL23110315,Ice
11/15/2023 0:00,BSF23110842,Ice
11/15/2023 0:00,BSF23110843,Ice
11/15/2023 0:00,BSF23110844,Ice
11/15/2023 0:00,BSF23110845,Ice
11/15/2023 0:00,BSF23110846,Ice
11/15/2023 0:00,BSF23110847,Ice
11/15/2023 0:00,BSF23110848,Ice
11/15/2023 0:00,BSF23110849,Ice
11/15/2023 0:00,BSF23110850,Ice
11/15/2023 0:00,BSF23110851,Ice
11/15/2023 0:00,BSG23110264,Ice
11/15/2023 0:00,BSG23110265,Ice
11/15/2023 0:00,BSG23110266,Ice
11/15/2023 0:00,BSG23110267,Ice
11/15/2023 0:00,BSG23110268,Ice
11/15/2023 0:00,BSG23110269,Ice
11/15/2023 0:00,BSG23110270,Ice
11/15/2023 0:00,BSG23110271,Ice
11/15/2023 0:00,BSG23110272,Ice
11/15/2023 0:00,BSG23110273,Ice
11/15/2023 0:00,CC66111201,Ice
11/15/2023 0:00,CC66111202,Ice
11/15/2023 0:00,CC66111203,Ice
11/15/2023 0:00,CC66111204,Ice
11/15/2023 0:00,CC66111205,Ice
11/15/2023 0:00,CC66111206,Ice
11/15/2023 0:00,CC66111207,Ice
11/15/2023 0:00,CC66111208,Ice
11/15/2023 0:00,CC66111209,Ice
11/15/2023 0:00,CC66111210,Ice
11/15/2023 0:00,CI23111194,Ice
11/15/2023 0:00,CI23111195,Ice
11/15/2023 0:00,CI23111196,Ice
11/15/2023 0:00,CI23111197,Ice
11/15/2023 0:00,CI23111198,Ice
11/15/2023 0:00,CI23111199,Ice
11/15/2023 0:00,CI23111200,Ice
11/15/2023 0:00,CI23111201,Ice
11/15/2023 0:00,CI23111202,Ice
11/15/2023 0:00,CI23111203,Ice
11/15/2023 0:00,QM22110022,Ice
11/16/2023 0:00,2.04E+14,Ken
11/16/2023 0:00,2.04E+14,Ken
11/17/2023 0:00,BM23111161,Tom
11/17/2023 0:00,BM23111162,Tom
11/17/2023 0:00,BM23111163,Tom
11/17/2023 0:00,BM23111164,Tom
11/17/2023 0:00,BM23111165,Tom
11/17/2023 0:00,BM23111166,Tom
11/17/2023 0:00,BM23111167,Tom
11/17/2023 0:00,BM23111168,Tom
11/17/2023 0:00,BM23111169,Tom
11/17/2023 0:00,BM23111170,Tom
11/20/2023 0:00,SC424020517,Ice
11/20/2023 0:00,SC424020518,Ice
11/20/2023 0:00,SC424020519,Ice
11/20/2023 0:00,SC424030520,Ice
11/20/2023 0:00,SC424030521,Ice
11/20/2023 0:00,SC424030522,Ice
11/20/2023 0:00,SC424030523,Ice
11/20/2023 0:00,SC424030524,Ice
11/20/2023 0:00,SC424030525,Ice
11/20/2023 0:00,SC424030526,Ice
11/21/2023 0:00,2.04E+14,Ken
11/21/2023 0:00,2.04E+14,Ken
11/22/2023 0:00,2.04E+14,Ken
11/22/2023 0:00,2.04E+14,Ken
11/22/2023 0:00,2.04E+14,Ken
11/22/2023 0:00,2.04E+14,Ken
11/22/2023 0:00,2.04E+14,Ken
11/22/2023 0:00,2.04E+14,Ken
11/29/2023 0:00,2.04E+14,Ken
11/29/2023 0:00,2.04E+14,Ken
11/29/2023 0:00,BS23110196,Ice
11/29/2023 0:00,BS23110197,Ice
11/29/2023 0:00,BS23110198,Ice
11/29/2023 0:00,BS23110199,Ice
11/29/2023 0:00,BS23110200,Ice
11/29/2023 0:00,BS23110201,Ice
11/29/2023 0:00,BS23110202,Ice
11/29/2023 0:00,BS23110203,Ice
11/29/2023 0:00,BS23110204,Ice
11/29/2023 0:00,BS23110205,Ice
11/30/2023 0:00,2.04E+14,Ken
11/30/2023 0:00,2.04E+14,Ken
12/8/2023 0:00,SC424030527,Ice
12/8/2023 0:00,SC424030528,Ice
12/8/2023 0:00,SC424030529,Ice
12/8/2023 0:00,SC424030530,Ice
12/8/2023 0:00,SC424030531,Ice
12/11/2023 0:00,BP23121435,Tom
12/11/2023 0:00,BP23121436,Tom
12/11/2023 0:00,BP23121437,Tom
12/11/2023 0:00,BP23121438,Tom
12/11/2023 0:00,BP23121439,Tom
12/11/2023 0:00,BP23121440,Tom
12/11/2023 0:00,BP23121441,Tom
12/11/2023 0:00,BP23121442,Tom
12/11/2023 0:00,BP23121443,Tom
12/11/2023 0:00,BP23121444,Tom
12/11/2023 0:00,SC424030532,Ice
12/11/2023 0:00,SC424030533,Ice
12/11/2023 0:00,SC424030534,Ice
12/11/2023 0:00,SC424030535,Ice
12/11/2023 0:00,SC424030536,Ice
12/11/2023 0:00,SC424030537,Ice
12/11/2023 0:00,SC424030538,Ice
12/11/2023 0:00,SC424030539,Ice
12/11/2023 0:00,SC424030540,Ice
12/11/2023 0:00,SC424030541,Ice
12/11/2023 0:00,SC424030542,Ice
12/11/2023 0:00,SC424030543,Ice
12/11/2023 0:00,SC424030544,Ice
12/11/2023 0:00,SC424030545,Ice
12/11/2023 0:00,SC424030546,Ice
12/11/2023 0:00,SC424030547,Ice
12/11/2023 0:00,SC424030548,Ice
12/13/2023 0:00,2.04E+14,Ken
12/14/2023 0:00,2.04E+14,Ken
12/14/2023 0:00,2.04E+14,Ken
12/14/2023 0:00,2.04E+14,Ken
12/14/2023 0:00,2.04E+14,Ken
12/14/2023 0:00,2.04E+14,Ken
12/14/2023 0:00,2.04E+14,Ken
12/14/2023 0:00,2.04E+14,Ken
12/14/2023 0:00,2.04E+14,Ken
12/15/2023 0:00,AL23120316,Ice
12/15/2023 0:00,AL23120317,Ice
12/15/2023 0:00,AL23120318,Ice
12/15/2023 0:00,AL23120319,Ice
12/15/2023 0:00,AL23120320,Ice
12/15/2023 0:00,AL23120321,Ice
12/15/2023 0:00,AL23120322,Ice
12/15/2023 0:00,AL23120323,Ice
12/15/2023 0:00,AL23120324,Ice
12/15/2023 0:00,AL23120325,Ice
12/15/2023 0:00,AL23120326,Ice
12/15/2023 0:00,AL23120327,Ice
12/15/2023 0:00,AL23120328,Ice
12/15/2023 0:00,AL23120329,Ice
12/15/2023 0:00,AL23120330,Ice
12/15/2023 0:00,AL23120331,Ice
12/15/2023 0:00,AL23120332,Ice
12/15/2023 0:00,AL23120333,Ice
12/15/2023 0:00,AL23120334,Ice
12/15/2023 0:00,AL23120335,Ice
12/15/2023 0:00,BSF23120852,Ice
12/15/2023 0:00,BSF23120853,Ice
12/15/2023 0:00,BSF23120854,Ice
12/15/2023 0:00,BSG23120274,Ice
12/15/2023 0:00,BSG23120275,Ice
12/15/2023 0:00,BSG23120276,Ice
12/15/2023 0:00,BSG23120277,Ice
12/15/2023 0:00,BSG23120278,Ice
12/15/2023 0:00,BSG23120279,Ice
12/15/2023 0:00,BSG23120280,Ice
12/15/2023 0:00,BSG23120281,Ice
12/15/2023 0:00,BSG23120282,Ice
12/15/2023 0:00,BSG23120283,Ice
12/15/2023 0:00,CI23121204,Ice
12/15/2023 0:00,CI23121205,Ice
12/15/2023 0:00,CI23121206,Ice
12/15/2023 0:00,CI23121207,Ice
12/15/2023 0:00,CI23121208,Ice
12/15/2023 0:00,CI23121209,Ice
12/15/2023 0:00,CI23121210,Ice
12/15/2023 0:00,CI23121211,Ice
12/15/2023 0:00,CI23121212,Ice
12/15/2023 0:00,CI23121213,Ice
12/15/2023 0:00,MC23121183,Ice
12/15/2023 0:00,MC23121184,Ice
12/15/2023 0:00,MC23121185,Ice
12/15/2023 0:00,MC23121186,Ice
12/15/2023 0:00,MC23121187,Ice
12/15/2023 0:00,MC23121188,Ice
12/15/2023 0:00,MC23121189,Ice
12/15/2023 0:00,MC23121190,Ice
12/15/2023 0:00,MC23121191,Ice
12/15/2023 0:00,MC23121192,Ice
12/15/2023 0:00,MC23121193,Ice
12/15/2023 0:00,MC23121194,Ice
12/15/2023 0:00,MC23121195,Ice
12/15/2023 0:00,MC23121196,Ice
12/15/2023 0:00,MC23121197,Ice
12/15/2023 0:00,MC23121198,Ice
12/15/2023 0:00,MC23121199,Ice
12/15/2023 0:00,MC23121200,Ice
12/15/2023 0:00,MC23121201,Ice
12/15/2023 0:00,MC23121202,Ice
12/15/2023 0:00,MC23121203,Ice
12/15/2023 0:00,MC23121204,Ice
12/15/2023 0:00,MC23121205,Ice
12/15/2023 0:00,MC23121206,Ice
12/15/2023 0:00,MC23121207,Ice
12/15/2023 0:00,MC23121208,Ice
12/15/2023 0:00,MC23121209,Ice
12/15/2023 0:00,MC23121210,Ice
12/15/2023 0:00,MC23121211,Ice
12/15/2023 0:00,MC23121212,Ice
12/15/2023 0:00,MC23121213,Ice
12/15/2023 0:00,MC23121214,Ice
12/15/2023 0:00,MC23121215,Ice
12/15/2023 0:00,MC23121216,Ice
12/15/2023 0:00,MC23121217,Ice
12/15/2023 0:00,MC23121218,Ice
12/15/2023 0:00,MC23121219,Ice
12/15/2023 0:00,MC23121220,Ice
12/15/2023 0:00,MC23121221,Ice
12/15/2023 0:00,MC23121222,Ice
12/15/2023 0:00,MC23121223,Ice
12/15/2023 0:00,MC23121224,Ice
12/15/2023 0:00,MC23121225,Ice
12/15/2023 0:00,MC23121226,Ice
12/15/2023 0:00,SC424030549,Ice
12/15/2023 0:00,SC424030550,Ice
12/15/2023 0:00,SC424030551,Ice
12/15/2023 0:00,SC424030552,Ice
12/15/2023 0:00,SC424030553,Ice
12/15/2023 0:00,SW23120276,Ice
12/15/2023 0:00,SW23120277,Ice
12/15/2023 0:00,SW23120278,Ice
12/15/2023 0:00,SW23120279,Ice
12/15/2023 0:00,SW23120280,Ice
12/15/2023 0:00,SW23120281,Ice
12/15/2023 0:00,SW23120282,Ice
12/15/2023 0:00,SW23120283,Ice
12/15/2023 0:00,SW23120284,Ice
12/15/2023 0:00,SW23120285,Ice
12/23/2023 0:00,2.04E+14,Ken
12/23/2023 0:00,2.04E+14,Ken
12/23/2023 0:00,2.04E+14,Ken
12/23/2023 0:00,2.04E+14,Ken
12/23/2023 0:00,2.04E+14,Ken
12/23/2023 0:00,2.04E+14,Ken
12/23/2023 0:00,2.04E+14,Ken
12/23/2023 0:00,2.04E+14,Ken
12/23/2023 0:00,2.04E+14,Ken
12/23/2023 0:00,2.04E+14,Ken
12/23/2023 0:00,2.04E+14,Ken
12/23/2023 0:00,2.04E+14,Ken
12/25/2023 0:00,2.04E+14,Ken
12/25/2023 0:00,2.04E+14,Ken
12/25/2023 0:00,2.04E+14,Ken
12/26/2023 0:00,BS23120206,Ice
12/26/2023 0:00,BS23120207,Ice
12/26/2023 0:00,BS23120208,Ice
12/26/2023 0:00,BS23120209,Ice
12/26/2023 0:00,BS23120210,Ice
12/26/2023 0:00,BS23120211,Ice
12/26/2023 0:00,BS23120212,Ice
12/26/2023 0:00,BS23120213,Ice
12/26/2023 0:00,BS23120214,Ice
12/26/2023 0:00,BS23120215,Ice
12/27/2023 0:00,BM23121171,Tom
12/27/2023 0:00,BM23121172,Tom
12/27/2023 0:00,BM23121173,Tom
12/27/2023 0:00,BM23121174,Tom
12/27/2023 0:00,BM23121175,Tom
12/27/2023 0:00,BM23121176,Tom
12/27/2023 0:00,BM23121177,Tom
12/27/2023 0:00,BM23121178,Tom
12/27/2023 0:00,BM23121179,Tom
12/27/2023 0:00,BM23121180,Tom
1/5/2024 0:00,2.04E+14,Ken
1/5/2024 0:00,2.04E+14,Ken
1/5/2024 0:00,2.04E+14,Ken
1/5/2024 0:00,2.04E+14,Ken
1/5/2024 0:00,2.04E+14,Ken
1/5/2024 0:00,2.04E+14,Ken
1/5/2024 0:00,2.04E+14,Ken
1/5/2024 0:00,2.04E+14,Ken
1/5/2024 0:00,2.04E+14,Ken
1/5/2024 0:00,2.04E+14,Ken
1/13/2024 0:00,BP24011445,Tom
1/13/2024 0:00,BP24011446,Tom
1/13/2024 0:00,BP24011447,Tom
1/13/2024 0:00,BP24011448,Tom
1/13/2024 0:00,BP24011449,Tom
1/13/2024 0:00,BP24011450,Tom
1/13/2024 0:00,BP24011451,Tom
1/13/2024 0:00,BP24011452,Tom
1/13/2024 0:00,BP24011453,Tom
1/13/2024 0:00,BP24011454,Tom
1/15/2024 0:00,AA324010011,Ken
1/15/2024 0:00,AL24010336,Ice
1/15/2024 0:00,AL24010337,Ice
1/15/2024 0:00,AL24010338,Ice
1/15/2024 0:00,AL24010339,Ice
1/15/2024 0:00,AL24010340,Ice
1/15/2024 0:00,AL24010341,Ice
1/15/2024 0:00,AL24010342,Ice
1/15/2024 0:00,AL24010343,Ice
1/15/2024 0:00,AL24010344,Ice
1/15/2024 0:00,AL24010345,Ice
1/15/2024 0:00,AL24010346,Ice
1/15/2024 0:00,AL24010347,Ice
1/15/2024 0:00,AL24010348,Ice
1/15/2024 0:00,AL24010349,Ice
1/15/2024 0:00,AL24010350,Ice
1/15/2024 0:00,AL24010351,Ice
1/15/2024 0:00,AL24010352,Ice
1/15/2024 0:00,AL24010353,Ice
1/15/2024 0:00,AL24010354,Ice
1/15/2024 0:00,AL24010355,Ice
1/15/2024 0:00,AL24010356,Ice
1/15/2024 0:00,AL24010357,Ice
1/15/2024 0:00,AL24010358,Ice
1/15/2024 0:00,AL24010359,Ice
1/15/2024 0:00,AL24010360,Ice
1/15/2024 0:00,AL24010361,Ice
1/15/2024 0:00,AL24010362,Ice
1/15/2024 0:00,AL24010363,Ice
1/15/2024 0:00,AL24010364,Ice
1/15/2024 0:00,AL24010365,Ice
1/15/2024 0:00,CC67011211,Ice
1/15/2024 0:00,CC67011212,Ice
1/15/2024 0:00,CC67011213,Ice
1/15/2024 0:00,CC67011214,Ice
1/15/2024 0:00,CC67011215,Ice
1/15/2024 0:00,CC67011216,Ice
1/15/2024 0:00,CC67011217,Ice
1/15/2024 0:00,CC67011218,Ice
1/15/2024 0:00,CC67011219,Ice
1/15/2024 0:00,CC67011220,Ice
1/15/2024 0:00,CI24011214,Ice
1/15/2024 0:00,CI24011215,Ice
1/15/2024 0:00,CI24011216,Ice
1/15/2024 0:00,CI24011217,Ice
1/15/2024 0:00,CI24011218,Ice
1/15/2024 0:00,CI24011219,Ice
1/15/2024 0:00,CI24011220,Ice
1/15/2024 0:00,CI24011221,Ice
1/15/2024 0:00,CI24011222,Ice
1/15/2024 0:00,CI24011223,Ice
1/15/2024 0:00,MC24011227,Ice
1/15/2024 0:00,MC24011228,Ice
1/15/2024 0:00,MC24011229,Ice
1/15/2024 0:00,MC24011230,Ice
1/15/2024 0:00,MC24011231,Ice
1/15/2024 0:00,MC24011232,Ice
1/15/2024 0:00,MC24011233,Ice
1/15/2024 0:00,MC24011234,Ice
1/15/2024 0:00,MC24011235,Ice
1/15/2024 0:00,MC24011236,Ice
1/15/2024 0:00,MC24011237,Ice
1/15/2024 0:00,MC24011238,Ice
1/15/2024 0:00,MC24011239,Ice
1/15/2024 0:00,MC24011240,Ice
1/15/2024 0:00,MC24011241,Ice
1/15/2024 0:00,MC24011242,Ice
1/15/2024 0:00,MC24011243,Ice
1/15/2024 0:00,MC24011244,Ice
1/15/2024 0:00,MC24011245,Ice
1/15/2024 0:00,MC24011246,Ice
1/15/2024 0:00,SC424030554,Ice
1/15/2024 0:00,SC424030555,Ice
1/15/2024 0:00,SC424030556,Ice
1/15/2024 0:00,SC424030557,Ice
1/15/2024 0:00,SC424030558,Ice
1/15/2024 0:00,SC424030559,Ice
1/15/2024 0:00,SC424030560,Ice
1/15/2024 0:00,SC424030561,Ice
1/15/2024 0:00,SC424030562,Ice
1/15/2024 0:00,SC424030563,Ice
1/15/2024 0:00,SC424030564,Ice
1/15/2024 0:00,SC424030565,Ice
1/15/2024 0:00,SC424030566,Ice
1/15/2024 0:00,SC424030567,Ice
1/15/2024 0:00,SC424030568,Ice
1/15/2024 0:00,SC424030569,Ice
1/15/2024 0:00,SC424030570,Ice
1/15/2024 0:00,SC424030571,Ice
1/15/2024 0:00,SC424030572,Ice
1/15/2024 0:00,SC424030573,Ice
1/16/2024 0:00,SC424030574,Ice
1/16/2024 0:00,SC424030575,Ice
1/16/2024 0:00,SC424030576,Ice
1/16/2024 0:00,SC424030577,Ice
1/16/2024 0:00,SC424030578,Ice
1/16/2024 0:00,SC424030579,Ice
1/16/2024 0:00,SC424040580,Ice
1/16/2024 0:00,SC424040581,Ice
1/16/2024 0:00,SC424040582,Ice
1/16/2024 0:00,SC424040583,Ice
1/22/2024 0:00,2.04E+14,Ken
1/22/2024 0:00,2.04E+14,Ken
1/22/2024 0:00,2.04E+14,Ken
1/22/2024 0:00,2.04E+14,Ken
1/22/2024 0:00,2.04E+14,Ken
1/22/2024 0:00,2.04E+14,Ken
1/22/2024 0:00,2.04E+14,Ken
1/22/2024 0:00,2.04E+14,Ken
1/22/2024 0:00,2.04E+14,Ken
1/22/2024 0:00,2.04E+14,Ken
1/22/2024 0:00,2.04E+14,Ken
1/22/2024 0:00,2.04E+14,Ken
1/22/2024 0:00,2.04E+14,Ken
1/23/2024 0:00,2.04E+14,Ken
1/23/2024 0:00,2.04E+14,Ken
1/23/2024 0:00,2.04E+14,Ken
1/23/2024 0:00,2.04E+14,Ken
1/23/2024 0:00,2.04E+14,Ken
1/23/2024 0:00,2.04E+14,Ken
1/23/2024 0:00,2.04E+14,Ken
1/25/2024 0:00,BS24010216,Ice
1/25/2024 0:00,BS24010217,Ice
1/25/2024 0:00,BS24010218,Ice
1/25/2024 0:00,BS24010219,Ice
1/25/2024 0:00,BS24010220,Ice
1/25/2024 0:00,BS24010221,Ice
1/25/2024 0:00,BS24010222,Ice
1/25/2024 0:00,BS24010223,Ice
1/25/2024 0:00,BS24010224,Ice
1/25/2024 0:00,BS24010225,Ice
1/29/2024 0:00,2.04E+14,Ken
1/29/2024 0:00,2.04E+14,Ken
1/29/2024 0:00,2.04E+14,Ken
1/31/2024 0:00,2.04E+14,Ken
1/31/2024 0:00,2.04E+14,Ken
1/31/2024 0:00,2.04E+14,Ken
1/31/2024 0:00,2.04E+14,Ken
1/31/2024 0:00,2.04E+14,Ken
1/31/2024 0:00,2.04E+14,Ken
1/31/2024 0:00,2.04E+14,Ken
2/2/2024 0:00,SC424040584,Ice
2/2/2024 0:00,SC424040585,Ice
2/2/2024 0:00,SC424040586,Ice
2/2/2024 0:00,SC424040587,Ice
2/2/2024 0:00,SC424040588,Ice
2/2/2024 0:00,SC424040589,Ice
2/2/2024 0:00,SC424040590,Ice
2/2/2024 0:00,SC424040591,Ice
2/2/2024 0:00,SC424040592,Ice
2/2/2024 0:00,SC424040593,Ice
2/2/2024 0:00,SC424040594,Ice
2/2/2024 0:00,SC424040595,Ice
2/2/2024 0:00,SC424040596,Ice
2/2/2024 0:00,SC424040597,Ice
2/2/2024 0:00,SC424040598,Ice
2/2/2024 0:00,SC424040599,Ice
2/2/2024 0:00,SC424040600,Ice
2/2/2024 0:00,SC424040601,Ice
2/2/2024 0:00,SC424040602,Ice
2/2/2024 0:00,SC424040603,Ice
2/5/2024 0:00,BP24021455,Tom
2/5/2024 0:00,BP24021456,Tom
2/5/2024 0:00,BP24021457,Tom
2/5/2024 0:00,BP24021458,Tom
2/5/2024 0:00,BP24021459,Tom
2/5/2024 0:00,BP24021460,Tom
2/5/2024 0:00,BP24021461,Tom
2/5/2024 0:00,BP24021462,Tom
2/5/2024 0:00,BP24021463,Tom
2/5/2024 0:00,BP24021464,Tom
2/8/2024 0:00,2.04E+14,Ken
2/8/2024 0:00,2.04E+14,Ken
2/8/2024 0:00,2.04E+14,Ken
2/8/2024 0:00,2.04E+14,Ken
2/8/2024 0:00,2.04E+14,Ken
2/8/2024 0:00,2.04E+14,Ken
2/8/2024 0:00,2.04E+14,Ken
2/8/2024 0:00,2.04E+14,Ken
2/8/2024 0:00,2.04E+14,Ken
2/8/2024 0:00,2.04E+14,Ken
2/12/2024 0:00,BM24021181,Tom
2/12/2024 0:00,BM24021182,Tom
2/12/2024 0:00,BM24021183,Tom
2/12/2024 0:00,BM24021184,Tom
2/12/2024 0:00,BM24021185,Tom
2/12/2024 0:00,BM24021186,Tom
2/12/2024 0:00,BM24021187,Tom
2/12/2024 0:00,BM24021188,Tom
2/12/2024 0:00,BM24021189,Tom
2/12/2024 0:00,BM24021190,Tom
2/13/2024 0:00,SC424040604,Ice
2/13/2024 0:00,SC424040605,Ice
2/13/2024 0:00,SC424040606,Ice
2/13/2024 0:00,SC424040607,Ice
2/13/2024 0:00,SC424040608,Ice
2/13/2024 0:00,SC424040609,Ice
2/13/2024 0:00,SC424040610,Ice
2/13/2024 0:00,SC424040611,Ice
2/13/2024 0:00,SC424040612,Ice
2/13/2024 0:00,SC424040613,Ice
2/13/2024 0:00,SC424040614,Ice
2/13/2024 0:00,SC424040615,Ice
2/13/2024 0:00,SC424040616,Ice
2/13/2024 0:00,SC424040617,Ice
2/13/2024 0:00,SC424040618,Ice
2/13/2024 0:00,SC424040619,Ice
2/13/2024 0:00,SC424040620,Ice
2/13/2024 0:00,SC424050621,Ice
2/13/2024 0:00,SC424050622,Ice
2/13/2024 0:00,SC424050623,Ice
2/15/2024 0:00,AL24020366,Ice
2/15/2024 0:00,AL24020367,Ice
2/15/2024 0:00,AL24020368,Ice
2/15/2024 0:00,AL24020369,Ice
2/15/2024 0:00,AL24020370,Ice
2/15/2024 0:00,AL24020371,Ice
2/15/2024 0:00,AL24020372,Ice
2/15/2024 0:00,AL24020373,Ice
2/15/2024 0:00,AL24020374,Ice
2/15/2024 0:00,AL24020375,Ice
2/15/2024 0:00,AL24020376,Ice
2/15/2024 0:00,AL24020377,Ice
2/15/2024 0:00,AL24020378,Ice
2/15/2024 0:00,AL24020379,Ice
2/15/2024 0:00,AL24020380,Ice
2/15/2024 0:00,AL24020381,Ice
2/15/2024 0:00,AL24020382,Ice
2/15/2024 0:00,AL24020383,Ice
2/15/2024 0:00,AL24020384,Ice
2/15/2024 0:00,AL24020385,Ice
2/15/2024 0:00,AL24020386,Ice
2/15/2024 0:00,AL24020387,Ice
2/15/2024 0:00,AL24020388,Ice
2/15/2024 0:00,AL24020389,Ice
2/15/2024 0:00,AL24020390,Ice
2/15/2024 0:00,AL24020391,Ice
2/15/2024 0:00,AL24020392,Ice
2/15/2024 0:00,AL24020393,Ice
2/15/2024 0:00,AL24020394,Ice
2/15/2024 0:00,AL24020395,Ice
2/15/2024 0:00,AL24020396,Ice
2/15/2024 0:00,BSF24020855,Ice
2/15/2024 0:00,BSF24020856,Ice
2/15/2024 0:00,BSF24020857,Ice
2/15/2024 0:00,BSF24020858,Ice
2/15/2024 0:00,BSF24020859,Ice
2/15/2024 0:00,BSF24020860,Ice
2/15/2024 0:00,BSF24020861,Ice
2/15/2024 0:00,BSF24020862,Ice
2/15/2024 0:00,BSF24020863,Ice
2/15/2024 0:00,BSF24020864,Ice
2/15/2024 0:00,BSF24020865,Ice
2/15/2024 0:00,BSF24020866,Ice
2/15/2024 0:00,BSF24020867,Ice
2/15/2024 0:00,BSF24020868,Ice
2/15/2024 0:00,BSF24020869,Ice
2/15/2024 0:00,BSF24020870,Ice
2/15/2024 0:00,BSF24020871,Ice
2/15/2024 0:00,BSF24020872,Ice
2/15/2024 0:00,BSF24020873,Ice
2/15/2024 0:00,BSF24020874,Ice
2/15/2024 0:00,BSF24020875,Ice
2/15/2024 0:00,BSF24020876,Ice
2/15/2024 0:00,BSF24020877,Ice
2/15/2024 0:00,BSF24020878,Ice
2/15/2024 0:00,BSF24020879,Ice
2/15/2024 0:00,BSF24020880,Ice
2/15/2024 0:00,BSF24020881,Ice
2/15/2024 0:00,BSF24020882,Ice
2/15/2024 0:00,BSF24020883,Ice
2/15/2024 0:00,BSF24020884,Ice
2/15/2024 0:00,BSF24020885,Ice
2/15/2024 0:00,BSF24020886,Ice
2/15/2024 0:00,BSF24020887,Ice
2/15/2024 0:00,BSF24020888,Ice
2/15/2024 0:00,BSF24020889,Ice
2/15/2024 0:00,BSF24020890,Ice
2/15/2024 0:00,BSF24020891,Ice
2/15/2024 0:00,CC67021221,Ice
2/15/2024 0:00,CC67021222,Ice
2/15/2024 0:00,CC67021223,Ice
2/15/2024 0:00,CC67021224,Ice
2/15/2024 0:00,CC67021225,Ice
2/15/2024 0:00,CC67021226,Ice
2/15/2024 0:00,CC67021227,Ice
2/15/2024 0:00,CC67021228,Ice
2/15/2024 0:00,CC67021229,Ice
2/15/2024 0:00,CC67021230,Ice
2/15/2024 0:00,CI24021224,Ice
2/15/2024 0:00,CI24021225,Ice
2/15/2024 0:00,CI24021226,Ice
2/15/2024 0:00,CI24021227,Ice
2/15/2024 0:00,CI24021228,Ice
2/15/2024 0:00,CI24021229,Ice
2/15/2024 0:00,CI24021230,Ice
2/15/2024 0:00,CI24021231,Ice
2/15/2024 0:00,CI24021232,Ice
2/15/2024 0:00,CI24021233,Ice
2/15/2024 0:00,SW24020286,Ice
2/15/2024 0:00,SW24020287,Ice
2/15/2024 0:00,SW24020288,Ice
2/15/2024 0:00,SW24020289,Ice
2/15/2024 0:00,SW24020290,Ice
2/15/2024 0:00,SW24020291,Ice
2/15/2024 0:00,SW24020292,Ice
2/15/2024 0:00,SW24020293,Ice
2/15/2024 0:00,SW24020294,Ice
2/15/2024 0:00,SW24020295,Ice
2/15/2024 0:00,SW24020296,Ice
2/15/2024 0:00,SW24020297,Ice
2/15/2024 0:00,SW24020298,Ice
2/15/2024 0:00,SW24020299,Ice
2/15/2024 0:00,SW24020300,Ice
2/15/2024 0:00,SW24020301,Ice
2/15/2024 0:00,SW24020302,Ice
2/15/2024 0:00,SW24020303,Ice
2/15/2024 0:00,SW24020304,Ice
2/15/2024 0:00,SW24020305,Ice
2/17/2024 0:00,2.04E+14,Ken
2/17/2024 0:00,2.04E+14,Ken
2/17/2024 0:00,2.04E+14,Ken
2/17/2024 0:00,2.04E+14,Ken
2/17/2024 0:00,2.04E+14,Ken
2/17/2024 0:00,2.04E+14,Ken
2/17/2024 0:00,2.04E+14,Ken
2/17/2024 0:00,2.04E+14,Ken
2/17/2024 0:00,2.04E+14,Ken
2/17/2024 0:00,2.04E+14,Ken
2/23/2024 0:00,2.04E+14,Ken
2/23/2024 0:00,2.04E+14,Ken
2/23/2024 0:00,2.04E+14,Ken
2/23/2024 0:00,2.04E+14,Ken
2/23/2024 0:00,2.04E+14,Ken
2/26/2024 0:00,2.04E+14,Ken
2/26/2024 0:00,2.04E+14,Ken
2/26/2024 0:00,2.04E+14,Ken
2/26/2024 0:00,2.04E+14,Ken
2/26/2024 0:00,2.04E+14,Ken
2/26/2024 0:00,2.04E+14,Ken
2/26/2024 0:00,2.04E+14,Ken
2/26/2024 0:00,2.04E+14,Ken
2/26/2024 0:00,2.04E+14,Ken
2/26/2024 0:00,2.04E+14,Ken
2/26/2024 0:00,2.04E+14,Ken
2/26/2024 0:00,BP24021465,Tom
2/26/2024 0:00,BP24021466,Tom
2/26/2024 0:00,BP24021467,Tom
2/26/2024 0:00,BP24021468,Tom
2/26/2024 0:00,BP24021469,Tom
2/26/2024 0:00,BP24021470,Tom
2/26/2024 0:00,BP24021471,Tom
2/26/2024 0:00,BP24021472,Tom
2/26/2024 0:00,BP24021473,Tom
2/26/2024 0:00,BP24021474,Tom
2/26/2024 0:00,BS24020226,Ice
2/26/2024 0:00,BS24020227,Ice
2/26/2024 0:00,BS24020228,Ice
2/26/2024 0:00,BS24020229,Ice
2/26/2024 0:00,BS24020230,Ice
2/26/2024 0:00,BS24020231,Ice
2/26/2024 0:00,BS24020232,Ice
2/26/2024 0:00,BS24020233,Ice
2/26/2024 0:00,BS24020234,Ice
2/26/2024 0:00,BS24020235,Ice
2/27/2024 0:00,SC424050624,Ice
2/27/2024 0:00,SC424050625,Ice
2/27/2024 0:00,SC424050626,Ice
2/27/2024 0:00,SC424050627,Ice
2/27/2024 0:00,SC424050628,Ice
2/27/2024 0:00,SC424050629,Ice
2/27/2024 0:00,SC424050630,Ice
2/27/2024 0:00,SC424050631,Ice
2/27/2024 0:00,SC424050632,Ice
2/27/2024 0:00,SC424050633,Ice
2/27/2024 0:00,SC424050634,Ice
2/27/2024 0:00,SC424050635,Ice
2/27/2024 0:00,SC424050636,Ice
2/27/2024 0:00,SC424050637,Ice
2/27/2024 0:00,SC424050638,Ice
2/27/2024 0:00,SC424050639,Ice
2/27/2024 0:00,SC424050640,Ice
2/27/2024 0:00,SC424050641,Ice
2/27/2024 0:00,SC424050642,Ice
2/27/2024 0:00,SC424050643,Ice
3/4/2024 0:00,BS24030236,Ice
3/4/2024 0:00,BS24030237,Ice
3/4/2024 0:00,BS24030238,Ice
3/4/2024 0:00,BS24030239,Ice
3/4/2024 0:00,BS24030240,Ice
3/4/2024 0:00,BS24030241,Ice
3/4/2024 0:00,BS24030242,Ice
3/4/2024 0:00,BS24030243,Ice
3/4/2024 0:00,BS24030244,Ice
3/4/2024 0:00,BS24030245,Ice
3/6/2024 0:00,BP24031475,Tom
3/6/2024 0:00,BP24031476,Tom
3/6/2024 0:00,BP24031477,Tom
3/6/2024 0:00,BP24031478,Tom
3/6/2024 0:00,BP24031479,Tom
3/6/2024 0:00,BP24031480,Tom
3/6/2024 0:00,BP24031481,Tom
3/6/2024 0:00,BP24031482,Tom
3/6/2024 0:00,BP24031483,Tom
3/6/2024 0:00,BP24031484,Tom
3/8/2024 0:00,2.04E+14,Ken
3/8/2024 0:00,2.04E+14,Ken
3/8/2024 0:00,2.04E+14,Ken
3/8/2024 0:00,2.04E+14,Ken
3/8/2024 0:00,2.04E+14,Ken
3/8/2024 0:00,2.04E+14,Ken
3/8/2024 0:00,2.04E+14,Ken
3/8/2024 0:00,2.04E+14,Ken
3/8/2024 0:00,2.04E+14,Ken
3/8/2024 0:00,2.04E+14,Ken
3/8/2024 0:00,2.04E+14,Ken
3/8/2024 0:00,2.04E+14,Ken
3/8/2024 0:00,2.04E+14,Ken
3/8/2024 0:00,2.04E+14,Ken
3/8/2024 0:00,2.04E+14,Ken
3/8/2024 0:00,2.04E+14,Ken
3/8/2024 0:00,2.04E+14,Ken
3/8/2024 0:00,2.04E+14,Ken
3/8/2024 0:00,2.04E+14,Ken
3/8/2024 0:00,2.04E+14,Ken
3/12/2024 0:00,BM24031191,Tom
3/12/2024 0:00,BM24031192,Tom
3/12/2024 0:00,BM24031193,Tom
3/12/2024 0:00,BM24031194,Tom
3/12/2024 0:00,BM24031195,Tom
3/12/2024 0:00,BM24031196,Tom
3/12/2024 0:00,BM24031197,Tom
3/12/2024 0:00,BM24031198,Tom
3/12/2024 0:00,BM24031199,Tom
3/12/2024 0:00,BM24031200,Tom
3/13/2024 0:00,BS24030246,Tom
3/13/2024 0:00,BS24030247,Ice
3/13/2024 0:00,BS24030248,Ice
3/13/2024 0:00,BS24030249,Ice
3/13/2024 0:00,BS24030250,Ice
3/13/2024 0:00,BS24030251,Ice
3/13/2024 0:00,BS24030252,Ice
3/13/2024 0:00,BS24030253,Ice
3/13/2024 0:00,BS24030254,Ice
3/13/2024 0:00,BS24030255,Ice
3/15/2024 0:00,AA1224030011,Don
3/15/2024 0:00,AA1224030012,Don
3/15/2024 0:00,AA1224030013,Don
3/15/2024 0:00,AA1224030014,Don
3/15/2024 0:00,AA1224030015,Don
3/15/2024 0:00,AA1224030016,Don
3/15/2024 0:00,AA1224030017,Don
3/15/2024 0:00,AA1224030018,Don
3/15/2024 0:00,AA1224030019,Don
3/15/2024 0:00,AA1224030020,Don
3/15/2024 0:00,AA1224030021,Don
3/15/2024 0:00,AA1224030022,Don
3/15/2024 0:00,AA1224030023,Don
3/15/2024 0:00,AA1224030024,Don
3/15/2024 0:00,AA1224030025,Don
3/15/2024 0:00,AA1224030026,Don
3/15/2024 0:00,AA1224030027,Don
3/15/2024 0:00,AA1224030028,Don
3/15/2024 0:00,AA1224030029,Don
3/15/2024 0:00,AA1224030030,Don
3/15/2024 0:00,AA1224030031,Don
3/15/2024 0:00,AA1224030032,Don
3/15/2024 0:00,AA1224030033,Don
3/15/2024 0:00,AA1224030034,Don
3/15/2024 0:00,AA1224030035,Don
3/15/2024 0:00,AA1224030036,Don
3/15/2024 0:00,AA1224030037,Don
3/15/2024 0:00,AA1224030038,Don
3/15/2024 0:00,AA1224030039,Don
3/15/2024 0:00,AA1224030040,Don
3/15/2024 0:00,AA1224030041,Don
3/15/2024 0:00,AA1224030042,Don
3/15/2024 0:00,AA1224030043,Don
3/15/2024 0:00,AA1224030044,Don
3/15/2024 0:00,AA1224030045,Don
3/15/2024 0:00,AA1224030046,Don
3/15/2024 0:00,AA1224030047,Don
3/15/2024 0:00,AA1224030048,Don
3/15/2024 0:00,AA1224030049,Don
3/15/2024 0:00,AA1224030050,Don
3/15/2024 0:00,AA1224030051,Don
3/15/2024 0:00,AA1224030052,Don
3/15/2024 0:00,AA1224030053,Don
3/15/2024 0:00,AA1224030054,Don
3/15/2024 0:00,AA1224030055,Don
3/15/2024 0:00,AA1224030056,Don
3/15/2024 0:00,AA1224030057,Don
3/15/2024 0:00,AA1224030058,Don
3/15/2024 0:00,AA1224030059,Don
3/15/2024 0:00,AA1224030060,Don
3/15/2024 0:00,AA324030012,Ken
3/15/2024 0:00,AA324030013,Ken
3/15/2024 0:00,AA324030014,Ken
3/15/2024 0:00,AA324030015,Ken
3/15/2024 0:00,AA324030016,Ken
3/15/2024 0:00,AA324030017,Ken
3/15/2024 0:00,AA324030018,Ken
3/15/2024 0:00,AA324030019,Ken
3/15/2024 0:00,AA324030020,Ken
3/15/2024 0:00,AA324030021,Ken
3/15/2024 0:00,AA324030022,Ken
3/15/2024 0:00,AA324030023,Ken
3/15/2024 0:00,AA324030024,Ken
3/15/2024 0:00,AA324030025,Ken
3/15/2024 0:00,AA324030026,Ken
3/15/2024 0:00,AL24020398,Ice
3/15/2024 0:00,AL24020399,Ice
3/15/2024 0:00,AL24030397,Ice
3/15/2024 0:00,AL24030400,Ice
3/15/2024 0:00,AL24030401,Ice
3/15/2024 0:00,AL24030402,Ice
3/15/2024 0:00,AL24030403,Ice
3/15/2024 0:00,AL24030404,Ice
3/15/2024 0:00,AL24030405,Ice
3/15/2024 0:00,AL24030406,Ice
3/15/2024 0:00,AL24030407,Ice
3/15/2024 0:00,AL24030408,Ice
3/15/2024 0:00,AL24030409,Ice
3/15/2024 0:00,AL24030410,Ice
3/15/2024 0:00,AL24030411,Ice
3/15/2024 0:00,AL24030412,Ice
3/15/2024 0:00,AL24030413,Ice
3/15/2024 0:00,AL24030414,Ice
3/15/2024 0:00,AL24030415,Ice
3/15/2024 0:00,AL24030416,Ice
3/15/2024 0:00,AL24030417,Ice
3/15/2024 0:00,AL24030418,Ice
3/15/2024 0:00,AL24030419,Ice
3/15/2024 0:00,AL24030420,Ice
3/15/2024 0:00,AL24030421,Ice
3/15/2024 0:00,AL24030422,Ice
3/15/2024 0:00,AL24030423,Ice
3/15/2024 0:00,AL24030424,Ice
3/15/2024 0:00,AL24030425,Ice
3/15/2024 0:00,AL24030426,Ice
3/15/2024 0:00,AL24030427,Ice
3/15/2024 0:00,AL24030428,Ice
3/15/2024 0:00,CC67031231,Ice
3/15/2024 0:00,CC67031232,Ice
3/15/2024 0:00,CC67031233,Ice
3/15/2024 0:00,CC67031234,Ice
3/15/2024 0:00,CC67031235,Ice
3/15/2024 0:00,CC67031236,Ice
3/15/2024 0:00,CC67031237,Ice
3/15/2024 0:00,CC67031238,Ice
3/15/2024 0:00,CC67031239,Ice
3/15/2024 0:00,CC67031240,Ice
3/15/2024 0:00,CC67031241,Ice
3/15/2024 0:00,CC67031242,Ice
3/15/2024 0:00,CC67031243,Ice
3/15/2024 0:00,CC67031244,Ice
3/15/2024 0:00,CC67031245,Ice
3/15/2024 0:00,CC67031246,Ice
3/15/2024 0:00,CC67031247,Ice
3/15/2024 0:00,CC67031248,Ice
3/15/2024 0:00,CC67031249,Ice
3/15/2024 0:00,CC67031250,Ice
3/15/2024 0:00,CC67031251,Ice
3/15/2024 0:00,CI24031234,Ice
3/15/2024 0:00,CI24031235,Ice
3/15/2024 0:00,CI24031236,Ice
3/15/2024 0:00,CI24031237,Ice
3/15/2024 0:00,CI24031238,Ice
3/15/2024 0:00,CI24031239,Ice
3/15/2024 0:00,CI24031240,Ice
3/15/2024 0:00,CI24031241,Ice
3/15/2024 0:00,CI24031242,Ice
3/15/2024 0:00,CI24031243,Ice
3/15/2024 0:00,MC24031247,Ice
3/15/2024 0:00,MC24031248,Ice
3/15/2024 0:00,MC24031249,Ice
3/15/2024 0:00,MC24031250,Ice
3/15/2024 0:00,MC24031251,Ice
3/15/2024 0:00,MC24031252,Ice
3/15/2024 0:00,MC24031253,Ice
3/15/2024 0:00,MC24031254,Ice
3/15/2024 0:00,MC24031255,Ice
3/15/2024 0:00,MC24031256,Ice
3/15/2024 0:00,MC24031257,Ice
3/15/2024 0:00,MC24031258,Ice
3/15/2024 0:00,MC24031259,Ice
3/15/2024 0:00,MC24031260,Ice
3/15/2024 0:00,MC24031261,Ice
3/15/2024 0:00,MC24031262,Ice
3/15/2024 0:00,MC24031263,Ice
3/15/2024 0:00,MC24031264,Ice
3/15/2024 0:00,MC24031265,Ice
3/15/2024 0:00,MC24031266,Ice
3/15/2024 0:00,MC24031267,Ice
3/15/2024 0:00,MC24031268,Ice
3/15/2024 0:00,MC24031269,Ice
3/15/2024 0:00,MC24031270,Ice
3/15/2024 0:00,MC24031271,Ice
3/15/2024 0:00,MC24031272,Ice
3/15/2024 0:00,MC24031273,Ice
3/15/2024 0:00,MC24031274,Ice
3/15/2024 0:00,MC24031275,Ice
3/15/2024 0:00,MC24031276,Ice
3/15/2024 0:00,MC24031277,Ice
3/15/2024 0:00,MC24031278,Ice
3/15/2024 0:00,MC24031279,Ice
3/15/2024 0:00,MC24031280,Ice
3/15/2024 0:00,MC24031281,Ice
3/15/2024 0:00,MC24031282,Ice
3/15/2024 0:00,MC24031283,Ice
3/15/2024 0:00,MC24031284,Ice
3/15/2024 0:00,MC24031285,Ice
3/15/2024 0:00,MC24031286,Ice
3/18/2024 0:00,BP24031485,Tom
3/18/2024 0:00,BP24031486,Tom
3/18/2024 0:00,BP24031487,Tom
3/18/2024 0:00,BP24031488,Tom
3/18/2024 0:00,BP24031489,Tom
3/18/2024 0:00,BP24031490,Tom
3/18/2024 0:00,BP24031491,Tom
3/18/2024 0:00,BP24031492,Tom
3/18/2024 0:00,BP24031493,Tom
3/18/2024 0:00,BP24031494,Tom
3/18/2024 0:00,SC424050644,Ice
3/18/2024 0:00,SC424050645,Ice
3/18/2024 0:00,SC424050646,Ice
3/18/2024 0:00,SC424050647,Ice
3/18/2024 0:00,SC424050648,Ice
3/18/2024 0:00,SC424050649,Ice
3/18/2024 0:00,SC424050650,Ice
3/18/2024 0:00,SC424050651,Ice
3/18/2024 0:00,SC424050652,Ice
3/18/2024 0:00,SC424050653,Ice
3/18/2024 0:00,SC424050654,Ice
3/18/2024 0:00,SC424050655,Ice
3/18/2024 0:00,SC424050656,Ice
3/18/2024 0:00,SC424050657,Ice
3/18/2024 0:00,SC424050658,Ice
3/18/2024 0:00,SC424050659,Ice
3/18/2024 0:00,SC424050660,Ice
3/18/2024 0:00,SC424050661,Ice
3/18/2024 0:00,SC424050662,Ice
3/18/2024 0:00,SC424050663,Ice
3/21/2024 0:00,2.04E+14,Ken
3/21/2024 0:00,2.04E+14,Ken
3/21/2024 0:00,2.04E+14,Ken
3/21/2024 0:00,2.04E+14,Ken
3/21/2024 0:00,2.04E+14,Ken
3/21/2024 0:00,2.04E+14,Ken
3/21/2024 0:00,2.04E+14,Ken
3/21/2024 0:00,2.04E+14,Ken
3/21/2024 0:00,2.04E+14,Ken
3/21/2024 0:00,2.04E+14,Ken
3/27/2024 0:00,BP24031495,Tom
3/27/2024 0:00,BP24031496,Tom
3/27/2024 0:00,BP24031497,Tom
3/27/2024 0:00,BP24031498,Tom
3/27/2024 0:00,BP24031499,Tom
3/27/2024 0:00,BP24031500,Tom
3/27/2024 0:00,BP24031501,Tom
3/27/2024 0:00,BP24031502,Tom
3/27/2024 0:00,BP24031503,Tom
3/27/2024 0:00,BP24031504,Tom
3/29/2024 0:00,2.04E+14,Ken
3/29/2024 0:00,2.04E+14,Ken
3/29/2024 0:00,2.04E+14,Ken
3/29/2024 0:00,2.04E+14,Ken
3/29/2024 0:00,2.04E+14,Ken
3/29/2024 0:00,2.04E+14,Ken
3/29/2024 0:00,2.04E+14,Ken
3/29/2024 0:00,2.04E+14,Ken
3/29/2024 0:00,2.04E+14,Ken
3/29/2024 0:00,2.04E+14,Ken
3/29/2024 0:00,SC424050664,Ice
3/29/2024 0:00,SC424060665,Ice
3/29/2024 0:00,SC424060666,Ice
3/29/2024 0:00,SC424060667,Ice
3/29/2024 0:00,SC424060668,Ice
3/29/2024 0:00,SC424060669,Ice
3/29/2024 0:00,SC424060670,Ice
3/29/2024 0:00,SC424060671,Ice
3/29/2024 0:00,SC424060672,Ice
3/29/2024 0:00,SC424060673,Ice
3/29/2024 0:00,SC424060674,Ice
3/29/2024 0:00,SC424060675,Ice
3/29/2024 0:00,SC424060676,Ice
3/29/2024 0:00,SC424060677,Ice
3/29/2024 0:00,SC424060678,Ice
3/29/2024 0:00,SC424060679,Ice
3/29/2024 0:00,SC424060680,Ice
3/29/2024 0:00,SC424060681,Ice
3/29/2024 0:00,SC424060682,Ice
3/29/2024 0:00,SC424060683,Ice
4/2/2024 0:00,2.04E+14,Ken
4/2/2024 0:00,2.04E+14,Ken
4/2/2024 0:00,2.04E+14,Ken
4/2/2024 0:00,2.04E+14,Ken
4/2/2024 0:00,2.04E+14,Ken
4/2/2024 0:00,2.04E+14,Ken
4/2/2024 0:00,2.04E+14,Ken
4/2/2024 0:00,2.04E+14,Ken
4/2/2024 0:00,2.04E+14,Ken
4/2/2024 0:00,2.04E+14,Ken
4/4/2024 0:00,BM24041201,Tom
4/4/2024 0:00,BM24041202,Tom
4/4/2024 0:00,BM24041203,Tom
4/4/2024 0:00,BM24041204,Tom
4/4/2024 0:00,BM24041205,Tom
4/4/2024 0:00,BM24041206,Tom
4/4/2024 0:00,BM24041207,Tom
4/4/2024 0:00,BM24041208,Tom
4/4/2024 0:00,BM24041209,Tom
4/4/2024 0:00,BM24041210,Tom
4/5/2024 0:00,BP24041505,Tom
4/5/2024 0:00,BP24041506,Tom
4/5/2024 0:00,BP24041507,Tom
4/5/2024 0:00,BP24041508,Tom
4/5/2024 0:00,BP24041509,Tom
4/5/2024 0:00,BP24041510,Tom
4/5/2024 0:00,BP24041511,Tom
4/5/2024 0:00,BP24041512,Tom
4/5/2024 0:00,BP24041513,Tom
4/5/2024 0:00,BP24041514,Tom
4/5/2024 0:00,BS24040256,Ice
4/5/2024 0:00,BS24040257,Ice
4/5/2024 0:00,BS24040258,Ice
4/5/2024 0:00,BS24040259,Ice
4/5/2024 0:00,BS24040260,Ice
4/5/2024 0:00,BS24040261,Ice
4/5/2024 0:00,BS24040262,Ice
4/5/2024 0:00,BS24040263,Ice
4/5/2024 0:00,BS24040264,Ice
4/5/2024 0:00,BS24040265,Ice
4/6/2024 0:00,2.04E+14,Ken
4/6/2024 0:00,2.04E+14,Ken
4/6/2024 0:00,2.04E+14,Ken
4/6/2024 0:00,2.04E+14,Ken
4/6/2024 0:00,2.04E+14,Ken
4/6/2024 0:00,2.04E+14,Ken
4/6/2024 0:00,2.04E+14,Ken
4/6/2024 0:00,2.04E+14,Ken
4/6/2024 0:00,2.04E+14,Ken
4/6/2024 0:00,2.04E+14,Ken
4/6/2024 0:00,SC424060684,Ice
4/6/2024 0:00,SC424060685,Ice
4/6/2024 0:00,SC424060686,Ice
4/6/2024 0:00,SC424060687,Ice
4/6/2024 0:00,SC424060688,Ice
4/6/2024 0:00,SC424060689,Ice
4/6/2024 0:00,SC424060690,Ice
4/6/2024 0:00,SC424060691,Ice
4/6/2024 0:00,SC424060692,Ice
4/6/2024 0:00,SC424060693,Ice
4/6/2024 0:00,SC424060694,Ice
4/6/2024 0:00,SC424060695,Ice
4/6/2024 0:00,SC424060696,Ice
4/6/2024 0:00,SC424060697,Ice
4/6/2024 0:00,SC424060698,Ice
4/6/2024 0:00,SC424060699,Ice
4/6/2024 0:00,SC424060700,Ice
4/6/2024 0:00,SC424060701,Ice
4/6/2024 0:00,SC424060702,Ice
4/7/2024 0:00,2.04E+14,Ken
4/7/2024 0:00,2.04E+14,Ken
4/7/2024 0:00,2.04E+14,Ken
4/7/2024 0:00,2.04E+14,Ken
4/7/2024 0:00,2.04E+14,Ken
4/7/2024 0:00,2.04E+14,Ken
4/7/2024 0:00,2.04E+14,Ken
4/7/2024 0:00,2.04E+14,Ken
4/7/2024 0:00,2.04E+14,Ken
4/7/2024 0:00,2.04E+14,Ken
4/7/2024 0:00,2.04E+14,Ken
4/7/2024 0:00,2.04E+14,Ken
4/7/2024 0:00,2.04E+14,Ken
4/7/2024 0:00,2.04E+14,Ken
4/7/2024 0:00,2.04E+14,Ken
4/7/2024 0:00,2.04E+14,Ken
4/7/2024 0:00,2.04E+14,Ken
4/7/2024 0:00,2.04E+14,Ken
4/7/2024 0:00,2.04E+14,Ken
4/7/2024 0:00,2.04E+14,Ken
4/8/2024 0:00,BS24040266,Ice
4/8/2024 0:00,BS24040267,Ice
4/8/2024 0:00,BS24040268,Ice
4/8/2024 0:00,BS24040269,Ice
4/8/2024 0:00,BS24040270,Ice
4/8/2024 0:00,BS24040271,Ice
4/8/2024 0:00,BS24040272,Ice
4/8/2024 0:00,BS24040273,Ice
4/8/2024 0:00,BS24040274,Ice
4/8/2024 0:00,BS24040275,Ice
4/14/2024 0:00,AA624040011,Don
4/14/2024 0:00,AA624040012,Don
4/14/2024 0:00,AA624040013,Don
4/15/2024 0:00,AL24040429,Ice
4/15/2024 0:00,AL24040430,Ice
4/15/2024 0:00,AL24040431,Ice
4/15/2024 0:00,AL24040432,Ice
4/15/2024 0:00,AL24040433,Ice
4/15/2024 0:00,AL24040434,Ice
4/15/2024 0:00,AL24040435,Ice
4/15/2024 0:00,AL24040436,Ice
4/15/2024 0:00,AL24040437,Ice
4/15/2024 0:00,AL24040438,Ice
4/15/2024 0:00,AL24040439,Ice
4/15/2024 0:00,AL24040440,Ice
4/15/2024 0:00,AL24040441,Ice
4/15/2024 0:00,AL24040442,Ice
4/15/2024 0:00,AL24040443,Ice
4/15/2024 0:00,AL24040444,Ice
4/15/2024 0:00,AL24040445,Ice
4/15/2024 0:00,AL24040446,Ice
4/15/2024 0:00,AL24040447,Ice
4/15/2024 0:00,AL24040448,Ice
4/15/2024 0:00,AL24040449,Ice
4/15/2024 0:00,AL24040450,Ice
4/15/2024 0:00,BSF24040892,Ice
4/15/2024 0:00,BSF24040893,Ice
4/15/2024 0:00,BSF24040894,Ice
4/15/2024 0:00,BSF24040895,Ice
4/15/2024 0:00,BSF24040896,Ice
4/15/2024 0:00,BSF24040897,Ice
4/15/2024 0:00,BSF24040898,Ice
4/15/2024 0:00,BSF24040899,Ice
4/15/2024 0:00,BSF24040900,Ice
4/15/2024 0:00,BSF24040901,Ice
4/15/2024 0:00,BSF24040902,Ice
4/15/2024 0:00,BSF24040903,Ice
4/15/2024 0:00,BSF24040904,Ice
4/15/2024 0:00,BSF24040905,Ice
4/15/2024 0:00,BSF24040906,Ice
4/15/2024 0:00,BSF24040907,Ice
4/15/2024 0:00,BSF24040908,Ice
4/15/2024 0:00,BSF24040909,Ice
4/15/2024 0:00,BSF24040910,Ice
4/15/2024 0:00,BSF24040911,Ice
4/15/2024 0:00,BSF24040912,Ice
4/15/2024 0:00,BSF24040913,Ice
4/15/2024 0:00,BSF24040914,Ice
4/15/2024 0:00,BSF24040915,Ice
4/15/2024 0:00,BSF24040916,Ice
4/15/2024 0:00,BSF24040917,Ice
4/15/2024 0:00,BSF24040918,Ice
4/15/2024 0:00,BSF24040919,Ice
4/15/2024 0:00,BSF24040920,Ice
4/15/2024 0:00,BSF24040921,Ice
4/15/2024 0:00,BSG24040284,Ice
4/15/2024 0:00,BSG24040285,Ice
4/15/2024 0:00,BSG24040286,Ice
4/15/2024 0:00,BSG24040287,Ice
4/15/2024 0:00,BSG24040288,Ice
4/15/2024 0:00,BSG24040289,Ice
4/15/2024 0:00,BSG24040290,Ice
4/15/2024 0:00,BSG24040291,Ice
4/15/2024 0:00,BSG24040292,Ice
4/15/2024 0:00,BSG24040293,Ice
4/15/2024 0:00,BSG24040294,Ice
4/15/2024 0:00,BSG24040295,Ice
4/15/2024 0:00,BSG24040296,Ice
4/15/2024 0:00,BSG24040297,Ice
4/15/2024 0:00,BSG24040298,Ice
4/15/2024 0:00,BSG24040299,Ice
4/15/2024 0:00,BSG24040300,Ice
4/15/2024 0:00,BSG24040301,Ice
4/15/2024 0:00,BSG24040302,Ice
4/15/2024 0:00,BSG24040303,Ice
4/15/2024 0:00,CC67041252,Ice
4/15/2024 0:00,CC67041253,Ice
4/15/2024 0:00,CC67041254,Ice
4/15/2024 0:00,CC67041255,Ice
4/15/2024 0:00,CC67041256,Ice
4/15/2024 0:00,CC67041257,Ice
4/15/2024 0:00,CC67041258,Ice
4/15/2024 0:00,CC67041259,Ice
4/15/2024 0:00,CC67041260,Ice
4/15/2024 0:00,CC67041261,Ice
4/15/2024 0:00,QM24040023,Ice
4/15/2024 0:00,QM24040024,Ice
4/15/2024 0:00,QM24040025,Ice
4/15/2024 0:00,QM24040026,Ice
4/15/2024 0:00,QM24040027,Ice
4/19/2024 0:00,BM24041211,Tom
4/19/2024 0:00,BM24041212,Tom
4/19/2024 0:00,BM24041213,Tom
4/19/2024 0:00,BM24041214,Tom
4/19/2024 0:00,BM24041215,Tom
4/19/2024 0:00,BM24041216,Tom
4/19/2024 0:00,BM24041217,Tom
4/19/2024 0:00,BM24041218,Tom
4/19/2024 0:00,BM24041219,Tom
4/19/2024 0:00,BM24041220,Tom
4/25/2024 0:00,BP24041515,Tom
4/25/2024 0:00,BP24041516,Tom
4/25/2024 0:00,BP24041517,Tom
4/25/2024 0:00,BP24041518,Tom
4/25/2024 0:00,BP24041519,Tom
4/25/2024 0:00,BP24041520,Tom
4/25/2024 0:00,BP24041521,Tom
4/25/2024 0:00,BP24041522,Tom
4/25/2024 0:00,BP24041523,Tom
4/25/2024 0:00,BP24041524,Tom
4/27/2024 0:00,BSV24040036,Don
4/27/2024 0:00,BSV24040037,Don
4/27/2024 0:00,BSV24040038,Don
4/27/2024 0:00,BSV24040039,Don
4/27/2024 0:00,BSV24040040,Don
4/27/2024 0:00,BSV24040041,Don
4/27/2024 0:00,BSV24040042,Don
4/27/2024 0:00,BSV24040043,Don
4/27/2024 0:00,BSV24040044,Don
4/27/2024 0:00,BSV24040045,Don
4/30/2024 0:00,2.04E+14,Ken
4/30/2024 0:00,2.04E+14,Ken
4/30/2024 0:00,2.04E+14,Ken
4/30/2024 0:00,2.04E+14,Ken
4/30/2024 0:00,2.04E+14,Ken
4/30/2024 0:00,2.04E+14,Ken
4/30/2024 0:00,2.04E+14,Ken
4/30/2024 0:00,2.04E+14,Ken
4/30/2024 0:00,2.04E+14,Ken
4/30/2024 0:00,2.04E+14,Ken
5/2/2024 0:00,SC424060703,Ice
5/2/2024 0:00,SC424060704,Ice
5/2/2024 0:00,SC424070705,Ice
5/2/2024 0:00,SC424070706,Ice
5/2/2024 0:00,SC424070707,Ice
5/2/2024 0:00,SC424070708,Ice
5/2/2024 0:00,SC424070709,Ice
5/2/2024 0:00,SC424070710,Ice
5/2/2024 0:00,SC424070711,Ice
5/2/2024 0:00,SC424070712,Ice
5/2/2024 0:00,SC424070713,Ice
5/2/2024 0:00,SC424070714,Ice
5/2/2024 0:00,SC424070715,Ice
5/2/2024 0:00,SC424070716,Ice
5/2/2024 0:00,SC424070717,Ice
5/2/2024 0:00,SC424070718,Ice
5/2/2024 0:00,SC424070719,Ice
5/2/2024 0:00,SC424070720,Ice
5/2/2024 0:00,SC424070721,Ice
5/8/2024 0:00,BM24051221,Tom
5/8/2024 0:00,BM24051222,Tom
5/8/2024 0:00,BM24051223,Tom
5/8/2024 0:00,BM24051224,Tom
5/8/2024 0:00,BM24051225,Tom
5/8/2024 0:00,BM24051226,Tom
5/8/2024 0:00,BM24051227,Tom
5/8/2024 0:00,BM24051228,Tom
5/8/2024 0:00,BM24051229,Tom
5/8/2024 0:00,BM24051230,Tom
5/10/2024 0:00,BS24050276,Ice
5/10/2024 0:00,BS24050277,Ice
5/10/2024 0:00,BS24050278,Ice
5/10/2024 0:00,BS24050279,Ice
5/10/2024 0:00,BS24050280,Ice
5/10/2024 0:00,BS24050281,Ice
5/10/2024 0:00,BS24050282,Ice
5/10/2024 0:00,BS24050283,Ice
5/10/2024 0:00,BS24050284,Ice
5/10/2024 0:00,BS24050285,Ice
5/15/2024 0:00,AA1224050061,Don
5/15/2024 0:00,AA1224050062,Don
5/15/2024 0:00,AA1224050063,Don
5/15/2024 0:00,AA1224050064,Don
5/15/2024 0:00,AA1224050065,Don
5/15/2024 0:00,AA1224050066,Don
5/15/2024 0:00,AA1224050067,Don
5/15/2024 0:00,AA1224050068,Don
5/15/2024 0:00,AA1224050069,Don
5/15/2024 0:00,AA1224050070,Don
5/15/2024 0:00,AA1224050071,Don
5/15/2024 0:00,AA1224050072,Don
5/15/2024 0:00,AA1224050073,Don
5/15/2024 0:00,AA1224050074,Don
5/15/2024 0:00,AA1224050075,Don
5/15/2024 0:00,AA1224050076,Don
5/15/2024 0:00,AA1224050077,Don
5/15/2024 0:00,AA1224050078,Don
5/15/2024 0:00,AA1224050079,Don
5/15/2024 0:00,AA1224050080,Don
5/15/2024 0:00,AA624050014,Don
5/15/2024 0:00,AA624050015,Don
5/15/2024 0:00,AA624050016,Don
5/15/2024 0:00,AA624050017,Don
5/15/2024 0:00,AA624050018,Don
5/15/2024 0:00,AA624050019,Don
5/15/2024 0:00,AA624050020,Don
5/15/2024 0:00,AA624050021,Don
5/15/2024 0:00,AA624050022,Don
5/15/2024 0:00,AA624050023,Don
5/15/2024 0:00,AA624050024,Don
5/15/2024 0:00,AA624050025,Don
5/15/2024 0:00,AA624050026,Don
5/15/2024 0:00,AA624050027,Don
5/15/2024 0:00,AA624050028,Don
5/15/2024 0:00,AA624050029,Don
5/15/2024 0:00,AA624050030,Don
5/15/2024 0:00,AL24050451,Ice
5/15/2024 0:00,AL24050452,Ice
5/15/2024 0:00,AL24050453,Ice
5/15/2024 0:00,AL24050454,Ice
5/15/2024 0:00,AL24050455,Ice
5/15/2024 0:00,AL24050456,Ice
5/15/2024 0:00,AL24050457,Ice
5/15/2024 0:00,AL24050458,Ice
5/15/2024 0:00,AL24050459,Ice
5/15/2024 0:00,AL24050460,Ice
5/15/2024 0:00,AL24050461,Ice
5/15/2024 0:00,AL24050462,Ice
5/15/2024 0:00,AL24050463,Ice
5/15/2024 0:00,AL24050464,Ice
5/15/2024 0:00,AL24050465,Ice
5/15/2024 0:00,AL24050466,Ice
5/15/2024 0:00,AL24050467,Ice
5/15/2024 0:00,AL24050468,Ice
5/15/2024 0:00,AL24050469,Ice
5/15/2024 0:00,AL24050470,Ice
5/15/2024 0:00,AL24050471,Ice
5/15/2024 0:00,AL24050472,Ice
5/15/2024 0:00,AL24050473,Ice
5/15/2024 0:00,AL24050474,Ice
5/15/2024 0:00,AL24050475,Ice
5/15/2024 0:00,AL24050476,Ice
5/15/2024 0:00,CC67051262,Kong
5/15/2024 0:00,CC67051263,Kong
5/15/2024 0:00,CC67051264,Kong
5/15/2024 0:00,CC67051265,Kong
5/15/2024 0:00,CC67051266,Kong
5/15/2024 0:00,CC67051267,Kong
5/15/2024 0:00,CC67051268,Kong
5/15/2024 0:00,CC67051269,Kong
5/15/2024 0:00,CC67051270,Kong
5/15/2024 0:00,CC67051271,Kong
5/15/2024 0:00,CC67051272,Kong
5/15/2024 0:00,CC67051273,Kong
5/15/2024 0:00,CC67051274,Kong
5/15/2024 0:00,CC67051275,Kong
5/15/2024 0:00,CC67051276,Kong
5/15/2024 0:00,CC67051277,Kong
5/15/2024 0:00,CC67051278,Kong
5/15/2024 0:00,CC67051279,Kong
5/15/2024 0:00,CC67051280,Kong
5/15/2024 0:00,CC67051281,Kong
5/15/2024 0:00,CI24051244,Ice
5/15/2024 0:00,CI24051245,Ice
5/15/2024 0:00,CI24051246,Ice
5/15/2024 0:00,CI24051247,Ice
5/15/2024 0:00,CI24051248,Ice
5/15/2024 0:00,CI24051249,Ice
5/15/2024 0:00,CI24051250,Ice
5/15/2024 0:00,CI24051251,Ice
5/15/2024 0:00,CI24051252,Ice
5/15/2024 0:00,CI24051253,Ice
5/15/2024 0:00,MC24051287,Ice
5/15/2024 0:00,MC24051288,Ice
5/15/2024 0:00,MC24051289,Ice
5/15/2024 0:00,MC24051290,Ice
5/15/2024 0:00,MC24051291,Ice
5/15/2024 0:00,MC24051292,Ice
5/15/2024 0:00,MC24051293,Ice
5/15/2024 0:00,MC24051294,Ice
5/15/2024 0:00,MC24051295,Ice
5/15/2024 0:00,MC24051296,Ice
5/15/2024 0:00,MC24051297,Ice
5/15/2024 0:00,MC24051298,Ice
5/15/2024 0:00,MC24051299,Ice
5/15/2024 0:00,MC24051300,Ice
5/15/2024 0:00,MC24051301,Ice
5/15/2024 0:00,MC24051302,Ice
5/15/2024 0:00,MC24051303,Ice
5/15/2024 0:00,MC24051304,Ice
5/15/2024 0:00,MC24051305,Ice
5/15/2024 0:00,MC24051306,Ice
5/15/2024 0:00,MC24051307,Ice
5/15/2024 0:00,MC24051308,Ice
5/15/2024 0:00,MC24051309,Ice
5/15/2024 0:00,MC24051310,Ice
5/15/2024 0:00,MC24051311,Ice
5/15/2024 0:00,MC24051312,Ice
5/15/2024 0:00,MC24051313,Ice
5/15/2024 0:00,MC24051314,Ice
5/15/2024 0:00,MC24051315,Ice
5/15/2024 0:00,MC24051316,Ice
5/15/2024 0:00,MC24051317,Ice
5/15/2024 0:00,MC24051318,Ice
5/15/2024 0:00,MC24051319,Ice
5/15/2024 0:00,MC24051320,Ice
5/15/2024 0:00,MC24051321,Ice
5/15/2024 0:00,MC24051322,Ice
5/15/2024 0:00,MC24051323,Ice
5/15/2024 0:00,MC24051324,Ice
5/15/2024 0:00,MC24051325,Ice
5/15/2024 0:00,SC424070722,Ice
5/15/2024 0:00,SC424070723,Ice
5/15/2024 0:00,SC424070724,Ice
5/15/2024 0:00,SC424070725,Ice
5/15/2024 0:00,SC424070726,Ice
5/15/2024 0:00,SC424070727,Ice
5/15/2024 0:00,SC424070728,Ice
5/15/2024 0:00,SC424070729,Ice
5/15/2024 0:00,SC424070730,Ice
5/15/2024 0:00,SC424070731,Ice
5/15/2024 0:00,SC424070732,Ice
5/15/2024 0:00,SC424070733,Ice
5/15/2024 0:00,SC424070734,Ice
5/15/2024 0:00,SC424070735,Ice
5/15/2024 0:00,SC424070736,Ice
5/15/2024 0:00,SC424070737,Ice
5/15/2024 0:00,SC424070738,Ice
5/15/2024 0:00,SC424070739,Ice
5/15/2024 0:00,SC424070740,Ice
5/15/2024 0:00,SC424070741,Ice
5/15/2024 0:00,SC424070742,Ice
5/15/2024 0:00,SC424070743,Ice
5/15/2024 0:00,SC424070744,Ice
5/15/2024 0:00,SC424070745,Ice
5/23/2024 0:00,BP24051525,Tom
5/23/2024 0:00,BP24051526,Tom
5/23/2024 0:00,BP24051527,Tom
5/23/2024 0:00,BP24051528,Tom
5/23/2024 0:00,BP24051529,Tom
5/23/2024 0:00,BP24051530,Tom
5/23/2024 0:00,BP24051531,Tom
5/23/2024 0:00,BP24051532,Tom
5/23/2024 0:00,BP24051533,Tom
5/23/2024 0:00,BP24051534,Tom
5/24/2024 0:00,SC424070746,Ice
5/24/2024 0:00,SC424070747,Ice
5/24/2024 0:00,SC424070748,Ice
5/24/2024 0:00,SC424070749,Ice
5/24/2024 0:00,SC424070750,Ice
5/24/2024 0:00,SC424070751,Ice
5/24/2024 0:00,SC424070752,Ice
5/24/2024 0:00,SC424070753,Ice
5/24/2024 0:00,SC424070754,Ice
5/24/2024 0:00,SC424070755,Ice
5/24/2024 0:00,SC424070756,Ice
5/24/2024 0:00,SC424070757,Ice
5/24/2024 0:00,SC424070758,Ice
5/24/2024 0:00,SC424070759,Ice
5/24/2024 0:00,SC424070760,Ice
5/24/2024 0:00,SC424070761,Ice
5/24/2024 0:00,SC424070762,Ice
5/24/2024 0:00,SC424070763,Ice
5/24/2024 0:00,SC424070764,Ice
5/24/2024 0:00,SC424080765,Ice
5/29/2024 0:00,2.04E+14,Ken
5/29/2024 0:00,2.04E+14,Ken
5/29/2024 0:00,2.04E+14,Ken
5/29/2024 0:00,2.04E+14,Ken
5/29/2024 0:00,2.04E+14,Ken
5/29/2024 0:00,2.04E+14,Ken
5/29/2024 0:00,2.04E+14,Ken
5/29/2024 0:00,2.04E+14,Ken
5/29/2024 0:00,2.04E+14,Ken
5/29/2024 0:00,2.04E+14,Ken
5/31/2024 0:00,BM24051231,Tom
5/31/2024 0:00,BM24051232,Tom
5/31/2024 0:00,BM24051233,Tom
5/31/2024 0:00,BM24051234,Tom
5/31/2024 0:00,BM24051235,Tom
5/31/2024 0:00,BM24051236,Tom
5/31/2024 0:00,BM24051237,Tom
5/31/2024 0:00,BM24051238,Tom
5/31/2024 0:00,BM24051239,Tom
5/31/2024 0:00,BM24051240,Tom
6/5/2024 0:00,SC424080766,Ice
6/5/2024 0:00,SC424080767,Ice
6/5/2024 0:00,SC424080768,Ice
6/5/2024 0:00,SC424080769,Ice
6/5/2024 0:00,SC424080770,Ice
6/5/2024 0:00,SC424080771,Ice
6/5/2024 0:00,SC424080772,Ice
6/5/2024 0:00,SC424080773,Ice
6/5/2024 0:00,SC424080774,Ice
6/5/2024 0:00,SC424080775,Ice
6/5/2024 0:00,SC424080776,Ice
6/5/2024 0:00,SC424080777,Ice
6/5/2024 0:00,SC424080778,Ice
6/5/2024 0:00,SC424080779,Ice
6/5/2024 0:00,SC424080780,Ice
6/5/2024 0:00,SC424080781,Ice
6/5/2024 0:00,SC424080782,Ice
6/5/2024 0:00,SC424080783,Ice
6/5/2024 0:00,SC424080784,Ice
6/5/2024 0:00,SC424080785,Ice
6/10/2024 0:00,BP24061535,Tom
6/10/2024 0:00,BP24061536,Tom
6/10/2024 0:00,BP24061537,Tom
6/10/2024 0:00,BP24061538,Tom
6/10/2024 0:00,BP24061539,Tom
6/10/2024 0:00,BP24061540,Tom
6/10/2024 0:00,BP24061541,Tom
6/10/2024 0:00,BP24061542,Tom
6/10/2024 0:00,BP24061543,Tom
6/10/2024 0:00,BP24061544,Tom
6/11/2024 0:00,2.04E+14,Ken
6/11/2024 0:00,2.04E+14,Ken
6/11/2024 0:00,2.04E+14,Ken
6/13/2024 0:00,2.04E+14,Ken
6/13/2024 0:00,2.04E+14,Ken
6/13/2024 0:00,2.04E+14,Ken
6/13/2024 0:00,2.04E+14,Ken
6/13/2024 0:00,2.04E+14,Ken
6/14/2024 0:00,CC67061282,Kong
6/14/2024 0:00,CC67061283,Kong
6/14/2024 0:00,CC67061284,Kong
6/14/2024 0:00,CC67061285,Kong
6/14/2024 0:00,CC67061286,Kong
6/14/2024 0:00,CC67061287,Kong
6/14/2024 0:00,CC67061288,Kong
6/14/2024 0:00,CC67061289,Kong
6/14/2024 0:00,CC67061290,Kong
6/14/2024 0:00,CC67061291,Kong
6/14/2024 0:00,CI24061254,Ice
6/14/2024 0:00,CI24061255,Ice
6/14/2024 0:00,CI24061256,Ice
6/14/2024 0:00,CI24061257,Ice
6/14/2024 0:00,CI24061258,Ice
6/14/2024 0:00,CI24061259,Ice
6/14/2024 0:00,CI24061260,Ice
6/14/2024 0:00,CI24061261,Ice
6/14/2024 0:00,CI24061262,Ice
6/14/2024 0:00,CI24061263,Ice
6/14/2024 0:00,SW24060306,Ice
6/14/2024 0:00,SW24060307,Ice
6/14/2024 0:00,SW24060308,Ice
6/14/2024 0:00,SW24060309,Ice
6/14/2024 0:00,SW24060310,Ice
6/14/2024 0:00,SW24060311,Ice
6/14/2024 0:00,SW24060312,Ice
6/14/2024 0:00,SW24060313,Ice
6/14/2024 0:00,SW24060314,Ice
6/14/2024 0:00,SW24060315,Ice
6/14/2024 0:00,SW24060316,Ice
6/14/2024 0:00,SW24060317,Ice
6/14/2024 0:00,SW24060318,Ice
6/14/2024 0:00,SW24060319,Ice
6/14/2024 0:00,SW24060320,Ice
6/14/2024 0:00,SW24060321,Ice
6/14/2024 0:00,SW24060322,Ice
6/14/2024 0:00,SW24060323,Ice
6/14/2024 0:00,SW24060324,Ice
6/14/2024 0:00,SW24060325,Ice
6/16/2024 0:00,AA1224060081,Don
6/16/2024 0:00,AA1224060082,Don
6/16/2024 0:00,AA1224060083,Don
6/16/2024 0:00,AA1224060084,Don
6/16/2024 0:00,AA1224060085,Don
6/16/2024 0:00,AA1224060086,Don
6/16/2024 0:00,AA1224060087,Don
6/16/2024 0:00,AA1224060088,Don
6/16/2024 0:00,AA1224060089,Don
6/16/2024 0:00,AA1224060090,Don
6/16/2024 0:00,AA1224060091,Don
6/16/2024 0:00,AA1224060092,Don
6/16/2024 0:00,AA1224060093,Don
6/16/2024 0:00,AA1224060094,Don
6/16/2024 0:00,AA1224060095,Don
6/16/2024 0:00,AA1224060096,Don
6/16/2024 0:00,AA1224060097,Don
6/16/2024 0:00,AA1224060098,Don
6/16/2024 0:00,AA1224060099,Don
6/16/2024 0:00,AA1224060100,Don
6/17/2024 0:00,AL24060477,Ice
6/17/2024 0:00,AL24060478,Ice
6/17/2024 0:00,AL24060479,Ice
6/17/2024 0:00,AL24060480,Ice
6/17/2024 0:00,AL24060481,Ice
6/17/2024 0:00,AL24060482,Ice
6/17/2024 0:00,AL24060483,Ice
6/17/2024 0:00,AL24060484,Ice
6/17/2024 0:00,AL24060485,Ice
6/17/2024 0:00,AL24060486,Ice
6/17/2024 0:00,AL24060487,Ice
6/17/2024 0:00,AL24060488,Ice
6/17/2024 0:00,AL24060489,Ice
6/17/2024 0:00,AL24060490,Ice
6/17/2024 0:00,AL24060491,Ice
6/17/2024 0:00,AL24060492,Ice
6/17/2024 0:00,AL24060493,Ice
6/17/2024 0:00,AL24060494,Ice
6/17/2024 0:00,AL24060495,Ice
6/17/2024 0:00,AL24060496,Ice
6/18/2024 0:00,2.04E+14,Ken
6/18/2024 0:00,2.04E+14,Ken
6/18/2024 0:00,2.04E+14,Ken
6/18/2024 0:00,2.04E+14,Ken
6/18/2024 0:00,2.04E+14,Ken
6/19/2024 0:00,BM24061241,Tom
6/19/2024 0:00,BM24061242,Tom
6/19/2024 0:00,BM24061243,Tom
6/19/2024 0:00,BM24061244,Tom
6/19/2024 0:00,BM24061245,Tom
6/19/2024 0:00,BM24061246,Tom
6/19/2024 0:00,BM24061247,Tom
6/19/2024 0:00,BM24061248,Tom
6/19/2024 0:00,BM24061249,Tom
6/19/2024 0:00,BM24061250,Tom
6/19/2024 0:00,SC424080786,Ice
6/19/2024 0:00,SC424080787,Ice
6/19/2024 0:00,SC424080788,Ice
6/19/2024 0:00,SC424080789,Ice
6/19/2024 0:00,SC424080790,Ice
6/19/2024 0:00,SC424080791,Ice
6/19/2024 0:00,SC424080792,Ice
6/19/2024 0:00,SC424080793,Ice
6/19/2024 0:00,SC424080794,Ice
6/19/2024 0:00,SC424080795,Ice
6/19/2024 0:00,SC424080796,Ice
6/19/2024 0:00,SC424080797,Ice
6/19/2024 0:00,SC424080798,Ice
6/19/2024 0:00,SC424080799,Ice
6/19/2024 0:00,SC424080800,Ice
6/19/2024 0:00,SC424080801,Ice
6/19/2024 0:00,SC424080802,Ice
6/19/2024 0:00,SC424080803,Ice
6/19/2024 0:00,SC424080804,Ice
6/19/2024 0:00,SC424080805,Ice
6/21/2024 0:00,2.04E+14,Ken
6/21/2024 0:00,2.04E+14,Ken
6/21/2024 0:00,2.04E+14,Ken
6/24/2024 0:00,BS24060286,Ice
6/24/2024 0:00,BS24060287,Ice
6/24/2024 0:00,BS24060288,Ice
6/24/2024 0:00,BS24060289,Ice
6/24/2024 0:00,BS24060290,Ice
6/24/2024 0:00,BS24060291,Ice
6/24/2024 0:00,BS24060292,Ice
6/24/2024 0:00,BS24060293,Ice
6/24/2024 0:00,BS24060294,Ice
6/24/2024 0:00,BS24060295,Ice
6/26/2024 0:00,2.04E+14,Ken
6/26/2024 0:00,2.04E+14,Ken
6/26/2024 0:00,2.04E+14,Ken
6/26/2024 0:00,2.04E+14,Ken
6/26/2024 0:00,2.04E+14,Ken
6/26/2024 0:00,2.04E+14,Ken
6/26/2024 0:00,2.04E+14,Ken
6/26/2024 0:00,2.04E+14,Ken
6/26/2024 0:00,2.04E+14,Ken
6/26/2024 0:00,2.04E+14,Ken
7/3/2024 0:00,BP24071545,Tom
7/3/2024 0:00,BP24071546,Tom
7/3/2024 0:00,BP24071547,Tom
7/3/2024 0:00,BP24071548,Tom
7/3/2024 0:00,BP24071549,Tom
7/3/2024 0:00,BP24071550,Tom
7/3/2024 0:00,BP24071551,Tom
7/3/2024 0:00,BP24071552,Tom
7/3/2024 0:00,BP24071553,Tom
7/3/2024 0:00,BP24071554,Tom
7/4/2024 0:00,2.04E+14,Ken
7/4/2024 0:00,2.04E+14,Ken
7/4/2024 0:00,2.04E+14,Ken
7/4/2024 0:00,2.04E+14,Ken
7/4/2024 0:00,2.04E+14,Ken
7/5/2024 0:00,2.04E+14,Ken
7/5/2024 0:00,2.04E+14,Ken
7/5/2024 0:00,2.04E+14,Ken
7/5/2024 0:00,2.04E+14,Ken
7/5/2024 0:00,2.04E+14,Ken
7/8/2024 0:00,2.04E+14,Ken
7/8/2024 0:00,2.04E+14,Ken
7/8/2024 0:00,2.04E+14,Ken
7/8/2024 0:00,2.04E+14,Ken
7/8/2024 0:00,2.04E+14,Ken
7/11/2024 0:00,BM24071251,Tom
7/11/2024 0:00,BM24071252,Tom
7/11/2024 0:00,BM24071253,Tom
7/11/2024 0:00,BM24071254,Tom
7/11/2024 0:00,BM24071255,Tom
7/11/2024 0:00,BM24071256,Tom
7/11/2024 0:00,BM24071257,Tom
7/11/2024 0:00,BM24071258,Tom
7/11/2024 0:00,BM24071259,Tom
7/11/2024 0:00,BM24071260,Tom
7/11/2024 0:00,SC424080806,Ice
7/11/2024 0:00,SC424080807,Ice
7/11/2024 0:00,SC424080808,Ice
7/11/2024 0:00,SC424080809,Ice
7/11/2024 0:00,SC424080810,Ice
7/11/2024 0:00,SC424080811,Ice
7/11/2024 0:00,SC424080812,Ice
7/11/2024 0:00,SC424080813,Ice
7/11/2024 0:00,SC424080814,Ice
7/11/2024 0:00,SC424080815,Ice
7/11/2024 0:00,SC424080816,Ice
7/11/2024 0:00,SC424080817,Ice
7/11/2024 0:00,SC424080818,Ice
7/11/2024 0:00,SC424080819,Ice
7/11/2024 0:00,SC424080820,Ice
7/11/2024 0:00,SC424080821,Ice
7/11/2024 0:00,SC424080822,Ice
7/11/2024 0:00,SC424080823,Ice
7/11/2024 0:00,SC424080824,Ice
7/11/2024 0:00,SC424090825,Ice
7/15/2024 0:00,AA1224070101,Don
7/15/2024 0:00,AA1224070102,Don
7/15/2024 0:00,AA1224070103,Don
7/15/2024 0:00,AA1224070104,Don
7/15/2024 0:00,AA1224070105,Don
7/15/2024 0:00,AA1224070106,Don
7/15/2024 0:00,AA1224070107,Don
7/15/2024 0:00,AA1224070108,Don
7/15/2024 0:00,AA1224070109,Don
7/15/2024 0:00,AA1224070110,Don
7/15/2024 0:00,AA624070031,Don
7/15/2024 0:00,AA624070032,Don
7/15/2024 0:00,AA624070033,Don
7/15/2024 0:00,AA624070034,Don
7/15/2024 0:00,AA624070035,Don
7/15/2024 0:00,AA624070036,Don
7/15/2024 0:00,AA624070037,Don
7/15/2024 0:00,AA624070038,Don
7/15/2024 0:00,AA624070039,Don
7/15/2024 0:00,AA624070040,Don
7/15/2024 0:00,AA624070041,Don
7/15/2024 0:00,AA624070042,Don
7/15/2024 0:00,AA624070043,Don
7/15/2024 0:00,AA624070044,Don
7/15/2024 0:00,AA624070045,Don
7/15/2024 0:00,AA624070046,Don
7/15/2024 0:00,AA624070047,Don
7/15/2024 0:00,AA624070048,Don
7/15/2024 0:00,AA624070049,Don
7/15/2024 0:00,AA624070050,Don
7/15/2024 0:00,AL24070497,Ice
7/15/2024 0:00,AL24070498,Ice
7/15/2024 0:00,AL24070499,Ice
7/15/2024 0:00,AL24070500,Ice
7/15/2024 0:00,AL24070501,Ice
7/15/2024 0:00,AL24070502,Ice
7/15/2024 0:00,AL24070503,Ice
7/15/2024 0:00,AL24070504,Ice
7/15/2024 0:00,AL24070505,Ice
7/15/2024 0:00,AL24070506,Ice
7/15/2024 0:00,AL24070507,Ice
7/15/2024 0:00,AL24070508,Ice
7/15/2024 0:00,AL24070509,Ice
7/15/2024 0:00,AL24070510,Ice
7/15/2024 0:00,AL24070511,Ice
7/15/2024 0:00,AL24070512,Ice
7/15/2024 0:00,AL24070513,Ice
7/15/2024 0:00,AL24070514,Ice
7/15/2024 0:00,AL24070515,Ice
7/15/2024 0:00,AL24070516,Ice
7/15/2024 0:00,AL24070517,Ice
7/15/2024 0:00,AL24070518,Ice
7/15/2024 0:00,AL24070519,Ice
7/15/2024 0:00,AL24070520,Ice
7/15/2024 0:00,AL24070521,Ice
7/15/2024 0:00,AL24070522,Ice
7/15/2024 0:00,AL24070523,Ice
7/15/2024 0:00,AL24070524,Ice
7/15/2024 0:00,AL24070525,Ice
7/15/2024 0:00,AL24070526,Ice
7/15/2024 0:00,AL24070527,Ice
7/15/2024 0:00,AL24070528,Ice
7/15/2024 0:00,AL24070529,Ice
7/15/2024 0:00,AL24070530,Ice
7/15/2024 0:00,AL24070531,Ice
7/15/2024 0:00,AL24070532,Ice
7/15/2024 0:00,AL24070533,Ice
7/15/2024 0:00,AL24070534,Ice
7/15/2024 0:00,AL24070535,Ice
7/15/2024 0:00,AL24070536,Ice
7/15/2024 0:00,BSF24070922,Ice
7/15/2024 0:00,BSF24070923,Ice
7/15/2024 0:00,BSF24070924,Ice
7/15/2024 0:00,BSF24070925,Ice
7/15/2024 0:00,BSF24070926,Ice
7/15/2024 0:00,BSF24070927,Ice
7/15/2024 0:00,BSF24070928,Ice
7/15/2024 0:00,BSF24070929,Ice
7/15/2024 0:00,BSF24070930,Ice
7/15/2024 0:00,BSF24070931,Ice
7/15/2024 0:00,BSF24070932,Ice
7/15/2024 0:00,BSF24070933,Ice
7/15/2024 0:00,BSF24070934,Ice
7/15/2024 0:00,BSF24070935,Ice
7/15/2024 0:00,BSF24070936,Ice
7/15/2024 0:00,BSF24070937,Ice
7/15/2024 0:00,BSF24070938,Ice
7/15/2024 0:00,BSF24070939,Ice
7/15/2024 0:00,BSF24070940,Ice
7/15/2024 0:00,BSF24070941,Ice
7/15/2024 0:00,BSF24070942,Ice
7/15/2024 0:00,BSF24070943,Ice
7/15/2024 0:00,BSF24070944,Ice
7/15/2024 0:00,BSF24070945,Ice
7/15/2024 0:00,BSF24070946,Ice
7/15/2024 0:00,BSF24070947,Ice
7/15/2024 0:00,BSF24070948,Ice
7/15/2024 0:00,BSF24070949,Ice
7/15/2024 0:00,BSF24070950,Ice
7/15/2024 0:00,BSF24070951,Ice
7/15/2024 0:00,CC67071292,Kong
7/15/2024 0:00,CC67071293,Kong
7/15/2024 0:00,CC67071294,Kong
7/15/2024 0:00,CC67071295,Kong
7/15/2024 0:00,CC67071296,Kong
7/15/2024 0:00,CC67071297,Kong
7/15/2024 0:00,CC67071298,Kong
7/15/2024 0:00,CC67071299,Kong
7/15/2024 0:00,CC67071300,Kong
7/15/2024 0:00,CC67071301,Kong
7/15/2024 0:00,CO24070162,Tom
7/15/2024 0:00,CO24070163,Tom
7/15/2024 0:00,MC24071326,Ice
7/15/2024 0:00,MC24071327,Ice
7/15/2024 0:00,MC24071328,Ice
7/15/2024 0:00,MC24071329,Ice
7/15/2024 0:00,MC24071330,Ice
7/15/2024 0:00,MC24071331,Ice
7/15/2024 0:00,MC24071332,Ice
7/15/2024 0:00,MC24071333,Ice
7/15/2024 0:00,MC24071334,Ice
7/15/2024 0:00,MC24071335,Ice
7/15/2024 0:00,MC24071336,Ice
7/15/2024 0:00,MC24071337,Ice
7/15/2024 0:00,MC24071338,Ice
7/15/2024 0:00,MC24071339,Ice
7/15/2024 0:00,MC24071340,Ice
7/15/2024 0:00,MC24071341,Ice
7/15/2024 0:00,MC24071342,Ice
7/15/2024 0:00,MC24071343,Ice
7/15/2024 0:00,MC24071344,Ice
7/15/2024 0:00,MC24071345,Ice
7/15/2024 0:00,QM24070028,Ice
7/15/2024 0:00,QM24070029,Ice
7/17/2024 0:00,2.04E+14,Ken
7/17/2024 0:00,2.04E+14,Ken
7/17/2024 0:00,2.04E+14,Ken
7/17/2024 0:00,2.04E+14,Ken
7/17/2024 0:00,2.04E+14,Ken
7/19/2024 0:00,2.04E+14,Ken
7/19/2024 0:00,2.04E+14,Ken
7/19/2024 0:00,2.04E+14,Ken
7/19/2024 0:00,2.04E+14,Ken
7/19/2024 0:00,2.04E+14,Ken
7/19/2024 0:00,BP24071555,Tom
7/19/2024 0:00,BP24071556,Tom
7/19/2024 0:00,BP24071557,Tom
7/19/2024 0:00,BP24071558,Tom
7/19/2024 0:00,BP24071559,Tom
7/19/2024 0:00,BP24071560,Tom
7/19/2024 0:00,BP24071561,Tom
7/19/2024 0:00,BP24071562,Tom
7/19/2024 0:00,BP24071563,Tom
7/19/2024 0:00,BP24071564,Tom
7/23/2024 0:00,2.04E+14,Ken
7/23/2024 0:00,2.04E+14,Ken
7/23/2024 0:00,2.04E+14,Ken
7/23/2024 0:00,2.04E+14,Ken
7/23/2024 0:00,2.04E+14,Ken
7/26/2024 0:00,BS24070296,Ice
7/26/2024 0:00,BS24070297,Ice
7/26/2024 0:00,BS24070298,Ice
7/26/2024 0:00,BS24070299,Ice
7/26/2024 0:00,BS24070300,Ice
7/26/2024 0:00,BS24070301,Ice
7/26/2024 0:00,BS24070302,Ice
7/26/2024 0:00,BS24070303,Ice
7/26/2024 0:00,BS24070304,Ice
7/26/2024 0:00,BS24070305,Ice
7/27/2024 0:00,SC424090826,Ice
7/27/2024 0:00,SC424090827,Ice
7/27/2024 0:00,SC424090828,Ice
7/27/2024 0:00,SC424090829,Ice
7/27/2024 0:00,SC424090830,Ice
7/27/2024 0:00,SC424090831,Ice
7/27/2024 0:00,SC424090832,Ice
7/27/2024 0:00,SC424090833,Ice
7/27/2024 0:00,SC424090834,Ice
7/27/2024 0:00,SC424090835,Ice
7/27/2024 0:00,SC424090836,Ice
7/27/2024 0:00,SC424090837,Ice
7/27/2024 0:00,SC424090838,Ice
7/27/2024 0:00,SC424090839,Ice
7/27/2024 0:00,SC424090840,Ice
7/27/2024 0:00,SC424090841,Ice
7/27/2024 0:00,SC424090842,Ice
7/27/2024 0:00,SC424090843,Ice
7/27/2024 0:00,SC424090844,Ice
7/27/2024 0:00,SC424100845,Ice
7/31/2024 0:00,2.04E+14,Ken
7/31/2024 0:00,2.04E+14,Ken
7/31/2024 0:00,2.04E+14,Ken
7/31/2024 0:00,2.04E+14,Ken
7/31/2024 0:00,2.04E+14,Ken
7/31/2024 0:00,2.04E+14,Ken
7/31/2024 0:00,2.04E+14,Ken
7/31/2024 0:00,2.04E+14,Ken
7/31/2024 0:00,2.04E+14,Ken
7/31/2024 0:00,2.04E+14,Ken
8/1/2024 0:00,BP24071565,Tom
8/1/2024 0:00,BP24071566,Tom
8/1/2024 0:00,BP24071567,Tom
8/1/2024 0:00,BP24071568,Tom
8/1/2024 0:00,BP24071569,Tom
8/1/2024 0:00,BP24071570,Tom
8/1/2024 0:00,BP24071571,Tom
8/1/2024 0:00,BP24071572,Tom
8/1/2024 0:00,BP24071573,Tom
8/1/2024 0:00,BP24071574,Tom
8/5/2024 0:00,BM24081261,Tom
8/5/2024 0:00,BM24081262,Tom
8/5/2024 0:00,BM24081263,Tom
8/5/2024 0:00,BM24081264,Tom
8/5/2024 0:00,BM24081265,Tom
8/5/2024 0:00,BM24081266,Tom
8/5/2024 0:00,BM24081267,Tom
8/5/2024 0:00,BM24081268,Tom
8/5/2024 0:00,BM24081269,Tom
8/5/2024 0:00,BM24081270,Tom
8/7/2024 0:00,2.04E+14,Ken
8/7/2024 0:00,2.04E+14,Ken
8/7/2024 0:00,2.04E+14,Ken
8/7/2024 0:00,2.04E+14,Ken
8/7/2024 0:00,2.04E+14,Ken
8/7/2024 0:00,2.04E+14,Ken
8/7/2024 0:00,2.04E+14,Ken
8/7/2024 0:00,2.04E+14,Ken
8/7/2024 0:00,2.04E+14,Ken
8/7/2024 0:00,2.04E+14,Ken
8/7/2024 0:00,BS24080306,Ice
8/7/2024 0:00,BS24080307,Ice
8/7/2024 0:00,BS24080308,Ice
8/7/2024 0:00,BS24080309,Ice
8/7/2024 0:00,BS24080310,Ice
8/7/2024 0:00,BS24080311,Ice
8/7/2024 0:00,BS24080312,Ice
8/7/2024 0:00,BS24080313,Ice
8/7/2024 0:00,BS24080314,Ice
8/7/2024 0:00,BS24080315,Ice
8/8/2024 0:00,SC424100846,Ice
8/8/2024 0:00,SC424100847,Ice
8/8/2024 0:00,SC424100848,Ice
8/8/2024 0:00,SC424100849,Ice
8/8/2024 0:00,SC424100850,Ice
8/8/2024 0:00,SC424100851,Ice
8/8/2024 0:00,SC424100852,Ice
8/8/2024 0:00,SC424100853,Ice
8/8/2024 0:00,SC424100854,Ice
8/8/2024 0:00,SC424100855,Ice
8/8/2024 0:00,SC424100856,Ice
8/8/2024 0:00,SC424100857,Ice
8/8/2024 0:00,SC424100858,Ice
8/8/2024 0:00,SC424100859,Ice
8/8/2024 0:00,SC424100860,Ice
8/8/2024 0:00,SC424100861,Ice
8/8/2024 0:00,SC424100862,Ice
8/8/2024 0:00,SC424100863,Ice
8/8/2024 0:00,SC424100864,Ice
8/8/2024 0:00,SC424100865,Ice
8/14/2024 0:00,BP24081575,Tom
8/14/2024 0:00,BP24081576,Tom
8/14/2024 0:00,BP24081577,Tom
8/14/2024 0:00,BP24081578,Tom
8/14/2024 0:00,BP24081579,Tom
8/14/2024 0:00,BP24081580,Tom
8/14/2024 0:00,BP24081581,Tom
8/14/2024 0:00,BP24081582,Tom
8/14/2024 0:00,BP24081583,Tom
8/14/2024 0:00,BP24081584,Tom
8/15/2024 0:00,AA1224080111,Don
8/15/2024 0:00,AA1224080112,Don
8/15/2024 0:00,AA1224080113,Don
8/15/2024 0:00,AA1224080114,Don
8/15/2024 0:00,AA1224080115,Don
8/15/2024 0:00,AA1224080116,Don
8/15/2024 0:00,AA1224080117,Don
8/15/2024 0:00,AA1224080118,Don
8/15/2024 0:00,AA1224080119,Don
8/15/2024 0:00,AA1224080120,Don
8/15/2024 0:00,AA1224080121,Don
8/15/2024 0:00,AA1224080122,Don
8/15/2024 0:00,AA1224080123,Don
8/15/2024 0:00,AA1224080124,Don
8/15/2024 0:00,AA1224080125,Don
8/15/2024 0:00,AA1224080126,Don
8/15/2024 0:00,AA1224080127,Don
8/15/2024 0:00,AA1224080128,Don
8/15/2024 0:00,AA1224080129,Don
8/15/2024 0:00,AA1224080130,Don
8/15/2024 0:00,AA1224080131,Don
8/15/2024 0:00,AA1224080132,Don
8/15/2024 0:00,AA1224080133,Don
8/15/2024 0:00,AA1224080134,Don
8/15/2024 0:00,AA1224080135,Don
8/15/2024 0:00,AA1224080136,Don
8/15/2024 0:00,AA1224080137,Don
8/15/2024 0:00,AA1224080138,Don
8/15/2024 0:00,AA1224080139,Don
8/15/2024 0:00,AA1224080140,Don
8/15/2024 0:00,AA1224080141,Don
8/15/2024 0:00,AA1224080142,Don
8/15/2024 0:00,AA1224080143,Don
8/15/2024 0:00,AA1224080144,Don
8/15/2024 0:00,AA1224080145,Don
8/15/2024 0:00,AA1224080146,Don
8/15/2024 0:00,AA1224080147,Don
8/15/2024 0:00,AA1224080148,Don
8/15/2024 0:00,AA1224080149,Don
8/15/2024 0:00,AA1224080150,Don
8/15/2024 0:00,AA1224080151,Don
8/15/2024 0:00,AL24080537,Ice
8/15/2024 0:00,AL24080538,Ice
8/15/2024 0:00,AL24080539,Ice
8/15/2024 0:00,AL24080540,Ice
8/15/2024 0:00,AL24080541,Ice
8/15/2024 0:00,AL24080542,Ice
8/15/2024 0:00,AL24080543,Ice
8/15/2024 0:00,AL24080544,Ice
8/15/2024 0:00,AL24080545,Ice
8/15/2024 0:00,AL24080546,Ice
8/15/2024 0:00,AL24080547,Ice
8/15/2024 0:00,AL24080548,Ice
8/15/2024 0:00,AL24080549,Ice
8/15/2024 0:00,AL24080550,Ice
8/15/2024 0:00,AL24080551,Ice
8/15/2024 0:00,AL24080552,Ice
8/15/2024 0:00,AL24080553,Ice
8/15/2024 0:00,AL24080554,Ice
8/15/2024 0:00,AL24080555,Ice
8/15/2024 0:00,AL24080556,Ice
8/15/2024 0:00,AL24080557,Ice
8/15/2024 0:00,AL24080558,Ice
8/15/2024 0:00,AL24080559,Ice
8/15/2024 0:00,AL24080560,Ice
8/15/2024 0:00,AL24080561,Ice
8/15/2024 0:00,AL24080562,Ice
8/15/2024 0:00,AL24080563,Ice
8/15/2024 0:00,AL24080564,Ice
8/15/2024 0:00,AL24080565,Ice
8/15/2024 0:00,AL24080566,Ice
8/15/2024 0:00,AL24080567,Ice
8/15/2024 0:00,AL24080568,Ice
8/15/2024 0:00,AL24080569,Ice
8/15/2024 0:00,AL24080570,Ice
8/15/2024 0:00,AL24080571,Ice
8/15/2024 0:00,AL24080572,Ice
8/15/2024 0:00,AL24080573,Ice
8/15/2024 0:00,AL24080574,Ice
8/15/2024 0:00,AL24080575,Ice
8/15/2024 0:00,AL24080576,Ice
8/15/2024 0:00,BSF24080952,Ice
8/15/2024 0:00,BSF24080953,Ice
8/15/2024 0:00,BSF24080954,Ice
8/15/2024 0:00,BSF24080955,Ice
8/15/2024 0:00,BSF24080956,Ice
8/15/2024 0:00,BSF24080957,Ice
8/15/2024 0:00,BSF24080958,Ice
8/15/2024 0:00,BSF24080959,Ice
8/15/2024 0:00,BSF24080960,Ice
8/15/2024 0:00,BSF24080961,Ice
8/15/2024 0:00,BSF24080962,Ice
8/15/2024 0:00,BSF24080963,Ice
8/15/2024 0:00,BSF24080964,Ice
8/15/2024 0:00,BSF24080965,Ice
8/15/2024 0:00,BSF24080966,Ice
8/15/2024 0:00,BSF24080967,Ice
8/15/2024 0:00,BSF24080968,Ice
8/15/2024 0:00,BSF24080969,Ice
8/15/2024 0:00,BSF24080970,Ice
8/15/2024 0:00,BSF24080971,Ice
8/15/2024 0:00,BSF24080972,Ice
8/15/2024 0:00,BSF24080973,Ice
8/15/2024 0:00,BSF24080974,Ice
8/15/2024 0:00,BSF24080975,Ice
8/15/2024 0:00,BSF24080976,Ice
8/15/2024 0:00,BSF24080977,Ice
8/15/2024 0:00,BSF24080978,Ice
8/15/2024 0:00,BSF24080979,Ice
8/15/2024 0:00,BSF24080980,Ice
8/15/2024 0:00,BSF24080981,Ice
8/15/2024 0:00,BSG24080304,Ice
8/15/2024 0:00,BSG24080305,Ice
8/15/2024 0:00,BSG24080306,Ice
8/15/2024 0:00,BSG24080307,Ice
8/15/2024 0:00,BSG24080308,Ice
8/15/2024 0:00,BSG24080309,Ice
8/15/2024 0:00,BSG24080310,Ice
8/15/2024 0:00,BSG24080311,Ice
8/15/2024 0:00,BSG24080312,Ice
8/15/2024 0:00,BSG24080313,Ice
8/15/2024 0:00,CC67081302,Kong
8/15/2024 0:00,CC67081303,Kong
8/15/2024 0:00,CC67081304,Kong
8/15/2024 0:00,CC67081305,Kong
8/15/2024 0:00,CC67081306,Kong
8/15/2024 0:00,CC67081307,Kong
8/15/2024 0:00,CC67081308,Kong
8/15/2024 0:00,CC67081309,Kong
8/15/2024 0:00,CC67081310,Kong
8/15/2024 0:00,CC67081311,Kong
8/15/2024 0:00,CI24081264,Ice
8/15/2024 0:00,CI24081265,Ice
8/15/2024 0:00,CI24081266,Ice
8/15/2024 0:00,CI24081267,Ice
8/15/2024 0:00,CI24081268,Ice
8/15/2024 0:00,CI24081269,Ice
8/15/2024 0:00,CI24081270,Ice
8/15/2024 0:00,CI24081271,Ice
8/15/2024 0:00,CI24081272,Ice
8/15/2024 0:00,CI24081273,Ice
8/15/2024 0:00,MC24081346,Ice
8/15/2024 0:00,MC24081347,Ice
8/15/2024 0:00,MC24081348,Ice
8/15/2024 0:00,MC24081349,Ice
8/15/2024 0:00,MC24081350,Ice
8/15/2024 0:00,MC24081351,Ice
8/15/2024 0:00,MC24081352,Ice
8/15/2024 0:00,MC24081353,Ice
8/15/2024 0:00,MC24081354,Ice
8/15/2024 0:00,MC24081355,Ice
8/15/2024 0:00,MC24081356,Ice
8/15/2024 0:00,MC24081357,Ice
8/15/2024 0:00,MC24081358,Ice
8/15/2024 0:00,MC24081359,Ice
8/15/2024 0:00,MC24081360,Ice
8/15/2024 0:00,MC24081361,Ice
8/15/2024 0:00,MC24081362,Ice
8/15/2024 0:00,MC24081363,Ice
8/15/2024 0:00,MC24081364,Ice
8/15/2024 0:00,MC24081365,Ice
8/15/2024 0:00,MC24081366,Ice
8/15/2024 0:00,MC24081367,Ice
8/15/2024 0:00,MC24081368,Ice
8/15/2024 0:00,MC24081369,Ice
8/15/2024 0:00,MC24081370,Ice
8/15/2024 0:00,MC24081371,Ice
8/15/2024 0:00,MC24081372,Ice
8/15/2024 0:00,MC24081373,Ice
8/15/2024 0:00,MC24081374,Ice
8/15/2024 0:00,MC24081375,Ice
8/15/2024 0:00,MC24081376,Ice
8/15/2024 0:00,MC24081377,Ice
8/15/2024 0:00,MC24081378,Ice
8/15/2024 0:00,MC24081379,Ice
8/15/2024 0:00,MC24081380,Ice
8/15/2024 0:00,MC24081381,Ice
8/15/2024 0:00,MC24081382,Ice
8/15/2024 0:00,MC24081383,Ice
8/15/2024 0:00,MC24081384,Ice
8/15/2024 0:00,MC24081385,Ice
8/15/2024 0:00,SCS24080021,Ice
8/15/2024 0:00,SCS24080022,Ice
8/15/2024 0:00,SCS24080023,Ice
8/15/2024 0:00,SCS24080024,Ice
8/15/2024 0:00,SCS24080025,Ice
8/15/2024 0:00,SCS24080026,Ice
8/15/2024 0:00,SCS24080027,Ice
8/15/2024 0:00,SCS24080028,Ice
8/15/2024 0:00,SCS24080029,Ice
8/15/2024 0:00,SCS24080030,Ice
8/21/2024 0:00,2.04E+14,Ken
8/21/2024 0:00,2.04E+14,Ken
8/21/2024 0:00,2.04E+14,Ken
8/21/2024 0:00,2.04E+14,Ken
8/21/2024 0:00,2.04E+14,Ken
8/22/2024 0:00,2.04E+14,Ken
8/22/2024 0:00,2.04E+14,Ken
8/22/2024 0:00,2.04E+14,Ken
8/22/2024 0:00,2.04E+14,Ken
8/22/2024 0:00,2.04E+14,Ken
8/27/2024 0:00,2.04E+14,Ken
8/27/2024 0:00,2.04E+14,Ken
8/27/2024 0:00,2.04E+14,Ken
8/27/2024 0:00,2.04E+14,Ken
8/27/2024 0:00,2.04E+14,Ken
8/27/2024 0:00,2.04E+14,Ken
8/27/2024 0:00,2.04E+14,Ken
8/27/2024 0:00,2.04E+14,Ken
8/27/2024 0:00,2.04E+14,Ken
8/28/2024 0:00,BP24081585,Tom
8/28/2024 0:00,BP24081586,Tom
8/28/2024 0:00,BP24081587,Tom
8/28/2024 0:00,BP24081588,Tom
8/28/2024 0:00,BP24081589,Tom
8/28/2024 0:00,BP24081590,Tom
8/28/2024 0:00,BP24081591,Tom
8/28/2024 0:00,BP24081592,Tom
8/28/2024 0:00,BP24081593,Tom
8/28/2024 0:00,BP24081594,Tom
8/28/2024 0:00,SC424100866,Ice
8/28/2024 0:00,SC424100867,Ice
8/28/2024 0:00,SC424100868,Ice
8/28/2024 0:00,SC424100869,Ice
8/28/2024 0:00,SC424100870,Ice
8/28/2024 0:00,SC424100871,Ice
8/28/2024 0:00,SC424100872,Ice
8/28/2024 0:00,SC424100873,Ice
8/28/2024 0:00,SC424100874,Ice
8/28/2024 0:00,SC424100875,Ice
8/28/2024 0:00,SC424100876,Ice
8/28/2024 0:00,SC424100877,Ice
8/28/2024 0:00,SC424100878,Ice
8/28/2024 0:00,SC424100879,Ice
8/28/2024 0:00,SC424100880,Ice
8/28/2024 0:00,SC424100881,Ice
8/28/2024 0:00,SC424100882,Ice
8/28/2024 0:00,SC424100883,Ice
8/28/2024 0:00,SC424100884,Ice
8/28/2024 0:00,SC424100885,Ice
8/28/2024 0:00,SC424100886,Ice
8/28/2024 0:00,SC424100887,Ice
8/28/2024 0:00,SC424100888,Ice
8/28/2024 0:00,SC424100889,Ice
8/28/2024 0:00,SC424100890,Ice
8/28/2024 0:00,SC424100891,Ice
8/28/2024 0:00,SC424100892,Ice
8/28/2024 0:00,SC424100893,Ice
8/28/2024 0:00,SC424100894,Ice
8/28/2024 0:00,SC424100895,Ice
8/28/2024 0:00,SC424100896,Ice
8/28/2024 0:00,SC424100897,Ice
8/28/2024 0:00,SC424100898,Ice
8/28/2024 0:00,SC424100899,Ice
8/28/2024 0:00,SC424100900,Ice
8/28/2024 0:00,SC424100901,Ice
8/28/2024 0:00,SC424100902,Ice
8/28/2024 0:00,SC424100903,Ice
8/28/2024 0:00,SC424100904,Ice
8/28/2024 0:00,SC424100905,Ice
9/3/2024 0:00,BS24090316,Ice
9/3/2024 0:00,BS24090317,Ice
9/3/2024 0:00,BS24090318,Ice
9/3/2024 0:00,BS24090319,Ice
9/3/2024 0:00,BS24090320,Ice
9/3/2024 0:00,BS24090321,Ice
9/3/2024 0:00,BS24090322,Ice
9/3/2024 0:00,BS24090323,Ice
9/3/2024 0:00,BS24090324,Ice
9/3/2024 0:00,BS24090325,Ice
9/9/2024 0:00,2.04E+14,Ken
9/9/2024 0:00,BM24081271,Tom
9/9/2024 0:00,BM24081272,Tom
9/9/2024 0:00,BM24081273,Tom
9/9/2024 0:00,BM24081274,Tom
9/9/2024 0:00,BM24081275,Tom
9/9/2024 0:00,BM24081276,Tom
9/9/2024 0:00,BM24081277,Tom
9/9/2024 0:00,BM24081278,Tom
9/9/2024 0:00,BM24081279,Tom
9/9/2024 0:00,BM24081280,Tom
9/11/2024 0:00,2.04E+14,Ken
9/11/2024 0:00,2.04E+14,Ken
9/11/2024 0:00,2.04E+14,Ken
9/14/2024 0:00,BP24091595,Tom
9/14/2024 0:00,BP24091596,Tom
9/14/2024 0:00,BP24091597,Tom
9/14/2024 0:00,BP24091598,Tom
9/14/2024 0:00,BP24091599,Tom
9/14/2024 0:00,BP24091600,Tom
9/14/2024 0:00,BP24091601,Tom
9/14/2024 0:00,BP24091602,Tom
9/14/2024 0:00,BP24091603,Tom
9/14/2024 0:00,BP24091604,Tom
9/15/2024 0:00,AA324090027,Ken
9/15/2024 0:00,AA324090028,Ken
9/15/2024 0:00,AA324090029,Ken
9/15/2024 0:00,AA324090030,Ken
9/15/2024 0:00,AA324090031,Ken
9/15/2024 0:00,AA624090051,Don
9/15/2024 0:00,AA624090052,Don
9/15/2024 0:00,AA624090053,Don
9/15/2024 0:00,AA624090054,Don
9/15/2024 0:00,AA624090055,Don
9/15/2024 0:00,AA624090056,Don
9/15/2024 0:00,AA624090057,Don
9/15/2024 0:00,AA624090058,Don
9/15/2024 0:00,AA624090059,Don
9/15/2024 0:00,AA624090060,Don
9/15/2024 0:00,AA624090061,Don
9/15/2024 0:00,AA624090062,Don
9/15/2024 0:00,AA624090063,Don
9/15/2024 0:00,AA624090064,Don
9/15/2024 0:00,AA624090065,Don
9/15/2024 0:00,AA624090066,Don
9/15/2024 0:00,AA624090067,Don
9/15/2024 0:00,AA624090068,Don
9/15/2024 0:00,AA624090069,Don
9/15/2024 0:00,AA624090070,Don
9/15/2024 0:00,AA624090071,Don
9/15/2024 0:00,AA624090072,Don
9/15/2024 0:00,AA624090073,Don
9/15/2024 0:00,AA624090074,Don
9/15/2024 0:00,AA624090075,Don
9/15/2024 0:00,AA624090076,Don
9/15/2024 0:00,AA624090077,Don
9/15/2024 0:00,AA624090078,Don
9/15/2024 0:00,AA624090079,Don
9/15/2024 0:00,AA624090080,Don
9/16/2024 0:00,AL24090577,Ice
9/16/2024 0:00,AL24090578,Ice
9/16/2024 0:00,AL24090579,Ice
9/16/2024 0:00,AL24090580,Ice
9/16/2024 0:00,AL24090581,Ice
9/16/2024 0:00,AL24090582,Ice
9/16/2024 0:00,AL24090583,Ice
9/16/2024 0:00,AL24090584,Ice
9/16/2024 0:00,AL24090585,Ice
9/16/2024 0:00,AL24090586,Ice
9/16/2024 0:00,AL24090587,Ice
9/16/2024 0:00,AL24090588,Ice
9/16/2024 0:00,AL24090589,Ice
9/16/2024 0:00,AL24090590,Ice
9/16/2024 0:00,AL24090591,Ice
9/16/2024 0:00,AL24090592,Ice
9/16/2024 0:00,AL24090593,Ice
9/16/2024 0:00,AL24090594,Ice
9/16/2024 0:00,AL24090595,Ice
9/16/2024 0:00,AL24090596,Ice
9/16/2024 0:00,BSF24090982,Ice
9/16/2024 0:00,BSF24090983,Ice
9/16/2024 0:00,BSF24090984,Ice
9/16/2024 0:00,BSF24090985,Ice
9/16/2024 0:00,BSF24090986,Ice
9/16/2024 0:00,BSF24090987,Ice
9/16/2024 0:00,BSF24090988,Ice
9/16/2024 0:00,BSF24090989,Ice
9/16/2024 0:00,BSF24090990,Ice
9/16/2024 0:00,BSF24090991,Ice
9/16/2024 0:00,BSF24090992,Ice
9/16/2024 0:00,BSF24090993,Ice
9/16/2024 0:00,BSF24090994,Ice
9/16/2024 0:00,BSF24090995,Ice
9/16/2024 0:00,BSF24090996,Ice
9/16/2024 0:00,BSF24090997,Ice
9/16/2024 0:00,BSF24090998,Ice
9/16/2024 0:00,BSF24090999,Ice
9/16/2024 0:00,BSF24091000,Ice
9/16/2024 0:00,BSF24091001,Ice
9/16/2024 0:00,BSF24091002,Ice
9/16/2024 0:00,BSF24091003,Ice
9/16/2024 0:00,BSF24091004,Ice
9/16/2024 0:00,BSF24091005,Ice
9/16/2024 0:00,BSF24091006,Ice
9/16/2024 0:00,BSF24091007,Ice
9/16/2024 0:00,BSF24091008,Ice
9/16/2024 0:00,BSF24091009,Ice
9/16/2024 0:00,BSF24091010,Ice
9/16/2024 0:00,BSF24091011,Ice
9/16/2024 0:00,BSF24091012,Ice
9/16/2024 0:00,BSF24091013,Ice
9/16/2024 0:00,BSF24091014,Ice
9/16/2024 0:00,BSF24091015,Ice
9/16/2024 0:00,BSF24091016,Ice
9/16/2024 0:00,BSF24091017,Ice
9/16/2024 0:00,BSF24091018,Ice
9/16/2024 0:00,BSF24091019,Ice
9/16/2024 0:00,BSF24091020,Ice
9/16/2024 0:00,BSF24091021,Ice
9/16/2024 0:00,BSG24090314,Ice
9/16/2024 0:00,BSG24090315,Ice
9/16/2024 0:00,BSG24090316,Ice
9/16/2024 0:00,BSG24090317,Ice
9/16/2024 0:00,BSG24090318,Ice
9/16/2024 0:00,BSG24090319,Ice
9/16/2024 0:00,BSG24090320,Ice
9/16/2024 0:00,BSG24090321,Ice
9/16/2024 0:00,BSG24090322,Ice
9/16/2024 0:00,BSG24090323,Ice
9/16/2024 0:00,CC67091312,Kong
9/16/2024 0:00,CC67091313,Kong
9/16/2024 0:00,CC67091314,Kong
9/16/2024 0:00,CC67091315,Kong
9/16/2024 0:00,CC67091316,Kong
9/16/2024 0:00,CC67091317,Kong
9/16/2024 0:00,CC67091318,Kong
9/16/2024 0:00,CC67091319,Kong
9/16/2024 0:00,CC67091320,Kong
9/16/2024 0:00,CC67091321,Kong
9/16/2024 0:00,CI24091274,Ice
9/16/2024 0:00,CI24091275,Ice
9/16/2024 0:00,CI24091276,Ice
9/16/2024 0:00,CI24091277,Ice
9/16/2024 0:00,CI24091278,Ice
9/16/2024 0:00,CI24091279,Ice
9/16/2024 0:00,CI24091280,Ice
9/16/2024 0:00,CI24091281,Ice
9/16/2024 0:00,CI24091282,Ice
9/16/2024 0:00,CI24091283,Ice
9/16/2024 0:00,MC24091386,Ice
9/16/2024 0:00,MC24091387,Ice
9/16/2024 0:00,MC24091388,Ice
9/16/2024 0:00,MC24091389,Ice
9/16/2024 0:00,MC24091390,Ice
9/16/2024 0:00,MC24091391,Ice
9/16/2024 0:00,MC24091392,Ice
9/16/2024 0:00,MC24091393,Ice
9/16/2024 0:00,MC24091394,Ice
9/16/2024 0:00,MC24091395,Ice
9/16/2024 0:00,MC24091396,Ice
9/16/2024 0:00,MC24091397,Ice
9/16/2024 0:00,MC24091398,Ice
9/16/2024 0:00,MC24091399,Ice
9/16/2024 0:00,MC24091400,Ice
9/16/2024 0:00,MC24091401,Ice
9/16/2024 0:00,MC24091402,Ice
9/16/2024 0:00,MC24091403,Ice
9/16/2024 0:00,MC24091404,Ice
9/16/2024 0:00,MC24091405,Ice
9/16/2024 0:00,SW24090326,Ice
9/16/2024 0:00,SW24090327,Ice
9/16/2024 0:00,SW24090328,Ice
9/16/2024 0:00,SW24090329,Ice
9/16/2024 0:00,SW24090330,Ice
9/16/2024 0:00,SW24090331,Ice
9/16/2024 0:00,SW24090332,Ice
9/16/2024 0:00,SW24090333,Ice
9/16/2024 0:00,SW24090334,Ice
9/16/2024 0:00,SW24090335,Ice
9/16/2024 0:00,SW24090336,Ice
9/16/2024 0:00,SW24090337,Ice
9/16/2024 0:00,SW24090338,Ice
9/16/2024 0:00,SW24090339,Ice
9/16/2024 0:00,SW24090340,Ice
9/16/2024 0:00,SW24090341,Ice
9/16/2024 0:00,SW24090342,Ice
9/16/2024 0:00,SW24090343,Ice
9/16/2024 0:00,SW24090344,Ice
9/16/2024 0:00,SW24090345,Ice
9/23/2024 0:00,BP24091605,Tom
9/23/2024 0:00,BP24091606,Tom
9/23/2024 0:00,BP24091607,Tom
9/23/2024 0:00,BP24091608,Tom
9/23/2024 0:00,BP24091609,Tom
9/23/2024 0:00,BP24091610,Tom
9/23/2024 0:00,BP24091611,Tom
9/23/2024 0:00,BP24091612,Tom
9/23/2024 0:00,BP24091613,Tom
9/23/2024 0:00,BP24091614,Tom
9/25/2024 0:00,A204156096480015,Ken
9/25/2024 0:00,A204156096480044,Ken
9/25/2024 0:00,A204156096480071,Ken
9/25/2024 0:00,A204156096480118,Ken
9/25/2024 0:00,A204156096480286,Ken
9/26/2024 0:00,SC424100906,Ice
9/26/2024 0:00,SC424100907,Ice
9/26/2024 0:00,SC424100908,Ice
9/26/2024 0:00,SC424100909,Ice
9/26/2024 0:00,SC424100910,Ice
9/26/2024 0:00,SC424100911,Ice
9/26/2024 0:00,SC424100912,Ice
9/26/2024 0:00,SC424100913,Ice
9/26/2024 0:00,SC424100914,Ice
9/26/2024 0:00,SC424100915,Ice
9/26/2024 0:00,SC424100916,Ice
9/26/2024 0:00,SC424100917,Ice
9/26/2024 0:00,SC424100918,Ice
9/26/2024 0:00,SC424100919,Ice
9/26/2024 0:00,SC424100920,Ice
9/26/2024 0:00,SC424100921,Ice
9/26/2024 0:00,SC424100922,Ice
9/26/2024 0:00,SC424100923,Ice
9/26/2024 0:00,SC424100924,Ice
9/26/2024 0:00,SC424100925,Ice
9/28/2024 0:00,A204156096480167,Ken
9/28/2024 0:00,A204156096480187,Ken
9/28/2024 0:00,A204156096480291,Ken
9/28/2024 0:00,A204156096480328,Ken
9/28/2024 0:00,A204156096480383,Ken
9/30/2024 0:00,A204156096480129,Ken
9/30/2024 0:00,A204156096480130,Ken
9/30/2024 0:00,A204156096480132,Ken
9/30/2024 0:00,A204156096480133,Ken
9/30/2024 0:00,A204156096480135,Ken
9/30/2024 0:00,A204156096480136,Ken
9/30/2024 0:00,A204156096480137,Ken
9/30/2024 0:00,A204156096480138,Ken
9/30/2024 0:00,A204156096480143,Ken
9/30/2024 0:00,A204156096480144,Ken
10/1/2024 0:00,RM24100024,Ice
10/1/2024 0:00,RM24100025,Ice
10/4/2024 0:00,SC424100926,Ice
10/4/2024 0:00,SC424100927,Ice
10/4/2024 0:00,SC424100928,Ice
10/4/2024 0:00,SC424100929,Ice
10/4/2024 0:00,SC424100930,Ice
10/4/2024 0:00,SC424100931,Ice
10/4/2024 0:00,SC424100932,Ice
10/4/2024 0:00,SC424100933,Ice
10/4/2024 0:00,SC424100934,Ice
10/4/2024 0:00,SC424110935,Ice
10/4/2024 0:00,SC424110936,Ice
10/4/2024 0:00,SC424110937,Ice
10/4/2024 0:00,SC424110938,Ice
10/4/2024 0:00,SC424110939,Ice
10/4/2024 0:00,SC424110940,Ice
10/4/2024 0:00,SC424110941,Ice
10/4/2024 0:00,SC424110942,Ice
10/4/2024 0:00,SC424110943,Ice
10/4/2024 0:00,SC424110944,Ice
10/4/2024 0:00,SC424110945,Ice
10/5/2024 0:00,BM24101281,Tom
10/5/2024 0:00,BM24101282,Tom
10/5/2024 0:00,BM24101283,Tom
10/5/2024 0:00,BM24101284,Tom
10/5/2024 0:00,BM24101285,Tom
10/5/2024 0:00,BM24101286,Tom
10/5/2024 0:00,BM24101287,Tom
10/5/2024 0:00,BM24101288,Tom
10/5/2024 0:00,BM24101289,Tom
10/5/2024 0:00,BM24101290,Tom
10/11/2024 0:00,BP24101615,Tom
10/11/2024 0:00,BP24101616,Tom
10/11/2024 0:00,BP24101617,Tom
10/11/2024 0:00,BP24101618,Tom
10/11/2024 0:00,BP24101619,Tom
10/11/2024 0:00,BP24101620,Tom
10/11/2024 0:00,BP24101621,Tom
10/11/2024 0:00,BP24101622,Tom
10/11/2024 0:00,BP24101623,Tom
10/11/2024 0:00,BP24101624,Tom
10/11/2024 0:00,SC424110946,Ice
10/11/2024 0:00,SC424110947,Ice
10/11/2024 0:00,SC424110948,Ice
10/11/2024 0:00,SC424110949,Ice
10/11/2024 0:00,SC424110950,Ice
10/11/2024 0:00,SC424110951,Ice
10/11/2024 0:00,SC424110952,Ice
10/11/2024 0:00,SC424110953,Ice
10/11/2024 0:00,SC424110954,Ice
10/11/2024 0:00,SC424110955,Ice
10/15/2024 0:00,AA1224100152,Don
10/15/2024 0:00,AA1224100153,Don
10/15/2024 0:00,AA1224100154,Don
10/15/2024 0:00,AA1224100155,Don
10/15/2024 0:00,AA1224100156,Don
10/15/2024 0:00,AA1224100157,Don
10/15/2024 0:00,AA1224100158,Don
10/15/2024 0:00,AA1224100159,Don
10/15/2024 0:00,AA1224100160,Don
10/15/2024 0:00,AA1224100161,Don
10/15/2024 0:00,AA324100032,Ken
10/15/2024 0:00,AA324100033,Ken
10/15/2024 0:00,AA324100034,Ken
10/15/2024 0:00,AA324100035,Ken
10/15/2024 0:00,AA624100081,Don
10/15/2024 0:00,AA624100082,Don
10/15/2024 0:00,AA624100083,Don
10/15/2024 0:00,AA624100084,Don
10/15/2024 0:00,AA624100085,Don
10/15/2024 0:00,AA624100086,Don
10/15/2024 0:00,AA624100087,Don
10/15/2024 0:00,AA624100088,Don
10/15/2024 0:00,AA624100089,Don
10/15/2024 0:00,AA624100090,Don
10/15/2024 0:00,AL24100597,Ice
10/15/2024 0:00,AL24100598,Ice
10/15/2024 0:00,AL24100599,Ice
10/15/2024 0:00,AL24100600,Ice
10/15/2024 0:00,AL24100601,Ice
10/15/2024 0:00,AL24100602,Ice
10/15/2024 0:00,AL24100603,Ice
10/15/2024 0:00,AL24100604,Ice
10/15/2024 0:00,AL24100605,Ice
10/15/2024 0:00,AL24100606,Ice
10/15/2024 0:00,AL24100607,Ice
10/15/2024 0:00,AL24100608,Ice
10/15/2024 0:00,AL24100609,Ice
10/15/2024 0:00,AL24100610,Ice
10/15/2024 0:00,AL24100611,Ice
10/15/2024 0:00,AL24100612,Ice
10/15/2024 0:00,AL24100613,Ice
10/15/2024 0:00,AL24100614,Ice
10/15/2024 0:00,AL24100615,Ice
10/15/2024 0:00,AL24100616,Ice
10/15/2024 0:00,BSF24101022,Ice
10/15/2024 0:00,BSF24101023,Ice
10/15/2024 0:00,BSF24101024,Ice
10/15/2024 0:00,BSF24101025,Ice
10/15/2024 0:00,BSF24101026,Ice
10/15/2024 0:00,BSF24101027,Ice
10/15/2024 0:00,BSF24101028,Ice
10/15/2024 0:00,BSF24101029,Ice
10/15/2024 0:00,BSF24101030,Ice
10/15/2024 0:00,BSF24101031,Ice
10/15/2024 0:00,CI24101284,Ice
10/15/2024 0:00,CI24101285,Ice
10/15/2024 0:00,CI24101286,Ice
10/15/2024 0:00,CI24101287,Ice
10/15/2024 0:00,CI24101288,Ice
10/15/2024 0:00,CI24101289,Ice
10/15/2024 0:00,CI24101290,Ice
10/15/2024 0:00,CI24101291,Ice
10/15/2024 0:00,CI24101292,Ice
10/15/2024 0:00,CI24101293,Ice
10/15/2024 0:00,MC24101406,Ice
10/15/2024 0:00,MC24101407,Ice
10/15/2024 0:00,MC24101408,Ice
10/15/2024 0:00,MC24101409,Ice
10/15/2024 0:00,MC24101410,Ice
10/15/2024 0:00,MC24101411,Ice
10/15/2024 0:00,MC24101412,Ice
10/15/2024 0:00,MC24101413,Ice
10/15/2024 0:00,MC24101414,Ice
10/15/2024 0:00,MC24101415,Ice
10/15/2024 0:00,MC24101416,Ice
10/15/2024 0:00,MC24101417,Ice
10/15/2024 0:00,MC24101418,Ice
10/15/2024 0:00,MC24101419,Ice
10/15/2024 0:00,MC24101420,Ice
10/15/2024 0:00,MC24101421,Ice
10/15/2024 0:00,MC24101422,Ice
10/15/2024 0:00,MC24101423,Ice
10/15/2024 0:00,MC24101424,Ice
10/15/2024 0:00,MC24101425,Ice
10/15/2024 0:00,SC424110956,Ice
10/15/2024 0:00,SC424110957,Ice
10/15/2024 0:00,SC424110958,Ice
10/15/2024 0:00,SC424110959,Ice
10/15/2024 0:00,SC424110960,Ice
10/15/2024 0:00,SC424110961,Ice
10/15/2024 0:00,SC424110962,Ice
10/15/2024 0:00,SC424110963,Ice
10/15/2024 0:00,SC424110964,Ice
10/15/2024 0:00,SC424110965,Ice
10/15/2024 0:00,SC424110966,Ice
10/15/2024 0:00,SC424110967,Ice
10/15/2024 0:00,SC424110968,Ice
10/15/2024 0:00,SC424110969,Ice
10/15/2024 0:00,SC424110970,Ice
10/15/2024 0:00,SC424110971,Ice
10/15/2024 0:00,SC424110972,Ice
10/15/2024 0:00,SC424110973,Ice
10/15/2024 0:00,SC424110974,Ice
10/15/2024 0:00,SC424110975,Ice
10/15/2024 0:00,SCS24100031,Ice
10/15/2024 0:00,SCS24100032,Ice
10/15/2024 0:00,SCS24100033,Ice
10/15/2024 0:00,SCS24100034,Ice
10/15/2024 0:00,SCS24100035,Ice
10/15/2024 0:00,SCS24100036,Ice
10/15/2024 0:00,SCS24100037,Ice
10/15/2024 0:00,SCS24100038,Ice
10/15/2024 0:00,SCS24100039,Ice
10/22/2024 0:00,SC424110976,Ice
10/22/2024 0:00,SC424110977,Ice
10/22/2024 0:00,SC424110978,Ice
10/22/2024 0:00,SC424110979,Ice
10/22/2024 0:00,SC424110980,Ice
10/22/2024 0:00,SC424110981,Ice
10/22/2024 0:00,SC424110982,Ice
10/22/2024 0:00,SC424110983,Ice
10/22/2024 0:00,SC424110984,Ice
10/22/2024 0:00,SC424110985,Ice
10/25/2024 0:00,A204156096480121,Ken
10/25/2024 0:00,A204156096480122,Ken
10/25/2024 0:00,A204156096480123,Ken
10/25/2024 0:00,A204156096480124,Ken
10/25/2024 0:00,A204156096480125,Ken
10/25/2024 0:00,A204156096480126,Ken
10/25/2024 0:00,A204156096480127,Ken
10/25/2024 0:00,A204156096480128,Ken
10/25/2024 0:00,A204156096480131,Ken
10/25/2024 0:00,A204156096480134,Ken
10/25/2024 0:00,BP24101625,Tom
10/25/2024 0:00,BP24101626,Tom
10/25/2024 0:00,BP24101627,Tom
10/25/2024 0:00,BP24101628,Tom
10/25/2024 0:00,BP24101629,Tom
10/25/2024 0:00,BP24101630,Tom
10/25/2024 0:00,BP24101631,Tom
10/25/2024 0:00,BP24101632,Tom
10/25/2024 0:00,BP24101633,Tom
10/25/2024 0:00,BP24101634,Tom
10/29/2024 0:00,SC424110986,Ice
10/29/2024 0:00,SC424110987,Ice
10/29/2024 0:00,SC424110988,Ice
10/29/2024 0:00,SC424110989,Ice
10/29/2024 0:00,SC424110990,Ice
10/29/2024 0:00,SC424110991,Ice
10/29/2024 0:00,SC424110992,Ice
10/29/2024 0:00,SC424110993,Ice
10/29/2024 0:00,SC424110994,Ice
10/29/2024 0:00,SC424110995,Ice
10/29/2024 0:00,SC424110996,Ice
10/29/2024 0:00,SC424120997,Ice
10/29/2024 0:00,SC424120998,Ice
10/29/2024 0:00,SC424120999,Ice
10/29/2024 0:00,SC424121000,Ice
10/29/2024 0:00,SC424121001,Ice
10/29/2024 0:00,SC424121002,Ice
10/29/2024 0:00,SC424121003,Ice
10/29/2024 0:00,SC424121004,Ice
10/29/2024 0:00,SC424121005,Ice
10/30/2024 0:00,A204156096480074,Ken
10/30/2024 0:00,A204156096480081,Ken
10/30/2024 0:00,A204156096480294,Ken
10/30/2024 0:00,A204156096480295,Ken
10/30/2024 0:00,A204156096480296,Ken
10/30/2024 0:00,A204156096480299,Ken
10/30/2024 0:00,A204156096480305,Ken
10/30/2024 0:00,A204156096480310,Ken
10/30/2024 0:00,A204156096480311,Ken
10/30/2024 0:00,A204156096480312,Ken
11/1/2024 0:00,A204156096480085,Ken
11/1/2024 0:00,A204156096480086,Ken
11/1/2024 0:00,A204156096480091,Ken
11/1/2024 0:00,A204156096480092,Ken
11/1/2024 0:00,A204156096480093,Ken
11/1/2024 0:00,A204156096480094,Ken
11/1/2024 0:00,A204156096480095,Ken
11/1/2024 0:00,A204156096480096,Ken
11/1/2024 0:00,A204156096480289,Ken
11/1/2024 0:00,A204156096480304,Ken
11/2/2024 0:00,BS24110326,Ice
11/2/2024 0:00,BS24110327,Ice
11/2/2024 0:00,BS24110328,Ice
11/2/2024 0:00,BS24110329,Ice
11/2/2024 0:00,BS24110330,Ice
11/2/2024 0:00,BS24110331,Ice
11/2/2024 0:00,BS24110332,Ice
11/2/2024 0:00,BS24110333,Ice
11/2/2024 0:00,BS24110334,Ice
11/2/2024 0:00,BS24110335,Ice
11/7/2024 0:00,BM24111291,Tom
11/7/2024 0:00,BM24111292,Tom
11/7/2024 0:00,BM24111293,Tom
11/7/2024 0:00,BM24111294,Tom
11/7/2024 0:00,BM24111295,Tom
11/7/2024 0:00,BM24111296,Tom
11/7/2024 0:00,BM24111297,Tom
11/7/2024 0:00,BM24111298,Tom
11/7/2024 0:00,BM24111299,Tom
11/7/2024 0:00,BM24111300,Tom
11/11/2024 0:00,A204156096480051,Ken
11/11/2024 0:00,A204156096480057,Ken
11/11/2024 0:00,A204156096480063,Ken
11/11/2024 0:00,A204156096480064,Ken
11/11/2024 0:00,A204156096480316,Ken
11/14/2024 0:00,A204156096480050,Ken
11/14/2024 0:00,A204156096480053,Ken
11/14/2024 0:00,A204156096480073,Ken
11/14/2024 0:00,A204156096480075,Ken
11/14/2024 0:00,A204156096480077,Ken
11/14/2024 0:00,A204156096480080,Ken
11/14/2024 0:00,A204156096480084,Ken
11/14/2024 0:00,A204156096480087,Ken
11/14/2024 0:00,A204156096480088,Ken
11/14/2024 0:00,A204156096480300,Ken
11/14/2024 0:00,A204156096480313,Ken
11/14/2024 0:00,A204156096480321,Ken
11/14/2024 0:00,A204156096480323,Ken
11/14/2024 0:00,A204156096480398,Ken
11/14/2024 0:00,A204156096480402,Ken
11/14/2024 0:00,SC424121006,Ice
11/14/2024 0:00,SC424121007,Ice
11/14/2024 0:00,SC424121008,Ice
11/14/2024 0:00,SC424121009,Ice
11/14/2024 0:00,SC424121010,Ice
11/14/2024 0:00,SC424121011,Ice
11/14/2024 0:00,SC424121012,Ice
11/14/2024 0:00,SC424121013,Ice
11/14/2024 0:00,SC424121014,Ice
11/14/2024 0:00,SC424121015,Ice
11/14/2024 0:00,SC424121016,Ice
11/14/2024 0:00,SC425011017,Ice
11/14/2024 0:00,SC425011018,Ice
11/14/2024 0:00,SC425011019,Ice
11/14/2024 0:00,SC425011020,Ice
11/14/2024 0:00,SC425011021,Ice
11/14/2024 0:00,SC425011022,Ice
11/14/2024 0:00,SC425011023,Ice
11/14/2024 0:00,SC425011024,Ice
11/14/2024 0:00,SC425011025,Ice
11/14/2024 0:00,SC425011026,Ice
11/14/2024 0:00,SC425011027,Ice
11/14/2024 0:00,SC425011028,Ice
11/14/2024 0:00,SC425011029,Ice
11/14/2024 0:00,SC425011030,Ice
11/14/2024 0:00,SC425011031,Ice
11/14/2024 0:00,SC425011032,Ice
11/14/2024 0:00,SC425011033,Ice
11/14/2024 0:00,SC425011034,Ice
11/14/2024 0:00,SC425011035,Ice
11/14/2024 0:00,SC425011036,Ice
11/14/2024 0:00,SC425011037,Ice
11/14/2024 0:00,SC425011038,Ice
11/14/2024 0:00,SC425011039,Ice
11/14/2024 0:00,SC425011040,Ice
11/14/2024 0:00,SC425011041,Ice
11/14/2024 0:00,SC425011042,Ice
11/14/2024 0:00,SC425011043,Ice
11/14/2024 0:00,SC425011044,Ice
11/14/2024 0:00,SC425011045,Ice
11/14/2024 0:00,SC425011046,Ice
11/15/2024 0:00,AA1224110162,Don
11/15/2024 0:00,AA1224110163,Don
11/15/2024 0:00,AA1224110164,Don
11/15/2024 0:00,AA1224110165,Don
11/15/2024 0:00,AA1224110166,Don
11/15/2024 0:00,AA1224110167,Don
11/15/2024 0:00,AA1224110168,Don
11/15/2024 0:00,AA1224110169,Don
11/15/2024 0:00,AA1224110170,Don
11/15/2024 0:00,AA1224110171,Don
11/15/2024 0:00,AA324110036,Ken
11/15/2024 0:00,AA324110037,Ken
11/15/2024 0:00,AA324110038,Ken
11/15/2024 0:00,AA324110039,Ken
11/15/2024 0:00,AA324110040,Ken
11/15/2024 0:00,AA324110041,Ken
11/15/2024 0:00,AA324110042,Ken
11/15/2024 0:00,AA324110043,Ken
11/15/2024 0:00,AA324110044,Ken
11/15/2024 0:00,AA324110045,Ken
11/15/2024 0:00,AA624110091,Don
11/15/2024 0:00,AA624110092,Don
11/15/2024 0:00,AA624110093,Don
11/15/2024 0:00,AA624110094,Don
11/15/2024 0:00,AA624110095,Don
11/15/2024 0:00,AA624110096,Don
11/15/2024 0:00,AA624110097,Don
11/15/2024 0:00,AA624110098,Don
11/15/2024 0:00,AA624110099,Don
11/15/2024 0:00,AA624110100,Don
11/15/2024 0:00,AL24110617,Ice
11/15/2024 0:00,AL24110618,Ice
11/15/2024 0:00,AL24110619,Ice
11/15/2024 0:00,AL24110620,Ice
11/15/2024 0:00,AL24110621,Ice
11/15/2024 0:00,AL24110622,Ice
11/15/2024 0:00,AL24110623,Ice
11/15/2024 0:00,AL24110624,Ice
11/15/2024 0:00,AL24110625,Ice
11/15/2024 0:00,AL24110626,Ice
11/15/2024 0:00,AL24110627,Ice
11/15/2024 0:00,AL24110628,Ice
11/15/2024 0:00,AL24110629,Ice
11/15/2024 0:00,AL24110630,Ice
11/15/2024 0:00,AL24110631,Ice
11/15/2024 0:00,AL24110632,Ice
11/15/2024 0:00,AL24110633,Ice
11/15/2024 0:00,AL24110634,Ice
11/15/2024 0:00,AL24110635,Ice
11/15/2024 0:00,AL24110636,Ice
11/15/2024 0:00,BSF24111032,Ice
11/15/2024 0:00,BSF24111033,Ice
11/15/2024 0:00,BSF24111034,Ice
11/15/2024 0:00,BSF24111035,Ice
11/15/2024 0:00,BSF24111036,Ice
11/15/2024 0:00,BSF24111037,Ice
11/15/2024 0:00,BSF24111038,Ice
11/15/2024 0:00,BSF24111039,Ice
11/15/2024 0:00,BSF24111040,Ice
11/15/2024 0:00,BSF24111041,Ice
11/15/2024 0:00,BSF24111042,Ice
11/15/2024 0:00,BSF24111043,Ice
11/15/2024 0:00,BSF24111044,Ice
11/15/2024 0:00,BSF24111045,Ice
11/15/2024 0:00,BSF24111046,Ice
11/15/2024 0:00,BSF24111047,Ice
11/15/2024 0:00,BSF24111048,Ice
11/15/2024 0:00,BSF24111049,Ice
11/15/2024 0:00,BSF24111050,Ice
11/15/2024 0:00,BSF24111051,Ice
11/15/2024 0:00,CC67111322,Kong
11/15/2024 0:00,CC67111323,Kong
11/15/2024 0:00,CC67111324,Kong
11/15/2024 0:00,CC67111325,Kong
11/15/2024 0:00,CC67111326,Kong
11/15/2024 0:00,CC67111327,Kong
11/15/2024 0:00,CC67111328,Kong
11/15/2024 0:00,CC67111329,Kong
11/15/2024 0:00,CC67111330,Kong
11/15/2024 0:00,CC67111331,Kong
11/15/2024 0:00,CC67111332,Kong
11/15/2024 0:00,CC67111333,Kong
11/15/2024 0:00,CC67111334,Kong
11/15/2024 0:00,CC67111335,Kong
11/15/2024 0:00,CC67111336,Kong
11/15/2024 0:00,CC67111337,Kong
11/15/2024 0:00,CC67111338,Kong
11/15/2024 0:00,CC67111339,Kong
11/15/2024 0:00,CC67111340,Kong
11/15/2024 0:00,CC67111341,Kong
11/15/2024 0:00,CI24111294,Ice
11/15/2024 0:00,CI24111295,Ice
11/15/2024 0:00,CI24111296,Ice
11/15/2024 0:00,CI24111297,Ice
11/15/2024 0:00,CI24111298,Ice
11/15/2024 0:00,CI24111299,Ice
11/15/2024 0:00,CI24111300,Ice
11/15/2024 0:00,CI24111301,Ice
11/15/2024 0:00,CI24111302,Ice
11/15/2024 0:00,CI24111303,Ice
11/15/2024 0:00,MC24111426,Ice
11/15/2024 0:00,MC24111427,Ice
11/15/2024 0:00,MC24111428,Ice
11/15/2024 0:00,MC24111429,Ice
11/15/2024 0:00,MC24111430,Ice
11/15/2024 0:00,MC24111431,Ice
11/15/2024 0:00,MC24111432,Ice
11/15/2024 0:00,MC24111433,Ice
11/15/2024 0:00,MC24111434,Ice
11/15/2024 0:00,MC24111435,Ice
11/15/2024 0:00,MC24111436,Ice
11/15/2024 0:00,MC24111437,Ice
11/15/2024 0:00,MC24111438,Ice
11/15/2024 0:00,MC24111439,Ice
11/15/2024 0:00,MC24111440,Ice
11/15/2024 0:00,MC24111441,Ice
11/15/2024 0:00,MC24111442,Ice
11/15/2024 0:00,MC24111443,Ice
11/15/2024 0:00,MC24111444,Ice
11/15/2024 0:00,MC24111445,Ice
11/15/2024 0:00,MC24111446,Ice
11/15/2024 0:00,MC24111447,Ice
11/15/2024 0:00,MC24111448,Ice
11/15/2024 0:00,MC24111449,Ice
11/15/2024 0:00,MC24111450,Ice
11/15/2024 0:00,MC24111451,Ice
11/15/2024 0:00,MC24111452,Ice
11/15/2024 0:00,MC24111453,Ice
11/15/2024 0:00,MC24111454,Ice
11/15/2024 0:00,MC24111455,Ice
11/15/2024 0:00,MC24111456,Ice
11/15/2024 0:00,MC24111457,Ice
11/15/2024 0:00,MC24111458,Ice
11/15/2024 0:00,MC24111459,Ice
11/15/2024 0:00,MC24111460,Ice
11/15/2024 0:00,MC24111461,Ice
11/15/2024 0:00,MC24111462,Ice
11/15/2024 0:00,MC24111463,Ice
11/15/2024 0:00,MC24111464,Ice
11/15/2024 0:00,MC24111465,Ice
11/15/2024 0:00,SCS24110040,Ice
11/15/2024 0:00,SCS24110041,Ice
11/15/2024 0:00,SCS24110042,Ice
11/15/2024 0:00,SCS24110043,Ice
11/15/2024 0:00,SCS24110044,Ice
11/15/2024 0:00,SCS24110045,Ice
11/15/2024 0:00,SCS24110046,Ice
11/15/2024 0:00,SCS24110047,Ice
11/15/2024 0:00,SCS24110048,Ice
11/15/2024 0:00,SCS24110049,Ice
11/15/2024 0:00,SCS24110050,Ice
11/15/2024 0:00,SCS24110051,Ice
11/15/2024 0:00,SCS24110052,Ice
11/15/2024 0:00,SCS24110053,Ice
11/15/2024 0:00,SCS24110054,Ice
11/15/2024 0:00,SCS24110055,Ice
11/15/2024 0:00,SCS24110056,Ice
11/15/2024 0:00,SCS24110057,Ice
11/15/2024 0:00,SCS24110058,Ice
11/15/2024 0:00,SCS24110059,Ice
11/15/2024 0:00,SCS24110060,Ice
11/15/2024 0:00,SW24110346,Ice
11/15/2024 0:00,SW24110347,Ice
11/15/2024 0:00,SW24110348,Ice
11/15/2024 0:00,SW24110349,Ice
11/15/2024 0:00,SW24110350,Ice
11/15/2024 0:00,SW24110351,Ice
11/15/2024 0:00,SW24110352,Ice
11/15/2024 0:00,SW24110353,Ice
11/15/2024 0:00,SW24110354,Ice
11/15/2024 0:00,SW24110355,Ice
11/15/2024 0:00,SW24110356,Ice
11/15/2024 0:00,SW24110357,Ice
11/15/2024 0:00,SW24110358,Ice
11/15/2024 0:00,SW24110359,Ice
11/15/2024 0:00,SW24110360,Ice
11/15/2024 0:00,SW24110361,Ice
11/15/2024 0:00,SW24110362,Ice
11/15/2024 0:00,SW24110363,Ice
11/15/2024 0:00,SW24110364,Ice
11/15/2024 0:00,SW24110365,Ice
11/15/2024 0:00,SW24110366,Ice
11/18/2024 0:00,BP24111635,Tom
11/18/2024 0:00,BP24111636,Tom
11/18/2024 0:00,BP24111637,Tom
11/18/2024 0:00,BP24111638,Tom
11/18/2024 0:00,BP24111639,Tom
11/18/2024 0:00,BP24111640,Tom
11/18/2024 0:00,BP24111641,Tom
11/18/2024 0:00,BP24111642,Tom
11/18/2024 0:00,BP24111643,Tom
11/18/2024 0:00,BP24111644,Tom
11/22/2024 0:00,BM24111301,Tom
11/22/2024 0:00,BM24111302,Tom
11/22/2024 0:00,BM24111303,Tom
11/22/2024 0:00,BM24111304,Tom
11/22/2024 0:00,BM24111305,Tom
11/22/2024 0:00,BM24111306,Tom
11/22/2024 0:00,BM24111307,Tom
11/22/2024 0:00,BM24111308,Tom
11/22/2024 0:00,BM24111309,Tom
11/22/2024 0:00,BM24111310,Tom
11/27/2024 0:00,BS24110336,Ice
11/27/2024 0:00,BS24110337,Ice
11/27/2024 0:00,BS24110338,Ice
11/27/2024 0:00,BS24110339,Ice
11/27/2024 0:00,BS24110340,Ice
11/27/2024 0:00,BS24110341,Ice
11/27/2024 0:00,BS24110342,Ice
11/27/2024 0:00,BS24110343,Ice
11/27/2024 0:00,BS24110344,Ice
11/27/2024 0:00,BS24110345,Ice
11/30/2024 0:00,A204156096480146,Ken
11/30/2024 0:00,A204156096480147,Ken
11/30/2024 0:00,A204156096480148,Ken
11/30/2024 0:00,A204156096480149,Ken
11/30/2024 0:00,A204156096480152,Ken
11/30/2024 0:00,A204156096480154,Ken
11/30/2024 0:00,A204156096480155,Ken
11/30/2024 0:00,A204156096480156,Ken
11/30/2024 0:00,A204156096480157,Ken
11/30/2024 0:00,A204156096480160,Ken
11/30/2024 0:00,A204156096480161,Ken
11/30/2024 0:00,A204156096480163,Ken
11/30/2024 0:00,A204156096480165,Ken
11/30/2024 0:00,A204156096480166,Ken
11/30/2024 0:00,A204156096480249,Ken
11/30/2024 0:00,A204156096480254,Ken
11/30/2024 0:00,A204156096480257,Ken
11/30/2024 0:00,A204156096480303,Ken
11/30/2024 0:00,A204156096480306,Ken
11/30/2024 0:00,A204156096480309,Ken
12/12/2024 0:00,BP24121645,Tom
12/12/2024 0:00,BP24121646,Tom
12/12/2024 0:00,BP24121647,Tom
12/12/2024 0:00,BP24121648,Tom
12/12/2024 0:00,BP24121649,Tom
12/12/2024 0:00,BP24121650,Tom
12/12/2024 0:00,BP24121651,Tom
12/12/2024 0:00,BP24121652,Tom
12/12/2024 0:00,BP24121653,Tom
12/12/2024 0:00,BP24121654,Tom
12/12/2024 0:00,BS24120346,Ice
12/12/2024 0:00,BS24120347,Ice
12/12/2024 0:00,BS24120348,Ice
12/12/2024 0:00,BS24120349,Ice
12/12/2024 0:00,BS24120350,Ice
12/12/2024 0:00,BS24120351,Ice
12/12/2024 0:00,BS24120352,Ice
12/12/2024 0:00,BS24120353,Ice
12/12/2024 0:00,BS24120354,Ice
12/12/2024 0:00,BS24120355,Ice
12/15/2024 0:00,AA1224120172,Don
12/15/2024 0:00,AA1224120173,Don
12/15/2024 0:00,AA1224120174,Don
12/15/2024 0:00,AA1224120175,Don
12/15/2024 0:00,AA1224120176,Don
12/15/2024 0:00,AA1224120177,Don
12/15/2024 0:00,AA1224120178,Don
12/15/2024 0:00,AA1224120179,Don
12/15/2024 0:00,AA1224120180,Don
12/15/2024 0:00,AA1224120181,Don
12/15/2024 0:00,AA1224120182,Don
12/15/2024 0:00,AA1224120183,Don
12/15/2024 0:00,AA1224120184,Don
12/15/2024 0:00,AA1224120185,Don
12/15/2024 0:00,AA1224120186,Don
12/15/2024 0:00,AA1224120187,Don
12/15/2024 0:00,AA1224120188,Don
12/15/2024 0:00,AA1224120189,Don
12/15/2024 0:00,AA1224120190,Don
12/15/2024 0:00,AA1224120191,Don
12/15/2024 0:00,AA324120046,Ken
12/15/2024 0:00,AA324120047,Ken
12/15/2024 0:00,AA324120048,Ken
12/15/2024 0:00,AA324120049,Ken
12/15/2024 0:00,AA324120050,Ken
12/15/2024 0:00,AA324120051,Ken
12/15/2024 0:00,AA324120052,Ken
12/15/2024 0:00,AA324120053,Ken
12/15/2024 0:00,AA324120054,Ken
12/15/2024 0:00,AA324120055,Ken
12/16/2024 0:00,A204156096480018,Ken
12/16/2024 0:00,A204156096480019,Ken
12/16/2024 0:00,A204156096480098,Ken
12/16/2024 0:00,A204156096480100,Ken
12/16/2024 0:00,A204156096480103,Ken
12/16/2024 0:00,A204156096480107,Ken
12/16/2024 0:00,A204156096480108,Ken
12/16/2024 0:00,A204156096480110,Ken
12/16/2024 0:00,A204156096480113,Ken
12/16/2024 0:00,A204156096480120,Ken
12/16/2024 0:00,A204156096480173,Ken
12/16/2024 0:00,A204156096480174,Ken
12/16/2024 0:00,A204156096480178,Ken
12/16/2024 0:00,A204156096480179,Ken
12/16/2024 0:00,A204156096480184,Ken
12/16/2024 0:00,A204156096480185,Ken
12/16/2024 0:00,A204156096480188,Ken
12/16/2024 0:00,A204156096480373,Ken
12/16/2024 0:00,A204156096480379,Ken
12/16/2024 0:00,A204156096480384,Ken
12/16/2024 0:00,AL24120637,Ice
12/16/2024 0:00,AL24120638,Ice
12/16/2024 0:00,AL24120639,Ice
12/16/2024 0:00,AL24120640,Ice
12/16/2024 0:00,AL24120641,Ice
12/16/2024 0:00,AL24120642,Ice
12/16/2024 0:00,AL24120643,Ice
12/16/2024 0:00,AL24120644,Ice
12/16/2024 0:00,AL24120645,Ice
12/16/2024 0:00,AL24120646,Ice
12/16/2024 0:00,AL24120647,Ice
12/16/2024 0:00,AL24120648,Ice
12/16/2024 0:00,AL24120649,Ice
12/16/2024 0:00,AL24120650,Ice
12/16/2024 0:00,AL24120651,Ice
12/16/2024 0:00,AL24120652,Ice
12/16/2024 0:00,AL24120653,Ice
12/16/2024 0:00,AL24120654,Ice
12/16/2024 0:00,AL24120655,Ice
12/16/2024 0:00,AL24120656,Ice
12/16/2024 0:00,AL24120657,Ice
12/16/2024 0:00,AL24120658,Ice
12/16/2024 0:00,AL24120659,Ice
12/16/2024 0:00,AL24120660,Ice
12/16/2024 0:00,AL24120661,Ice
12/16/2024 0:00,AL24120662,Ice
12/16/2024 0:00,AL24120663,Ice
12/16/2024 0:00,AL24120664,Ice
12/16/2024 0:00,AL24120665,Ice
12/16/2024 0:00,AL24120666,Ice
12/16/2024 0:00,AL24120667,Ice
12/16/2024 0:00,AL24120668,Ice
12/16/2024 0:00,AL24120669,Ice
12/16/2024 0:00,AL24120670,Ice
12/16/2024 0:00,AL24120671,Ice
12/16/2024 0:00,AL24120672,Ice
12/16/2024 0:00,AL24120673,Ice
12/16/2024 0:00,AL24120674,Ice
12/16/2024 0:00,AL24120675,Ice
12/16/2024 0:00,AL24120676,Ice
12/16/2024 0:00,BSF24121052,Ice
12/16/2024 0:00,BSF24121053,Ice
12/16/2024 0:00,BSF24121054,Ice
12/16/2024 0:00,BSF24121055,Ice
12/16/2024 0:00,BSF24121056,Ice
12/16/2024 0:00,BSF24121057,Ice
12/16/2024 0:00,BSF24121058,Ice
12/16/2024 0:00,BSF24121059,Ice
12/16/2024 0:00,BSF24121060,Ice
12/16/2024 0:00,BSF24121061,Ice
12/16/2024 0:00,BSF24121062,Ice
12/16/2024 0:00,BSG24120324,Ice
12/16/2024 0:00,BSG24120325,Ice
12/16/2024 0:00,BSG24120326,Ice
12/16/2024 0:00,BSG24120327,Ice
12/16/2024 0:00,BSG24120328,Ice
12/16/2024 0:00,BSG24120329,Ice
12/16/2024 0:00,BSG24120330,Ice
12/16/2024 0:00,BSG24120331,Ice
12/16/2024 0:00,BSG24120332,Ice
12/16/2024 0:00,BSG24120333,Ice
12/16/2024 0:00,CI24121304,Ice
12/16/2024 0:00,CI24121305,Ice
12/16/2024 0:00,CI24121306,Ice
12/16/2024 0:00,CI24121307,Ice
12/16/2024 0:00,CI24121308,Ice
12/16/2024 0:00,CI24121309,Ice
12/16/2024 0:00,CI24121310,Ice
12/16/2024 0:00,CI24121311,Ice
12/16/2024 0:00,CI24121312,Ice
12/16/2024 0:00,CI24121313,Ice
12/16/2024 0:00,SCS24120061,Ice
12/16/2024 0:00,SCS24120062,Ice
12/16/2024 0:00,SCS24120063,Ice
12/16/2024 0:00,SCS24120064,Ice
12/20/2024 0:00,BP24121655,Tom
12/20/2024 0:00,BP24121656,Tom
12/20/2024 0:00,BP24121657,Tom
12/20/2024 0:00,BP24121658,Tom
12/20/2024 0:00,BP24121659,Tom
12/20/2024 0:00,BP24121660,Tom
12/20/2024 0:00,BP24121661,Tom
12/20/2024 0:00,BP24121662,Tom
12/20/2024 0:00,BP24121663,Tom
12/20/2024 0:00,BP24121664,Tom
12/20/2024 0:00,BS24120356,Ice
12/20/2024 0:00,BS24120357,Ice
12/20/2024 0:00,BS24120358,Ice
12/20/2024 0:00,BS24120359,Ice
12/20/2024 0:00,BS24120360,Ice
12/20/2024 0:00,BS24120361,Ice
12/20/2024 0:00,BS24120362,Ice
12/20/2024 0:00,BS24120363,Ice
12/20/2024 0:00,BS24120364,Ice
12/20/2024 0:00,BS24120365,Ice
12/23/2024 0:00,A204156096480001,Ken
12/23/2024 0:00,A204156096480023,Ken
12/23/2024 0:00,A204156096480069,Ken
12/23/2024 0:00,A204156096480180,Ken
12/23/2024 0:00,A204156096480189,Ken
12/23/2024 0:00,A204156096480361,Ken
12/23/2024 0:00,A204156096480372,Ken
12/23/2024 0:00,A204156096480378,Ken
12/23/2024 0:00,A204156096480382,Ken
12/23/2024 0:00,A204156096480404,Ken
12/26/2024 0:00,BS24120366,Ice
12/26/2024 0:00,BS24120367,Ice
12/26/2024 0:00,BS24120368,Ice
12/26/2024 0:00,BS24120369,Ice
12/26/2024 0:00,BS24120370,Ice
12/26/2024 0:00,BS24120371,Ice
12/26/2024 0:00,BS24120372,Ice
12/26/2024 0:00,BS24120373,Ice
12/26/2024 0:00,BS24120374,Ice
12/26/2024 0:00,BS24120375,Ice
12/27/2024 0:00,SC425011047,Ice
12/27/2024 0:00,SC425011048,Ice
12/27/2024 0:00,SC425011049,Ice
12/27/2024 0:00,SC425011050,Ice
12/27/2024 0:00,SC425011051,Ice
12/27/2024 0:00,SC425011052,Ice
12/27/2024 0:00,SC425011053,Ice
12/27/2024 0:00,SC425011054,Ice
12/27/2024 0:00,SC425011055,Ice
12/27/2024 0:00,SC425011056,Ice
12/27/2024 0:00,SC425011057,Ice
12/27/2024 0:00,SC425021058,Ice
12/27/2024 0:00,SC425021059,Ice
12/27/2024 0:00,SC425021060,Ice
12/27/2024 0:00,SC425021061,Ice
12/27/2024 0:00,SC425021062,Ice
12/27/2024 0:00,SC425021063,Ice
12/27/2024 0:00,SC425021064,Ice
12/27/2024 0:00,SC425021065,Ice
12/27/2024 0:00,SC425021066,Ice
1/6/2025 0:00,A204156096480009,Ken
1/6/2025 0:00,A204156096480014,Ken
1/6/2025 0:00,A204156096480021,Ken
1/6/2025 0:00,A204156096480024,Ken
1/6/2025 0:00,A204156096480067,Ken
1/6/2025 0:00,A204156096480070,Ken
1/6/2025 0:00,A204156096480175,Ken
1/6/2025 0:00,A204156096480183,Ken
1/6/2025 0:00,A204156096480192,Ken
1/6/2025 0:00,A204156096480364,Ken
1/7/2025 0:00,BP25011665,Tom
1/7/2025 0:00,BP25011666,Tom
1/7/2025 0:00,BP25011667,Tom
1/7/2025 0:00,BP25011668,Tom
1/7/2025 0:00,BP25011669,Tom
1/7/2025 0:00,BP25011670,Tom
1/7/2025 0:00,BP25011671,Tom
1/7/2025 0:00,BP25011672,Tom
1/7/2025 0:00,BP25011673,Tom
1/7/2025 0:00,BP25011674,Tom
1/9/2025 0:00,AL25010677,Ice
1/9/2025 0:00,AL25010678,Ice
1/9/2025 0:00,AL25010679,Ice
1/9/2025 0:00,AL25010680,Ice
1/9/2025 0:00,AL25010681,Ice
1/9/2025 0:00,AL25010682,Ice
1/9/2025 0:00,AL25010683,Ice
1/9/2025 0:00,AL25010684,Ice
1/9/2025 0:00,AL25010685,Ice
1/9/2025 0:00,AL25010686,Ice
1/9/2025 0:00,AL25010687,Ice
1/9/2025 0:00,AL25010688,Ice
1/9/2025 0:00,AL25010689,Ice
1/9/2025 0:00,AL25010690,Ice
1/9/2025 0:00,AL25010691,Ice
1/13/2025 0:00,RM24100026,Ice
1/13/2025 0:00,RM24100027,Ice
1/13/2025 0:00,RM24100028,Ice
1/15/2025 0:00,A204156096480340,Ken
1/15/2025 0:00,A204156096480343,Ken
1/15/2025 0:00,A204156096480351,Ken
1/15/2025 0:00,A204156096480356,Ken
1/15/2025 0:00,A204156096480357,Ken
1/15/2025 0:00,A204156096480358,Ken
1/15/2025 0:00,A204156096480396,Ken
1/15/2025 0:00,A204156096480405,Ken
1/15/2025 0:00,A204156096480459,Ken
1/15/2025 0:00,A204156096480460,Ken
1/15/2025 0:00,AA1225010192,Don
1/15/2025 0:00,AA1225010193,Don
1/15/2025 0:00,AA1225010194,Don
1/15/2025 0:00,AA1225010195,Don
1/15/2025 0:00,AA1225010196,Don
1/15/2025 0:00,AA1225010197,Don
1/15/2025 0:00,AA1225010198,Don
1/15/2025 0:00,AA1225010199,Don
1/15/2025 0:00,AA1225010200,Don
1/15/2025 0:00,AA1225010201,Don
1/15/2025 0:00,AA1225010202,Don
1/15/2025 0:00,AA1225010203,Don
1/15/2025 0:00,AA1225010204,Don
1/15/2025 0:00,AA1225010205,Don
1/15/2025 0:00,AA1225010206,Don
1/15/2025 0:00,AA1225010207,Don
1/15/2025 0:00,AA1225010208,Don
1/15/2025 0:00,AA1225010209,Don
1/15/2025 0:00,AA1225010210,Don
1/15/2025 0:00,AA1225010211,Don
1/15/2025 0:00,AA325010056,Ken
1/15/2025 0:00,AA325010057,Ken
1/15/2025 0:00,AA325010058,Ken
1/15/2025 0:00,AA325010059,Ken
1/15/2025 0:00,AA325010060,Ken
1/15/2025 0:00,AA325010061,Ken
1/15/2025 0:00,AA325010062,Ken
1/15/2025 0:00,AA325010063,Ken
1/15/2025 0:00,AA325010064,Ken
1/15/2025 0:00,AA325010065,Ken
1/15/2025 0:00,AA625010101,Don
1/15/2025 0:00,AA625010102,Don
1/15/2025 0:00,AA625010103,Don
1/15/2025 0:00,AA625010104,Don
1/15/2025 0:00,AA625010105,Don
1/15/2025 0:00,AA625010106,Don
1/15/2025 0:00,AA625010107,Don
1/15/2025 0:00,AA625010108,Don
1/15/2025 0:00,AA625010109,Don
1/15/2025 0:00,AA625010110,Don
1/15/2025 0:00,BS25010376,Ice
1/15/2025 0:00,BS25010377,Ice
1/15/2025 0:00,BS25010378,Ice
1/15/2025 0:00,BS25010379,Ice
1/15/2025 0:00,BS25010380,Ice
1/15/2025 0:00,BS25010381,Ice
1/15/2025 0:00,BS25010382,Ice
1/15/2025 0:00,BS25010383,Ice
1/15/2025 0:00,BS25010384,Ice
1/15/2025 0:00,BS25010385,Ice
1/15/2025 0:00,BSF25011063,Ice
1/15/2025 0:00,BSF25011064,Ice
1/15/2025 0:00,BSF25011065,Ice
1/15/2025 0:00,BSF25011066,Ice
1/15/2025 0:00,BSF25011067,Ice
1/15/2025 0:00,BSF25011068,Ice
1/15/2025 0:00,BSF25011069,Ice
1/15/2025 0:00,BSF25011070,Ice
1/15/2025 0:00,BSF25011071,Ice
1/15/2025 0:00,CC68011342,Kong
1/15/2025 0:00,CC68011343,Kong
1/15/2025 0:00,CC68011344,Kong
1/15/2025 0:00,CC68011345,Kong
1/15/2025 0:00,CC68011346,Kong
1/15/2025 0:00,CC68011347,Kong
1/15/2025 0:00,CC68011348,Kong
1/15/2025 0:00,CC68011349,Kong
1/15/2025 0:00,CC68011350,Kong
1/15/2025 0:00,CC68011351,Kong
1/15/2025 0:00,CI25011314,Ice
1/15/2025 0:00,SC425021067,Ice
1/15/2025 0:00,SC425021068,Ice
1/15/2025 0:00,SC425021069,Ice
1/15/2025 0:00,SC425021070,Ice
1/15/2025 0:00,SC425021071,Ice
1/15/2025 0:00,SC425021072,Ice
1/15/2025 0:00,SC425021073,Ice
1/15/2025 0:00,SC425021074,Ice
1/15/2025 0:00,SC425021075,Ice
1/15/2025 0:00,SC425021076,Ice
1/15/2025 0:00,SCS25010065,Ice
1/15/2025 0:00,SCS25010066,Ice
1/15/2025 0:00,SCS25010067,Ice
1/15/2025 0:00,SCS25010068,Ice
1/15/2025 0:00,SCS25010069,Ice
1/15/2025 0:00,SCS25010070,Ice
1/15/2025 0:00,SCS25010071,Ice
1/15/2025 0:00,SCS25010072,Ice
1/15/2025 0:00,SCS25010073,Ice
1/15/2025 0:00,SCS25010074,Ice
1/15/2025 0:00,SW25010367,Ice
1/15/2025 0:00,SW25010368,Ice
1/15/2025 0:00,SW25010369,Ice
1/15/2025 0:00,SW25010370,Ice
1/15/2025 0:00,SW25010371,Ice
1/15/2025 0:00,SW25010372,Ice
1/15/2025 0:00,SW25010373,Ice
1/15/2025 0:00,SW25010374,Ice
1/15/2025 0:00,SW25010375,Ice
1/15/2025 0:00,SW25010376,Ice
1/15/2025 0:00,SW25010377,Ice
1/15/2025 0:00,SW25010378,Ice
1/15/2025 0:00,SW25010379,Ice
1/15/2025 0:00,SW25010380,Ice
1/15/2025 0:00,SW25010381,Ice
1/15/2025 0:00,SW25010382,Ice
1/15/2025 0:00,SW25010383,Ice
1/15/2025 0:00,SW25010384,Ice
1/15/2025 0:00,SW25010385,Ice
1/15/2025 0:00,SW25010386,Ice
1/18/2025 0:00,A204156096480145,Ken
1/18/2025 0:00,A204156096480150,Ken
1/18/2025 0:00,A204156096480153,Ken
1/18/2025 0:00,A204156096480344,Ken
1/18/2025 0:00,A204156096480365,Ken
1/18/2025 0:00,A204156096480376,Ken
1/18/2025 0:00,A204156096480385,Ken
1/18/2025 0:00,A204156096480397,Ken
1/18/2025 0:00,A204156096480403,Ken
1/18/2025 0:00,A204156096480458,Ken
1/20/2025 0:00,AL25010692,Ice
1/20/2025 0:00,AL25010693,Ice
1/20/2025 0:00,AL25010694,Ice
1/20/2025 0:00,AL25010695,Ice
1/20/2025 0:00,AL25010696,Ice
1/22/2025 0:00,BM25011311,Tom
1/22/2025 0:00,BM25011312,Tom
1/22/2025 0:00,BM25011313,Tom
1/22/2025 0:00,BM25011314,Tom
1/22/2025 0:00,BM25011315,Tom
1/22/2025 0:00,BM25011316,Tom
1/22/2025 0:00,BM25011317,Tom
1/22/2025 0:00,BM25011318,Tom
1/22/2025 0:00,BM25011319,Tom
1/22/2025 0:00,BM25011320,Tom
1/23/2025 0:00,A204156096480162,Ken
1/23/2025 0:00,A204156096480290,Ken
1/23/2025 0:00,A204156096480292,Ken
1/23/2025 0:00,A204156096480293,Ken
1/23/2025 0:00,A204156096480298,Ken
1/23/2025 0:00,A204156096480301,Ken
1/23/2025 0:00,A204156096480308,Ken
1/23/2025 0:00,A204156096480341,Ken
1/23/2025 0:00,A204156096480457,Ken
1/23/2025 0:00,A204156096480476,Ken
1/27/2025 0:00,BS25010386,Ice
1/27/2025 0:00,BS25010387,Ice
1/27/2025 0:00,BS25010388,Ice
1/27/2025 0:00,BS25010389,Ice
1/27/2025 0:00,BS25010390,Ice
1/27/2025 0:00,BS25010391,Ice
1/27/2025 0:00,BS25010392,Ice
1/27/2025 0:00,BS25010393,Ice
1/27/2025 0:00,BS25010394,Ice
1/27/2025 0:00,BS25010395,Ice
1/27/2025 0:00,BS25010396,Ice
1/27/2025 0:00,BS25010397,Ice
1/27/2025 0:00,BS25010398,Ice
1/27/2025 0:00,BS25010399,Ice
1/27/2025 0:00,BS25010400,Ice
1/27/2025 0:00,BS25010401,Ice
1/27/2025 0:00,BS25010402,Ice
1/27/2025 0:00,BS25010403,Ice
1/27/2025 0:00,BS25010404,Ice
1/27/2025 0:00,BS25010405,Ice
1/29/2025 0:00,SC425021077,Ice
1/29/2025 0:00,SC425021078,Ice
1/29/2025 0:00,SC425021079,Ice
1/29/2025 0:00,SC425021080,Ice
1/29/2025 0:00,SC425021081,Ice
1/29/2025 0:00,SC425021082,Ice
1/29/2025 0:00,SC425021083,Ice
1/29/2025 0:00,SC425021084,Ice
1/29/2025 0:00,SC425021085,Ice
1/29/2025 0:00,SC425021086,Ice
1/29/2025 0:00,SC425021087,Ice
1/29/2025 0:00,SC425021088,Ice
1/29/2025 0:00,SC425021089,Ice
1/29/2025 0:00,SC425021090,Ice
1/29/2025 0:00,SC425021091,Ice
1/29/2025 0:00,SC425021092,Ice
1/29/2025 0:00,SC425021093,Ice
1/29/2025 0:00,SC425021094,Ice
1/29/2025 0:00,SC425021095,Ice
1/29/2025 0:00,SC425021096,Ice
1/29/2025 0:00,SC425021097,Ice
1/29/2025 0:00,SC425021098,Ice
1/29/2025 0:00,SC425021099,Ice
1/29/2025 0:00,SC425021100,Ice
1/29/2025 0:00,SC425021101,Ice
1/29/2025 0:00,SC425021102,Ice
1/29/2025 0:00,SC425031103,Ice
1/29/2025 0:00,SC425031104,Ice
1/29/2025 0:00,SC425031105,Ice
1/29/2025 0:00,SC425031106,Ice
1/30/2025 0:00,A204156096480013,Ken
1/30/2025 0:00,A204156096480102,Ken
1/30/2025 0:00,A204156096480104,Ken
1/30/2025 0:00,A204156096480172,Ken
1/30/2025 0:00,A204156096480177,Ken
1/30/2025 0:00,A204156096480181,Ken
1/30/2025 0:00,A204156096480186,Ken
1/30/2025 0:00,A204156096480191,Ken
1/30/2025 0:00,A204156096480368,Ken
1/30/2025 0:00,A204156096480375,Ken
1/31/2025 0:00,AL25010697,Ice
1/31/2025 0:00,AL25010698,Ice
1/31/2025 0:00,AL25010699,Ice
1/31/2025 0:00,AL25010700,Ice
1/31/2025 0:00,AL25010701,Ice
1/31/2025 0:00,AL25010702,Ice
1/31/2025 0:00,AL25010703,Ice
1/31/2025 0:00,AL25010704,Ice
1/31/2025 0:00,AL25010705,Ice
1/31/2025 0:00,AL25010706,Ice
1/31/2025 0:00,AL25010707,Ice
1/31/2025 0:00,AL25010708,Ice
1/31/2025 0:00,AL25010709,Ice
1/31/2025 0:00,AL25010710,Ice
1/31/2025 0:00,AL25010711,Ice
1/31/2025 0:00,AL25010712,Ice
1/31/2025 0:00,AL25010713,Ice
1/31/2025 0:00,AL25010714,Ice
1/31/2025 0:00,AL25010715,Ice
1/31/2025 0:00,AL25010716,Ice
1/31/2025 0:00,AL25010717,Ice
1/31/2025 0:00,AL25010718,Ice
1/31/2025 0:00,AL25010719,Ice
1/31/2025 0:00,AL25010720,Ice
1/31/2025 0:00,AL25010721,Ice
1/31/2025 0:00,AL25010722,Ice
1/31/2025 0:00,AL25010723,Ice
1/31/2025 0:00,AL25010724,Ice
1/31/2025 0:00,AL25010725,Ice
1/31/2025 0:00,AL25010726,Ice
2/6/2025 0:00,A204156096480010,Ken
2/6/2025 0:00,A204156096480099,Ken
2/6/2025 0:00,A204156096480115,Ken
2/6/2025 0:00,A204156096480171,Ken
2/6/2025 0:00,A204156096480363,Ken
2/6/2025 0:00,A204156096480367,Ken
2/6/2025 0:00,A204156096480369,Ken
2/6/2025 0:00,A204156096480374,Ken
2/6/2025 0:00,A204156096480380,Ken
2/6/2025 0:00,A204156096480381,Ken
2/10/2025 0:00,A204156096480026,Ken
2/10/2025 0:00,A204156096480028,Ken
2/10/2025 0:00,A204156096480029,Ken
2/10/2025 0:00,A204156096480034,Ken
2/10/2025 0:00,A204156096480039,Ken
2/10/2025 0:00,A204156096480315,Ken
2/10/2025 0:00,A204156096480319,Ken
2/10/2025 0:00,A204156096480320,Ken
2/10/2025 0:00,A204156096480325,Ken
2/10/2025 0:00,A204156096480336,Ken
2/10/2025 0:00,BP25021675,Tom
2/10/2025 0:00,BP25021676,Tom
2/10/2025 0:00,BP25021677,Tom
2/10/2025 0:00,BP25021678,Tom
2/10/2025 0:00,BP25021679,Tom
2/10/2025 0:00,BP25021680,Tom
2/10/2025 0:00,BP25021681,Tom
2/10/2025 0:00,BP25021682,Tom
2/10/2025 0:00,BP25021683,Tom
2/10/2025 0:00,BP25021684,Tom
2/11/2025 0:00,SC425031107,Ice
2/11/2025 0:00,SC425031108,Ice
2/11/2025 0:00,SC425031109,Ice
2/11/2025 0:00,SC425031110,Ice
2/11/2025 0:00,SC425031111,Ice
2/11/2025 0:00,SC425031112,Ice
2/11/2025 0:00,SC425031113,Ice
2/11/2025 0:00,SC425031114,Ice
2/11/2025 0:00,SC425031115,Ice
2/11/2025 0:00,SC425031116,Ice
2/11/2025 0:00,SC425031117,Ice
2/11/2025 0:00,SC425031118,Ice
2/11/2025 0:00,SC425031119,Ice
2/11/2025 0:00,SC425031120,Ice
2/11/2025 0:00,SC425031121,Ice
2/11/2025 0:00,SC425031122,Ice
2/11/2025 0:00,SC425031123,Ice
2/11/2025 0:00,SC425031124,Ice
2/11/2025 0:00,SC425031125,Ice
2/11/2025 0:00,SC425031126,Ice
2/14/2025 0:00,CI25021315,Ice
2/14/2025 0:00,CI25021316,Ice
2/14/2025 0:00,CI25021317,Ice
2/14/2025 0:00,CI25021318,Ice
2/14/2025 0:00,CI25021319,Ice
2/14/2025 0:00,CI25021320,Ice
2/14/2025 0:00,CI25021321,Ice
2/14/2025 0:00,CI25021322,Ice
2/14/2025 0:00,CI25021323,Ice
2/14/2025 0:00,CI25021324,Ice
2/14/2025 0:00,CI25021325,Ice
2/14/2025 0:00,CI25021326,Ice
2/14/2025 0:00,CI25021327,Ice
2/14/2025 0:00,CI25021328,Ice
2/14/2025 0:00,CI25021329,Ice
2/14/2025 0:00,CI25021330,Ice
2/14/2025 0:00,CI25021331,Ice
2/14/2025 0:00,CI25021332,Ice
2/14/2025 0:00,CI25021333,Ice
2/14/2025 0:00,CI25021334,Ice
2/14/2025 0:00,MC25021466,Ice
2/14/2025 0:00,MC25021467,Ice
2/14/2025 0:00,MC25021468,Ice
2/14/2025 0:00,MC25021469,Ice
2/14/2025 0:00,MC25021470,Ice
2/14/2025 0:00,MC25021471,Ice
2/14/2025 0:00,MC25021472,Ice
2/14/2025 0:00,MC25021473,Ice
2/14/2025 0:00,MC25021474,Ice
2/14/2025 0:00,MC25021475,Ice
2/14/2025 0:00,MC25021476,Ice
2/14/2025 0:00,MC25021477,Ice
2/14/2025 0:00,MC25021478,Ice
2/14/2025 0:00,MC25021479,Ice
2/14/2025 0:00,MC25021480,Ice
2/14/2025 0:00,MC25021481,Ice
2/14/2025 0:00,MC25021482,Ice
2/14/2025 0:00,MC25021483,Ice
2/14/2025 0:00,MC25021484,Ice
2/14/2025 0:00,MC25021485,Ice
2/14/2025 0:00,SCS25020075,Ice
2/14/2025 0:00,SCS25020076,Ice
2/15/2025 0:00,AA325020066,Ken
2/15/2025 0:00,AA325020067,Ken
2/15/2025 0:00,AA325020068,Ken
2/15/2025 0:00,AA325020069,Ken
2/15/2025 0:00,AA325020070,Ken
2/15/2025 0:00,AA325020071,Ken
2/15/2025 0:00,AA325020072,Ken
2/15/2025 0:00,AA325020073,Ken
2/15/2025 0:00,AA325020074,Ken
2/15/2025 0:00,AA325020075,Ken
2/16/2025 0:00,AA625020111,Don
2/16/2025 0:00,AA625020112,Don
2/16/2025 0:00,AA625020113,Don
2/16/2025 0:00,AA625020114,Don
2/16/2025 0:00,AA625020115,Don
2/16/2025 0:00,AA625020116,Don
2/16/2025 0:00,AA625020117,Don
2/16/2025 0:00,AA625020118,Don
2/16/2025 0:00,AA625020119,Don
2/16/2025 0:00,AA625020120,Don
2/16/2025 0:00,AA625020121,Don
2/16/2025 0:00,AA625020122,Don
2/16/2025 0:00,AA625020123,Don
2/16/2025 0:00,AA625020124,Don
2/16/2025 0:00,AA625020125,Don
2/16/2025 0:00,AA625020126,Don
2/16/2025 0:00,AA625020127,Don
2/16/2025 0:00,AA625020128,Don
2/16/2025 0:00,AA625020129,Don
2/16/2025 0:00,AA625020130,Don
2/18/2025 0:00,A204156096480002,Ken
2/18/2025 0:00,A204156096480011,Ken
2/18/2025 0:00,A204156096480012,Ken
2/18/2025 0:00,A204156096480314,Ken
2/18/2025 0:00,A204156096480317,Ken
2/18/2025 0:00,A204156096480322,Ken
2/18/2025 0:00,A204156096480324,Ken
2/18/2025 0:00,A204156096480330,Ken
2/18/2025 0:00,A204156096480334,Ken
2/18/2025 0:00,A204156096480335,Ken
2/20/2025 0:00,BS25020406,Ice
2/20/2025 0:00,BS25020407,Ice
2/20/2025 0:00,BS25020408,Ice
2/20/2025 0:00,BS25020409,Ice
2/20/2025 0:00,BS25020410,Ice
2/20/2025 0:00,BS25020411,Ice
2/20/2025 0:00,BS25020412,Ice
2/20/2025 0:00,BS25020413,Ice
2/20/2025 0:00,BS25020414,Ice
2/20/2025 0:00,BS25020415,Ice
2/20/2025 0:00,BS25020416,Ice
2/20/2025 0:00,BS25020417,Ice
2/20/2025 0:00,BS25020418,Ice
2/20/2025 0:00,BS25020419,Ice
2/20/2025 0:00,BS25020420,Ice
2/20/2025 0:00,BS25020421,Ice
2/20/2025 0:00,BS25020422,Ice
2/20/2025 0:00,BS25020423,Ice
2/20/2025 0:00,BS25020424,Ice
2/20/2025 0:00,BS25020425,Ice
2/25/2025 0:00,AL25020727,Ice
2/25/2025 0:00,AL25020728,Ice
2/25/2025 0:00,AL25020729,Ice
2/25/2025 0:00,AL25020730,Ice
2/25/2025 0:00,AL25020731,Ice
2/25/2025 0:00,AL25020732,Ice
2/25/2025 0:00,AL25020733,Ice
2/25/2025 0:00,AL25020734,Ice
2/25/2025 0:00,AL25020735,Ice
2/25/2025 0:00,AL25020736,Ice
2/26/2025 0:00,A204156096480329,Ken
2/26/2025 0:00,SC425031127,Ice
2/26/2025 0:00,SC425031128,Ice
2/26/2025 0:00,SC425031129,Ice
2/26/2025 0:00,SC425031130,Ice
2/26/2025 0:00,SC425031131,Ice
2/26/2025 0:00,SC425031132,Ice
2/26/2025 0:00,SC425031133,Ice
2/26/2025 0:00,SC425031134,Ice
2/26/2025 0:00,SC425031135,Ice
2/26/2025 0:00,SC425031136,Ice
2/26/2025 0:00,SC425031137,Ice
2/26/2025 0:00,SC425031138,Ice
2/26/2025 0:00,SC425031139,Ice
2/26/2025 0:00,SC425031140,Ice
2/26/2025 0:00,SC425031141,Ice
2/26/2025 0:00,SC425031142,Ice
2/26/2025 0:00,SC425031143,Ice
2/26/2025 0:00,SC425031144,Ice
2/26/2025 0:00,SC425031145,Ice
2/26/2025 0:00,SC425031146,Ice
2/27/2025 0:00,A204156096480049,Ken
2/27/2025 0:00,A204156096480055,Ken
2/27/2025 0:00,A204156096480061,Ken
2/27/2025 0:00,A204156096480076,Ken
2/27/2025 0:00,A204156096480078,Ken
2/27/2025 0:00,A204156096480079,Ken
2/27/2025 0:00,A204156096480082,Ken
2/27/2025 0:00,A204156096480089,Ken
2/27/2025 0:00,A204156096480090,Ken
2/27/2025 0:00,A204156096480170,Ken
2/27/2025 0:00,A204156096480244,Ken
2/27/2025 0:00,A204156096480247,Ken
2/27/2025 0:00,A204156096480250,Ken
2/27/2025 0:00,A204156096480256,Ken
2/27/2025 0:00,A204156096480259,Ken
2/27/2025 0:00,A204156096480297,Ken
2/27/2025 0:00,A204156096480302,Ken
2/27/2025 0:00,A204156096480307,Ken
2/27/2025 0:00,A204156096480318,Ken
2/27/2025 0:00,A204156096480326,Ken
2/27/2025 0:00,A204156096480327,Ken
2/27/2025 0:00,A204156096480331,Ken
2/27/2025 0:00,A204156096480332,Ken
2/27/2025 0:00,A204156096480333,Ken
3/4/2025 0:00,A204156096480062,Ken
3/4/2025 0:00,A204156096480066,Ken
3/4/2025 0:00,A204156096480072,Ken
3/4/2025 0:00,A204156096480226,Ken
3/4/2025 0:00,A204156096480233,Ken
3/4/2025 0:00,A204156096480236,Ken
3/4/2025 0:00,A204156096480237,Ken
3/4/2025 0:00,A204156096480255,Ken
3/4/2025 0:00,A204156096480261,Ken
3/4/2025 0:00,A204156096480263,Ken
3/5/2025 0:00,BP25031685,Tom
3/5/2025 0:00,BP25031686,Tom
3/5/2025 0:00,BP25031687,Tom
3/5/2025 0:00,BP25031688,Tom
3/5/2025 0:00,BP25031689,Tom
3/5/2025 0:00,BP25031690,Tom
3/5/2025 0:00,BP25031691,Tom
3/5/2025 0:00,BP25031692,Tom
3/5/2025 0:00,BP25031693,Tom
3/5/2025 0:00,BP25031694,Tom
3/7/2025 0:00,RM25030029,Ice
3/7/2025 0:00,RM25030030,Ice
3/10/2025 0:00,SC425031147,Ice
3/10/2025 0:00,SC425041148,Ice
3/10/2025 0:00,SC425041149,Ice
3/10/2025 0:00,SC425041150,Ice
3/10/2025 0:00,SC425041151,Ice
3/10/2025 0:00,SC425041152,Ice
3/10/2025 0:00,SC425041153,Ice
3/10/2025 0:00,SC425041154,Ice
3/10/2025 0:00,SC425041155,Ice
3/10/2025 0:00,SC425041156,Ice
3/10/2025 0:00,SC425041157,Ice
3/10/2025 0:00,SC425041158,Ice
3/10/2025 0:00,SC425041159,Ice
3/10/2025 0:00,SC425041160,Ice
3/10/2025 0:00,SC425041161,Ice
3/10/2025 0:00,SC425041162,Ice
3/10/2025 0:00,SC425041163,Ice
3/10/2025 0:00,SC425041164,Ice
3/10/2025 0:00,SC425041165,Ice
3/10/2025 0:00,SC425041166,Ice
3/14/2025 0:00,CC68031352,Kong
3/14/2025 0:00,CC68031353,Kong
3/14/2025 0:00,CC68031354,Kong
3/14/2025 0:00,CC68031355,Kong
3/14/2025 0:00,CC68031356,Kong
3/14/2025 0:00,CC68031357,Kong
3/14/2025 0:00,CC68031358,Kong
3/14/2025 0:00,CC68031359,Kong
3/14/2025 0:00,CC68031360,Kong
3/14/2025 0:00,CC68031361,Kong
3/14/2025 0:00,CC68031362,Kong
3/14/2025 0:00,CC68031363,Kong
3/14/2025 0:00,CI25031335,Ice
3/14/2025 0:00,CI25031336,Ice
3/14/2025 0:00,CI25031337,Ice
3/14/2025 0:00,CI25031338,Ice
3/14/2025 0:00,CI25031339,Ice
3/14/2025 0:00,CI25031340,Ice
3/14/2025 0:00,CI25031341,Ice
3/14/2025 0:00,CI25031342,Ice
3/14/2025 0:00,CI25031343,Ice
3/14/2025 0:00,CI25031344,Ice
3/14/2025 0:00,CI25031345,Ice
3/14/2025 0:00,CI25031346,Ice
3/14/2025 0:00,CI25031347,Ice
3/14/2025 0:00,CI25031348,Ice
3/14/2025 0:00,CI25031349,Ice
3/14/2025 0:00,CI25031350,Ice
3/14/2025 0:00,CI25031351,Ice
3/14/2025 0:00,CI25031352,Ice
3/14/2025 0:00,CI25031353,Ice
3/14/2025 0:00,CI25031354,Ice
3/14/2025 0:00,MC25031486,Ice
3/14/2025 0:00,MC25031487,Ice
3/14/2025 0:00,MC25031488,Ice
3/14/2025 0:00,MC25031489,Ice
3/14/2025 0:00,MC25031490,Ice
3/14/2025 0:00,MC25031491,Ice
3/14/2025 0:00,MC25031492,Ice
3/14/2025 0:00,MC25031493,Ice
3/14/2025 0:00,MC25031494,Ice
3/14/2025 0:00,MC25031495,Ice
3/14/2025 0:00,MC25031496,Ice
3/14/2025 0:00,MC25031497,Ice
3/14/2025 0:00,MC25031498,Ice
3/14/2025 0:00,MC25031499,Ice
3/14/2025 0:00,MC25031500,Ice
3/14/2025 0:00,MC25031501,Ice
3/14/2025 0:00,MC25031502,Ice
3/14/2025 0:00,MC25031503,Ice
3/14/2025 0:00,MC25031504,Ice
3/14/2025 0:00,MC25031505,Ice
3/14/2025 0:00,SCS25030077,Ice
3/14/2025 0:00,SCS25030078,Ice
3/14/2025 0:00,SCS25030079,Ice
3/14/2025 0:00,SCS25030080,Ice
3/14/2025 0:00,SCS25030081,Ice
3/14/2025 0:00,SCS25030082,Ice
3/14/2025 0:00,SCS25030083,Ice
3/14/2025 0:00,SCS25030084,Ice
3/14/2025 0:00,SCS25030085,Ice
3/15/2025 0:00,AA325030076,Ken
3/15/2025 0:00,AA325030077,Ken
3/15/2025 0:00,AA325030078,Ken
3/15/2025 0:00,AA325030079,Ken
3/15/2025 0:00,AA325030080,Ken
3/15/2025 0:00,AA325030081,Ken
3/15/2025 0:00,AA325030082,Ken
3/15/2025 0:00,AA325030083,Ken
3/15/2025 0:00,AA325030084,Ken
3/15/2025 0:00,AA325030085,Ken
3/15/2025 0:00,AA325030086,Ken
3/15/2025 0:00,BM25031321,Tom
3/15/2025 0:00,BM25031322,Tom
3/15/2025 0:00,BM25031323,Tom
3/15/2025 0:00,BM25031324,Tom
3/15/2025 0:00,BM25031325,Tom
3/15/2025 0:00,BM25031326,Tom
3/15/2025 0:00,BM25031327,Tom
3/15/2025 0:00,BM25031328,Tom
3/15/2025 0:00,BM25031329,Tom
3/15/2025 0:00,BM25031330,Tom
3/16/2025 0:00,AA625030131,Don
3/16/2025 0:00,AA625030132,Don
3/16/2025 0:00,AA625030133,Don
3/16/2025 0:00,AA625030134,Don
3/16/2025 0:00,AA625030135,Don
3/16/2025 0:00,AA625030136,Don
3/16/2025 0:00,AA625030137,Don
3/16/2025 0:00,AA625030138,Don
3/16/2025 0:00,AA625030139,Don
3/16/2025 0:00,AA625030140,Don
3/16/2025 0:00,AA625030141,Don
3/16/2025 0:00,AA625030142,Don
3/16/2025 0:00,AA625030143,Don
3/16/2025 0:00,AA625030144,Don
3/16/2025 0:00,AA625030145,Don
3/16/2025 0:00,AA625030146,Don
3/16/2025 0:00,AA625030147,Don
3/16/2025 0:00,AA625030148,Don
3/16/2025 0:00,AA625030149,Don
3/16/2025 0:00,AA625030150,Don
3/17/2025 0:00,BSF25031072,Ice
3/17/2025 0:00,BSF25031073,Ice
3/17/2025 0:00,BSF25031074,Ice
3/17/2025 0:00,BSF25031075,Ice
3/17/2025 0:00,BSF25031076,Ice
3/17/2025 0:00,BSF25031077,Ice
3/17/2025 0:00,BSF25031078,Ice
3/17/2025 0:00,BSF25031079,Ice
3/17/2025 0:00,BSF25031080,Ice
3/17/2025 0:00,BSF25031081,Ice
3/17/2025 0:00,BSF25031082,Ice
3/17/2025 0:00,BSF25031083,Ice
3/17/2025 0:00,BSF25031084,Ice
3/17/2025 0:00,BSF25031085,Ice
3/17/2025 0:00,BSF25031086,Ice
3/17/2025 0:00,BSF25031087,Ice
3/17/2025 0:00,BSF25031088,Ice
3/17/2025 0:00,BSF25031089,Ice
3/17/2025 0:00,BSF25051090,Ice
3/17/2025 0:00,BSG25030334,Ice
3/17/2025 0:00,BSG25030335,Ice
3/17/2025 0:00,BSG25030336,Ice
3/17/2025 0:00,BSG25030337,Ice
3/17/2025 0:00,BSG25030338,Ice
3/17/2025 0:00,BSG25030339,Ice
3/17/2025 0:00,BSG25030340,Ice
3/17/2025 0:00,BSG25030341,Ice
3/17/2025 0:00,BSG25030342,Ice
3/17/2025 0:00,BSG25030343,Ice
3/20/2025 0:00,AL25030737,Ice
3/20/2025 0:00,AL25030738,Ice
3/20/2025 0:00,AL25030739,Ice
3/20/2025 0:00,AL25030740,Ice
3/20/2025 0:00,AL25030741,Ice
3/20/2025 0:00,AL25030742,Ice
3/20/2025 0:00,AL25030743,Ice
3/20/2025 0:00,AL25030744,Ice
3/20/2025 0:00,AL25030745,Ice
3/20/2025 0:00,AL25030746,Ice
3/20/2025 0:00,AL25030747,Ice
3/20/2025 0:00,AL25030748,Ice
3/20/2025 0:00,AL25030749,Ice
3/20/2025 0:00,AL25030750,Ice
3/20/2025 0:00,AL25030751,Ice
3/20/2025 0:00,AL25030752,Ice
3/20/2025 0:00,AL25030753,Ice
3/20/2025 0:00,AL25030754,Ice
3/20/2025 0:00,AL25030755,Ice
3/20/2025 0:00,AL25030756,Ice
3/21/2025 0:00,A204156096480016,Ken
3/21/2025 0:00,A204156096480017,Ken
3/21/2025 0:00,A204156096480020,Ken
3/21/2025 0:00,A204156096480022,Ken
3/21/2025 0:00,A204156096480025,Ken
3/21/2025 0:00,A204156096480027,Ken
3/21/2025 0:00,A204156096480030,Ken
3/21/2025 0:00,A204156096480031,Ken
3/21/2025 0:00,A204156096480032,Ken
3/21/2025 0:00,A204156096480033,Ken
3/21/2025 0:00,A204156096480035,Ken
3/21/2025 0:00,A204156096480036,Ken
3/21/2025 0:00,A204156096480038,Ken
3/21/2025 0:00,A204156096480040,Ken
3/21/2025 0:00,A204156096480041,Ken
3/21/2025 0:00,A204156096480042,Ken
3/21/2025 0:00,A204156096480043,Ken
3/21/2025 0:00,A204156096480045,Ken
3/21/2025 0:00,A204156096480046,Ken
3/21/2025 0:00,A204156096480047,Ken
3/21/2025 0:00,A204156096480048,Ken
3/21/2025 0:00,A204156096480056,Ken
3/21/2025 0:00,A204156096480058,Ken
3/21/2025 0:00,A204156096480059,Ken
3/21/2025 0:00,A204156096480060,Ken
3/21/2025 0:00,A204156096480065,Ken
3/21/2025 0:00,A204156096480068,Ken
3/21/2025 0:00,A204156096480371,Ken
3/25/2025 0:00,BP25031695,Tom
3/25/2025 0:00,BP25031696,Tom
3/25/2025 0:00,BP25031697,Tom
3/25/2025 0:00,BP25031698,Tom
3/25/2025 0:00,BP25031699,Tom
3/25/2025 0:00,BP25031700,Tom
3/25/2025 0:00,BP25031701,Tom
3/25/2025 0:00,BP25031702,Tom
3/25/2025 0:00,BP25031703,Tom
3/25/2025 0:00,BP25031704,Tom
3/28/2025 0:00,SC425041167,Ice
3/28/2025 0:00,SC425041168,Ice
3/28/2025 0:00,SC425041169,Ice
3/28/2025 0:00,SC425041170,Ice
3/28/2025 0:00,SC425041171,Ice
3/28/2025 0:00,SC425041172,Ice
3/28/2025 0:00,SC425041173,Ice
3/28/2025 0:00,SC425041174,Ice
3/28/2025 0:00,SC425041175,Ice
3/28/2025 0:00,SC425041176,Ice
3/28/2025 0:00,SC425041177,Ice
3/28/2025 0:00,SC425041178,Ice
3/28/2025 0:00,SC425041179,Ice
3/28/2025 0:00,SC425041180,Ice
3/28/2025 0:00,SC425041181,Ice
3/28/2025 0:00,SC425041182,Ice
3/28/2025 0:00,SC425041183,Ice
3/28/2025 0:00,SC425041184,Ice
3/28/2025 0:00,SC425041185,Ice
3/28/2025 0:00,SC425041186,Ice
4/2/2025 0:00,AL25030757,Ice
4/2/2025 0:00,AL25030758,Ice
4/2/2025 0:00,AL25030759,Ice
4/2/2025 0:00,AL25030760,Ice
4/2/2025 0:00,AL25030761,Ice
4/2/2025 0:00,AL25030762,Ice
4/2/2025 0:00,AL25030763,Ice
4/2/2025 0:00,AL25030764,Ice
4/2/2025 0:00,AL25030765,Ice
4/2/2025 0:00,AL25030766,Ice
4/2/2025 0:00,AL25040767,Ice
4/2/2025 0:00,AL25040768,Ice
4/2/2025 0:00,AL25040769,Ice
4/2/2025 0:00,AL25040770,Ice
4/2/2025 0:00,AL25040771,Ice
4/2/2025 0:00,AL25040772,Ice
4/2/2025 0:00,AL25040773,Ice
4/2/2025 0:00,AL25040774,Ice
4/2/2025 0:00,AL25040775,Ice
4/2/2025 0:00,AL25040776,Ice
4/4/2025 0:00,A204156096480168,Ken
4/4/2025 0:00,A204156096480242,Ken
4/4/2025 0:00,A204156096480245,Ken
4/4/2025 0:00,A204156096480246,Ken
4/4/2025 0:00,A204156096480248,Ken
4/4/2025 0:00,A204156096480251,Ken
4/4/2025 0:00,A204156096480252,Ken
4/4/2025 0:00,A204156096480253,Ken
4/4/2025 0:00,A204156096480258,Ken
4/4/2025 0:00,A204156096480260,Ken
4/4/2025 0:00,A204156096480262,Ken
4/7/2025 0:00,A204156096480052,Ken
4/7/2025 0:00,A204156096480151,Ken
4/7/2025 0:00,A204156096480158,Ken
4/7/2025 0:00,A204156096480159,Ken
4/7/2025 0:00,A204156096480164,Ken
4/7/2025 0:00,A204156096480207,Ken
4/7/2025 0:00,A204156096480223,Ken
4/7/2025 0:00,A204156096480232,Ken
4/7/2025 0:00,A204156096480241,Ken
4/7/2025 0:00,BP25041705,Tom
4/7/2025 0:00,BP25041706,Tom
4/7/2025 0:00,BP25041707,Tom
4/7/2025 0:00,BP25041708,Tom
4/7/2025 0:00,BP25041709,Tom
4/7/2025 0:00,BP25041710,Tom
4/7/2025 0:00,BP25041711,Tom
4/7/2025 0:00,BP25041712,Tom
4/7/2025 0:00,BP25041713,Tom
4/7/2025 0:00,BP25041714,Tom
4/7/2025 0:00,SC425041187,Ice
4/7/2025 0:00,SC425041188,Ice
4/7/2025 0:00,SC425041189,Ice
4/7/2025 0:00,SC425041190,Ice
4/7/2025 0:00,SC425041191,Ice
4/7/2025 0:00,SC425041192,Ice
4/7/2025 0:00,SC425041193,Ice
4/7/2025 0:00,SC425041194,Ice
4/7/2025 0:00,SC425041195,Ice
4/7/2025 0:00,SC425041196,Ice
4/7/2025 0:00,SC425041197,Ice
4/7/2025 0:00,SC425041198,Ice
4/7/2025 0:00,SC425041199,Ice
4/7/2025 0:00,SC425041200,Ice
4/7/2025 0:00,SC425041201,Ice
4/7/2025 0:00,SC425041202,Ice
4/7/2025 0:00,SC425041203,Ice
4/7/2025 0:00,SC425041204,Ice
4/7/2025 0:00,SC425041205,Ice
4/7/2025 0:00,SC425041206,Ice
4/15/2025 0:00,AA1225040212,Don
4/15/2025 0:00,AA1225040213,Don
4/15/2025 0:00,AA1225040214,Don
4/15/2025 0:00,AA1225040215,Don
4/15/2025 0:00,AA1225040216,Don
4/15/2025 0:00,AA1225040217,Don
4/15/2025 0:00,AA1225040218,Don
4/15/2025 0:00,AA1225040219,Don
4/15/2025 0:00,AA1225040220,Don
4/15/2025 0:00,AA1225040221,Don
4/15/2025 0:00,AA1225040222,Don
4/15/2025 0:00,AA1225040223,Don
4/15/2025 0:00,AA1225040224,Don
4/15/2025 0:00,AA1225040225,Don
4/15/2025 0:00,AA1225040226,Don
4/15/2025 0:00,AA1225040227,Don
4/15/2025 0:00,AA1225040228,Don
4/15/2025 0:00,AA1225040229,Don
4/15/2025 0:00,AA1225040230,Don
4/15/2025 0:00,AA1225040231,Don
4/15/2025 0:00,AA325040087,Ken
4/15/2025 0:00,AA325040088,Ken
4/15/2025 0:00,AA325040089,Ken
4/15/2025 0:00,AA325040090,Ken
4/15/2025 0:00,AA325040091,Ken
4/15/2025 0:00,AA325040092,Ken
4/15/2025 0:00,AA325040093,Ken
4/15/2025 0:00,AA325040094,Ken
4/15/2025 0:00,AA325040095,Ken
4/15/2025 0:00,AA325040096,Ken
4/15/2025 0:00,AA625040151,Don
4/15/2025 0:00,AA625040152,Don
4/15/2025 0:00,AA625040153,Don
4/15/2025 0:00,AA625040154,Don
4/15/2025 0:00,AA625040155,Don
4/15/2025 0:00,AA625040156,Don
4/15/2025 0:00,AA625040157,Don
4/15/2025 0:00,AA625040158,Don
4/15/2025 0:00,AA625040159,Don
4/15/2025 0:00,AA625040160,Don
4/15/2025 0:00,AA625040161,Don
4/15/2025 0:00,AA625040162,Don
4/15/2025 0:00,AA625040163,Don
4/15/2025 0:00,AA625040164,Don
4/15/2025 0:00,AA625040165,Don
4/15/2025 0:00,AA625040166,Don
4/15/2025 0:00,AA625040167,Don
4/15/2025 0:00,AA625040168,Don
4/15/2025 0:00,AA625040169,Don
4/15/2025 0:00,AA625040170,Don
4/15/2025 0:00,CC68041364,Kong
4/15/2025 0:00,CC68041365,Kong
4/15/2025 0:00,CC68041366,Kong
4/15/2025 0:00,CC68041367,Kong
4/15/2025 0:00,CC68041368,Kong
4/15/2025 0:00,CC68041369,Kong
4/15/2025 0:00,CC68041370,Kong
4/15/2025 0:00,CC68041371,Kong
4/15/2025 0:00,CC68041372,Kong
4/15/2025 0:00,CC68041373,Kong
4/15/2025 0:00,CI25041355,Ice
4/15/2025 0:00,CI25041356,Ice
4/15/2025 0:00,CI25041357,Ice
4/15/2025 0:00,CI25041358,Ice
4/15/2025 0:00,CI25041359,Ice
4/15/2025 0:00,CI25041360,Ice
4/15/2025 0:00,CI25041361,Ice
4/15/2025 0:00,CI25041362,Ice
4/15/2025 0:00,CI25041363,Ice
4/15/2025 0:00,CI25041364,Ice
4/15/2025 0:00,MC25041506,Ice
4/15/2025 0:00,MC25041507,Ice
4/15/2025 0:00,MC25041508,Ice
4/15/2025 0:00,MC25041509,Ice
4/15/2025 0:00,MC25041510,Ice
4/15/2025 0:00,MC25041511,Ice
4/15/2025 0:00,MC25041512,Ice
4/15/2025 0:00,MC25041513,Ice
4/15/2025 0:00,MC25041514,Ice
4/15/2025 0:00,MC25041515,Ice
4/15/2025 0:00,MC25041516,Ice
4/15/2025 0:00,MC25041517,Ice
4/15/2025 0:00,MC25041518,Ice
4/15/2025 0:00,MC25041519,Ice
4/15/2025 0:00,MC25041520,Ice
4/15/2025 0:00,MC25041521,Ice
4/15/2025 0:00,MC25041522,Ice
4/15/2025 0:00,MC25041523,Ice
4/15/2025 0:00,MC25041524,Ice
4/15/2025 0:00,MC25041525,Ice
4/15/2025 0:00,SCS25040086,Ice
4/15/2025 0:00,SCS25040087,Ice
4/15/2025 0:00,SCS25040088,Ice
4/15/2025 0:00,SCS25040089,Ice
4/15/2025 0:00,SCS25040090,Ice
4/15/2025 0:00,SCS25040091,Ice
4/15/2025 0:00,SCS25040092,Ice
4/15/2025 0:00,SCS25040093,Ice
4/15/2025 0:00,SCS25040094,Ice
4/15/2025 0:00,SCS25040095,Ice
4/15/2025 0:00,SCS25040096,Ice
4/15/2025 0:00,SCS25040097,Ice
4/15/2025 0:00,SCS25040098,Ice
4/15/2025 0:00,SCS25040099,Ice
4/15/2025 0:00,SCS25040100,Ice
4/15/2025 0:00,SCS25040101,Ice
4/15/2025 0:00,SCS25040102,Ice
4/15/2025 0:00,SCS25040103,Ice
4/15/2025 0:00,SCS25040104,Ice
4/15/2025 0:00,SCS25040105,Ice
4/15/2025 0:00,SCS25040106,Ice
4/21/2025 0:00,A204156096480386,Ken
4/21/2025 0:00,A204156096480389,Ken
4/21/2025 0:00,A204156096480395,Ken
4/21/2025 0:00,A204156096480401,Ken
4/21/2025 0:00,A204156096480433,Ken
4/21/2025 0:00,A204156096480434,Ken
4/21/2025 0:00,A204156096480435,Ken
4/21/2025 0:00,A204156096480436,Ken
4/21/2025 0:00,A204156096480449,Ken
4/21/2025 0:00,A204156096480477,Ken
4/22/2025 0:00,A204156096480390,Ken
4/22/2025 0:00,A204156096480394,Ken
4/22/2025 0:00,A204156096480399,Ken
4/22/2025 0:00,A204156096480400,Ken
4/22/2025 0:00,A204156096480407,Ken
4/22/2025 0:00,A204156096480408,Ken
4/22/2025 0:00,A204156096480469,Ken
4/22/2025 0:00,A204156096480474,Ken
4/22/2025 0:00,A204156096480475,Ken
4/22/2025 0:00,A204156096480479,Ken
4/22/2025 0:00,AL25040777,Ice
4/22/2025 0:00,AL25040778,Ice
4/22/2025 0:00,AL25040779,Ice
4/22/2025 0:00,AL25040780,Ice
4/22/2025 0:00,AL25040781,Ice
4/22/2025 0:00,AL25040782,Ice
4/22/2025 0:00,AL25040783,Ice
4/22/2025 0:00,AL25040784,Ice
4/22/2025 0:00,AL25040785,Ice
4/22/2025 0:00,AL25040786,Ice
4/22/2025 0:00,AL25040787,Ice
4/22/2025 0:00,AL25040788,Ice
4/22/2025 0:00,AL25040789,Ice
4/22/2025 0:00,AL25040790,Ice
4/22/2025 0:00,AL25040791,Ice
4/22/2025 0:00,AL25040792,Ice
4/22/2025 0:00,AL25040793,Ice
4/22/2025 0:00,AL25040794,Ice
4/22/2025 0:00,AL25040795,Ice
4/22/2025 0:00,AL25040796,Ice
4/24/2025 0:00,BS25040426,Ice
4/24/2025 0:00,BS25040427,Ice
4/24/2025 0:00,BS25040428,Ice
4/24/2025 0:00,BS25040429,Ice
4/24/2025 0:00,BS25040430,Ice
4/24/2025 0:00,BS25040431,Ice
4/24/2025 0:00,BS25040432,Ice
4/24/2025 0:00,BS25040433,Ice
4/24/2025 0:00,BS25040434,Ice
4/24/2025 0:00,BS25040435,Ice
4/25/2025 0:00,BP25041715,Tom
4/25/2025 0:00,BP25041716,Tom
4/25/2025 0:00,BP25041717,Tom
4/25/2025 0:00,BP25041718,Tom
4/25/2025 0:00,BP25041719,Tom
4/25/2025 0:00,BP25041720,Tom
4/25/2025 0:00,BP25041721,Tom
4/25/2025 0:00,BP25041722,Tom
4/25/2025 0:00,BP25041723,Tom
4/25/2025 0:00,BP25041724,Tom
4/25/2025 0:00,RM25040031,Ice
4/25/2025 0:00,RM25040032,Ice
4/29/2025 0:00,A204156096480287,Ken
4/29/2025 0:00,A204156096480393,Ken
4/29/2025 0:00,A204156096480406,Ken
4/29/2025 0:00,A204156096480446,Ken
4/29/2025 0:00,A204156096480470,Ken
4/29/2025 0:00,A204156096480471,Ken
4/29/2025 0:00,A204156096480472,Ken
4/29/2025 0:00,A204156096480473,Ken
4/29/2025 0:00,A204156096480478,Ken
4/29/2025 0:00,A204156096480480,Ken
4/30/2025 0:00,SC425041207,Ice
4/30/2025 0:00,SC425051208,Kong
4/30/2025 0:00,SC425051209,Kong
4/30/2025 0:00,SC425051210,Kong
4/30/2025 0:00,SC425051211,Kong
4/30/2025 0:00,SC425051212,Kong
4/30/2025 0:00,SC425051213,Kong
4/30/2025 0:00,SC425051214,Kong
4/30/2025 0:00,SC425051215,Kong
4/30/2025 0:00,SC425051216,Kong
4/30/2025 0:00,SC425051217,Kong
4/30/2025 0:00,SC425051218,Kong
4/30/2025 0:00,SC425051219,Kong
4/30/2025 0:00,SC425051220,Kong
4/30/2025 0:00,SC425051221,Kong
4/30/2025 0:00,SC425051222,Kong
4/30/2025 0:00,SC425051223,Kong
4/30/2025 0:00,SC425051224,Kong
4/30/2025 0:00,SC425051225,Kong
4/30/2025 0:00,SC425051226,Kong
4/30/2025 0:00,SC425051227,Kong
4/30/2025 0:00,SC425051228,Kong
4/30/2025 0:00,SC425051229,Kong
4/30/2025 0:00,SC425051230,Kong
4/30/2025 0:00,SC425051231,Kong
4/30/2025 0:00,SC425051232,Kong
4/30/2025 0:00,SC425051233,Kong
4/30/2025 0:00,SC425051234,Kong
4/30/2025 0:00,SC425051235,Kong
4/30/2025 0:00,SC425051236,Kong
5/2/2025 0:00,A204156096480437,Ken
5/2/2025 0:00,A204156096480438,Ken
5/2/2025 0:00,A204156096480439,Ken
5/2/2025 0:00,A204156096480447,Ken
5/2/2025 0:00,A204156096480448,Ken
5/2/2025 0:00,A204156096480450,Ken
5/2/2025 0:00,A204156096480451,Ken
5/2/2025 0:00,A204156096480452,Ken
5/2/2025 0:00,A204156096480454,Ken
5/2/2025 0:00,A204156096480455,Ken
5/7/2025 0:00,BP25051725,Tom
5/7/2025 0:00,BP25051726,Tom
5/7/2025 0:00,BP25051727,Tom
5/7/2025 0:00,BP25051728,Tom
5/7/2025 0:00,BP25051729,Tom
5/7/2025 0:00,BP25051730,Tom
5/7/2025 0:00,BP25051731,Tom
5/7/2025 0:00,BP25051732,Tom
5/7/2025 0:00,BP25051733,Tom
5/7/2025 0:00,BP25051734,Tom
5/7/2025 0:00,BS25050436,Ice
5/7/2025 0:00,BS25050437,Ice
5/7/2025 0:00,BS25050438,Ice
5/7/2025 0:00,BS25050439,Ice
5/7/2025 0:00,BS25050440,Ice
5/7/2025 0:00,BS25050441,Ice
5/7/2025 0:00,BS25050442,Ice
5/7/2025 0:00,BS25050443,Ice
5/7/2025 0:00,BS25050444,Ice
5/7/2025 0:00,BS25050445,Ice
5/8/2025 0:00,SC425051237,Kong
5/8/2025 0:00,SC425051238,Kong
5/8/2025 0:00,SC425051239,Kong
5/8/2025 0:00,SC425051240,Kong
5/8/2025 0:00,SC425051241,Kong
5/8/2025 0:00,SC425051242,Kong
5/8/2025 0:00,SC425051243,Kong
5/8/2025 0:00,SC425051244,Kong
5/8/2025 0:00,SC425051245,Kong
5/8/2025 0:00,SC425051246,Kong
5/13/2025 0:00,A204156096480273,Ken
5/13/2025 0:00,A204156096480275,Ken
5/13/2025 0:00,A204156096480278,Ken
5/13/2025 0:00,A204156096480279,Ken
5/13/2025 0:00,A204156096480283,Ken
5/13/2025 0:00,A204156096480288,Ken
5/13/2025 0:00,A204156096480414,Ken
5/13/2025 0:00,A204156096480415,Ken
5/13/2025 0:00,A204156096480416,Ken
5/13/2025 0:00,A204156096480429,Ken
5/14/2025 0:00,A204156096480193,Ken
5/14/2025 0:00,A204156096480195,Ken
5/14/2025 0:00,A204156096480196,Ken
5/14/2025 0:00,A204156096480197,Ken
5/14/2025 0:00,A204156096480198,Ken
5/14/2025 0:00,A204156096480200,Ken
5/14/2025 0:00,A204156096480201,Ken
5/14/2025 0:00,A204156096480202,Ken
5/14/2025 0:00,A204156096480203,Ken
5/14/2025 0:00,A204156096480205,Ken
5/14/2025 0:00,A204156096480206,Ken
5/14/2025 0:00,A204156096480208,Ken
5/14/2025 0:00,A204156096480209,Ken
5/14/2025 0:00,A204156096480210,Ken
5/14/2025 0:00,A204156096480212,Ken
5/14/2025 0:00,A204156096480214,Ken
5/14/2025 0:00,A204156096480215,Ken
5/14/2025 0:00,A204156096480216,Ken
5/14/2025 0:00,A204156096480409,Ken
5/14/2025 0:00,A204156096480410,Ken
5/14/2025 0:00,A204156096480411,Ken
5/14/2025 0:00,A204156096480412,Ken
5/14/2025 0:00,A204156096480413,Ken
5/14/2025 0:00,A204156096480417,Ken
5/14/2025 0:00,A204156096480418,Kong
5/14/2025 0:00,A204156096480419,Ken
5/14/2025 0:00,A204156096480420,Ken
5/14/2025 0:00,A204156096480427,Ken
5/14/2025 0:00,A204156096480428,Ken
5/14/2025 0:00,A204156096480430,Ken
5/14/2025 0:00,A204156096480431,Ken
5/14/2025 0:00,A204156096480432,Ken
5/14/2025 0:00,A204156096480440,Ken
5/14/2025 0:00,A204156096480441,Ken
5/14/2025 0:00,A204156096480442,Ken
5/14/2025 0:00,A204156096480443,Ken
5/14/2025 0:00,A204156096480444,Ken
5/14/2025 0:00,A204156096480445,Ken
5/14/2025 0:00,A204156096480481,Ken
5/14/2025 0:00,A204156096480482,Ken
5/14/2025 0:00,A204156096480483,Ken
5/14/2025 0:00,A204156096480484,Ken
5/14/2025 0:00,A204156096480485,Ken
5/14/2025 0:00,A204156096480486,Ken
5/14/2025 0:00,A204156096480487,Ken
5/14/2025 0:00,A204156096480488,Ken
5/14/2025 0:00,A204156096480489,Ken
5/14/2025 0:00,A204156096480490,Ken
5/14/2025 0:00,A204156096480491,Ken
5/14/2025 0:00,A204156096480492,Ken
5/15/2025 0:00,AA325050097,Kong
5/15/2025 0:00,AA325050098,Kong
5/15/2025 0:00,AA325050099,Kong
5/15/2025 0:00,AA325050100,Kong
5/15/2025 0:00,AA325050101,Kong
5/15/2025 0:00,AA325050102,Kong
5/15/2025 0:00,AA325050103,Kong
5/15/2025 0:00,AA325050104,Kong
5/15/2025 0:00,AA325050105,Kong
5/15/2025 0:00,AA325050106,Kong
5/15/2025 0:00,AA325050107,Kong
5/15/2025 0:00,AA325050108,Kong
5/15/2025 0:00,AA325050109,Kong
5/15/2025 0:00,AA325050110,Kong
5/15/2025 0:00,AA325050111,Kong
5/15/2025 0:00,AA325050112,Kong
5/15/2025 0:00,AA325050113,Kong
5/15/2025 0:00,AA325050114,Kong
5/15/2025 0:00,AA325050115,Kong
5/15/2025 0:00,AA325050116,Kong
5/15/2025 0:00,AA325050117,Kong
5/15/2025 0:00,BSF25051091,Kong
5/15/2025 0:00,BSF25051092,Kong
5/15/2025 0:00,BSF25051093,Kong
5/15/2025 0:00,BSF25051094,Kong
5/15/2025 0:00,BSF25051095,Kong
5/15/2025 0:00,BSF25051096,Kong
5/15/2025 0:00,BSF25051097,Kong
5/15/2025 0:00,BSF25051098,Kong
5/15/2025 0:00,BSF25051099,Kong
5/15/2025 0:00,BSF25051100,Kong
5/15/2025 0:00,BSF25051101,Kong
5/15/2025 0:00,BSF25051102,Kong
5/15/2025 0:00,BSF25051103,Kong
5/15/2025 0:00,BSF25051104,Kong
5/15/2025 0:00,BSF25051105,Kong
5/15/2025 0:00,BSF25051106,Kong
5/15/2025 0:00,BSF25051107,Kong
5/15/2025 0:00,BSF25051108,Kong
5/15/2025 0:00,BSF25051109,Kong
5/15/2025 0:00,BSG25050344,Ice
5/15/2025 0:00,BSG25050345,Ice
5/15/2025 0:00,BSG25050346,Ice
5/15/2025 0:00,BSG25050347,Ice
5/15/2025 0:00,BSG25050348,Ice
5/15/2025 0:00,BSG25050349,Ice
5/15/2025 0:00,BSG25050350,Ice
5/15/2025 0:00,BSG25050351,Ice
5/15/2025 0:00,BSG25050352,Ice
5/15/2025 0:00,BSG25050353,Ice
5/15/2025 0:00,CC68051374,Kong
5/15/2025 0:00,CC68051375,Kong
5/15/2025 0:00,CC68051376,Kong
5/15/2025 0:00,CC68051377,Kong
5/15/2025 0:00,CC68051378,Kong
5/15/2025 0:00,CC68051379,Kong
5/15/2025 0:00,CC68051380,Kong
5/15/2025 0:00,CC68051381,Kong
5/15/2025 0:00,CC68051382,Kong
5/15/2025 0:00,CC68051383,Kong
5/15/2025 0:00,CI25051365,Kong
5/15/2025 0:00,CI25051366,Kong
5/15/2025 0:00,CI25051367,Kong
5/15/2025 0:00,CI25051368,Kong
5/15/2025 0:00,CI25051369,Kong
5/15/2025 0:00,CI25051370,Kong
5/15/2025 0:00,CI25051371,Kong
5/15/2025 0:00,CI25051372,Kong
5/15/2025 0:00,CI25051373,Kong
5/15/2025 0:00,CI25051374,Kong
5/15/2025 0:00,MC25051526,Ice
5/15/2025 0:00,MC25051527,Ice
5/15/2025 0:00,MC25051528,Ice
5/15/2025 0:00,MC25051529,Ice
5/15/2025 0:00,MC25051530,Ice
5/15/2025 0:00,MC25051531,Ice
5/15/2025 0:00,MC25051532,Ice
5/15/2025 0:00,MC25051533,Ice
5/15/2025 0:00,MC25051534,Ice
5/15/2025 0:00,MC25051535,Ice
5/15/2025 0:00,MC25051536,Ice
5/15/2025 0:00,MC25051537,Ice
5/15/2025 0:00,MC25051538,Ice
5/15/2025 0:00,MC25051539,Ice
5/15/2025 0:00,MC25051540,Ice
5/15/2025 0:00,MC25051541,Ice
5/15/2025 0:00,MC25051542,Ice
5/15/2025 0:00,MC25051543,Ice
5/15/2025 0:00,MC25051544,Ice
5/15/2025 0:00,MC25051545,Ice
5/15/2025 0:00,MC25051546,Ice
5/15/2025 0:00,MC25051547,Ice
5/15/2025 0:00,MC25051548,Ice
5/15/2025 0:00,MC25051549,Ice
5/15/2025 0:00,MC25051550,Ice
5/15/2025 0:00,MC25051551,Ice
5/15/2025 0:00,MC25051552,Ice
5/15/2025 0:00,MC25051553,Ice
5/15/2025 0:00,MC25051554,Ice
5/15/2025 0:00,MC25051555,Ice
5/15/2025 0:00,MC25051556,Ice
5/15/2025 0:00,MC25051557,Ice
5/15/2025 0:00,MC25051558,Ice
5/15/2025 0:00,MC25051559,Ice
5/15/2025 0:00,MC25051560,Ice
5/15/2025 0:00,MC25051561,Ice
5/15/2025 0:00,MC25051562,Ice
5/15/2025 0:00,MC25051563,Ice
5/15/2025 0:00,MC25051564,Ice
5/15/2025 0:00,MC25051565,Ice
5/15/2025 0:00,SCS25050107,Ice
5/15/2025 0:00,SCS25050108,Ice
5/15/2025 0:00,SCS25050109,Ice
5/15/2025 0:00,SW25050387,Ice
5/15/2025 0:00,SW25050388,Ice
5/15/2025 0:00,SW25050389,Ice
5/15/2025 0:00,SW25050390,Ice
5/15/2025 0:00,SW25050391,Ice
5/15/2025 0:00,SW25050392,Ice
5/15/2025 0:00,SW25050393,Ice
5/15/2025 0:00,SW25050394,Ice
5/15/2025 0:00,SW25050395,Ice
5/15/2025 0:00,SW25050396,Ice
5/15/2025 0:00,SW25050397,Ice
5/15/2025 0:00,SW25050398,Ice
5/15/2025 0:00,SW25050399,Ice
5/15/2025 0:00,SW25050400,Ice
5/15/2025 0:00,SW25050401,Ice
5/15/2025 0:00,SW25050402,Ice
5/15/2025 0:00,SW25050403,Ice
5/15/2025 0:00,SW25050404,Ice
5/15/2025 0:00,SW25050405,Ice
5/15/2025 0:00,SW25050406,Ice
5/17/2025 0:00,AL25040797,Ice
5/17/2025 0:00,AL25040798,Ice
5/17/2025 0:00,AL25040799,Ice
5/17/2025 0:00,AL25040800,Ice
5/17/2025 0:00,AL25040801,Ice
5/17/2025 0:00,AL25040802,Ice
5/17/2025 0:00,AL25040803,Ice
5/17/2025 0:00,AL25040804,Ice
5/17/2025 0:00,AL25040805,Ice
5/17/2025 0:00,AL25040806,Ice
5/17/2025 0:00,AL25040807,Ice
5/17/2025 0:00,AL25040808,Ice
5/17/2025 0:00,AL25040809,Ice
5/17/2025 0:00,AL25040810,Ice
5/17/2025 0:00,AL25040811,Ice
5/17/2025 0:00,AL25040812,Ice
5/17/2025 0:00,AL25040813,Ice
5/17/2025 0:00,AL25040814,Ice
5/17/2025 0:00,AL25040815,Ice
5/17/2025 0:00,AL25040816,Ice
5/17/2025 0:00,SC425051247,Kong
5/17/2025 0:00,SC425051248,Kong
5/17/2025 0:00,SC425051249,Kong
5/17/2025 0:00,SC425051250,Kong
5/17/2025 0:00,SC425051251,Kong
5/17/2025 0:00,SC425051252,Kong
5/17/2025 0:00,SC425051253,Kong
5/17/2025 0:00,SC425051254,Kong
5/17/2025 0:00,SC425051255,Kong
5/17/2025 0:00,SC425051256,Kong
5/17/2025 0:00,SC425061257,Kong
5/17/2025 0:00,SC425061258,Kong
5/17/2025 0:00,SC425061259,Kong
5/17/2025 0:00,SC425061260,Kong
5/17/2025 0:00,SC425061261,Kong
5/17/2025 0:00,SC425061262,Kong
5/17/2025 0:00,SC425061263,Kong
5/17/2025 0:00,SC425061264,Kong
5/17/2025 0:00,SC425061265,Kong
5/17/2025 0:00,SC425061266,Kong
5/22/2025 0:00,A204156096480222,Kong
5/22/2025 0:00,A204156096480225,Kong
5/22/2025 0:00,A204156096480234,Kong
5/22/2025 0:00,A204156096480426,Kong
5/22/2025 0:00,A204156096480453,Kong
5/22/2025 0:00,A204156096480456,Kong
5/22/2025 0:00,A204156096480494,Kong
5/22/2025 0:00,A204156096480496,Kong
5/22/2025 0:00,A204156096480499,Kong
5/22/2025 0:00,A204156096480500,Kong
5/23/2025 0:00,BM25051331,Tom
5/23/2025 0:00,BM25051332,Tom
5/23/2025 0:00,BM25051333,Tom
5/23/2025 0:00,BM25051334,Tom
5/23/2025 0:00,BM25051335,Tom
5/23/2025 0:00,BM25051336,Tom
5/23/2025 0:00,BM25051337,Tom
5/23/2025 0:00,BM25051338,Tom
5/23/2025 0:00,BM25051339,Tom
5/23/2025 0:00,BM25051340,Tom
5/27/2025 0:00,BS25050446,Ice
5/27/2025 0:00,BS25050447,Ice
5/27/2025 0:00,BS25050448,Ice
5/27/2025 0:00,BS25050449,Ice
5/27/2025 0:00,BS25050450,Ice
5/27/2025 0:00,BS25050451,Ice
5/27/2025 0:00,BS25050452,Ice
5/27/2025 0:00,BS25050453,Ice
5/27/2025 0:00,BS25050454,Ice
5/27/2025 0:00,BS25050455,Ice
5/27/2025 0:00,SC425061267,Kong
5/27/2025 0:00,SC425061268,Kong
5/27/2025 0:00,SC425061269,Kong
5/27/2025 0:00,SC425061270,Kong
5/27/2025 0:00,SC425061271,Kong
5/27/2025 0:00,SC425061272,Kong
5/27/2025 0:00,SC425061273,Kong
5/27/2025 0:00,SC425061274,Kong
5/27/2025 0:00,SC425061275,Kong
5/27/2025 0:00,SC425061276,Kong
5/27/2025 0:00,SC425061277,Kong
5/27/2025 0:00,SC425061278,Kong
5/27/2025 0:00,SC425061279,Kong
5/27/2025 0:00,SC425061280,Kong
5/27/2025 0:00,SC425061281,Kong
5/27/2025 0:00,SC425061282,Kong
5/27/2025 0:00,SC425061283,Kong
5/27/2025 0:00,SC425061284,Kong
5/27/2025 0:00,SC425061285,Kong
5/27/2025 0:00,SC425061286,Kong
5/29/2025 0:00,BP25051735,Tom
5/29/2025 0:00,BP25051736,Tom
5/29/2025 0:00,BP25051737,Tom
5/29/2025 0:00,BP25051738,Tom
5/29/2025 0:00,BP25051739,Tom
5/29/2025 0:00,BP25051740,Tom
5/29/2025 0:00,BP25051741,Tom
5/29/2025 0:00,BP25051742,Tom
5/29/2025 0:00,BP25051743,Tom
5/29/2025 0:00,BP25051744,Tom
5/31/2025 0:00,BP25051745,Tom
5/31/2025 0:00,BP25051746,Tom
5/31/2025 0:00,BP25051747,Tom
5/31/2025 0:00,BP25051748,Tom
5/31/2025 0:00,BP25051749,Tom
5/31/2025 0:00,BP25051750,Tom
5/31/2025 0:00,BP25051751,Tom
5/31/2025 0:00,BP25051752,Tom
5/31/2025 0:00,BP25051753,Tom
5/31/2025 0:00,BP25051754,Tom
6/9/2025 0:00,AL25060817,Ice
6/9/2025 0:00,AL25060818,Ice
6/9/2025 0:00,AL25060819,Ice
6/9/2025 0:00,AL25060820,Ice
6/9/2025 0:00,AL25060821,Ice
6/9/2025 0:00,AL25060822,Ice
6/9/2025 0:00,AL25060823,Ice
6/9/2025 0:00,AL25060824,Ice
6/9/2025 0:00,AL25060825,Ice
6/9/2025 0:00,AL25060826,Ice
6/9/2025 0:00,AL25060827,Ice
6/9/2025 0:00,AL25060828,Ice
6/9/2025 0:00,AL25060829,Ice
6/9/2025 0:00,AL25060830,Ice
6/9/2025 0:00,AL25060831,Ice
6/9/2025 0:00,AL25060832,Ice
6/9/2025 0:00,AL25060833,Ice
6/9/2025 0:00,AL25060834,Ice
6/9/2025 0:00,AL25060835,Ice
6/9/2025 0:00,AL25060836,Ice
6/9/2025 0:00,BS25060456,Ice
6/9/2025 0:00,BS25060457,Ice
6/9/2025 0:00,BS25060458,Ice
6/9/2025 0:00,BS25060459,Ice
6/9/2025 0:00,BS25060460,Ice
6/9/2025 0:00,BS25060461,Ice
6/9/2025 0:00,BS25060462,Ice
6/9/2025 0:00,BS25060463,Ice
6/9/2025 0:00,BS25060464,Ice
6/9/2025 0:00,BS25060465,Ice
6/12/2025 0:00,BS25060466,Ice
6/12/2025 0:00,BS25060467,Ice
6/12/2025 0:00,BS25060468,Ice
6/12/2025 0:00,BS25060469,Ice
6/12/2025 0:00,BS25060470,Ice
6/12/2025 0:00,BS25060471,Ice
6/12/2025 0:00,BS25060472,Ice
6/12/2025 0:00,BS25060473,Ice
6/12/2025 0:00,BS25060474,Ice
6/12/2025 0:00,BS25070475,Ice
6/13/2025 0:00,A204156096480221,Kong
6/13/2025 0:00,A204156096480227,Kong
6/13/2025 0:00,A204156096480239,Kong
6/13/2025 0:00,A204156096480240,Kong
6/13/2025 0:00,A204156096480421,Kong
6/13/2025 0:00,A204156096480422,Kong
6/13/2025 0:00,A204156096480423,Kong
6/13/2025 0:00,A204156096480424,Kong
6/13/2025 0:00,A204156096480425,Kong
6/14/2025 0:00,SC425061287,Kong
6/14/2025 0:00,SC425061288,Kong
6/14/2025 0:00,SC425061289,Kong
6/14/2025 0:00,SC425061290,Kong
6/14/2025 0:00,SC425061291,Kong
6/14/2025 0:00,SC425061292,Kong
6/14/2025 0:00,SC425061293,Kong
6/14/2025 0:00,SC425061294,Kong
6/14/2025 0:00,SC425061295,Kong
6/14/2025 0:00,SC425061296,Kong
6/16/2025 0:00,BSF25061110,Kong
6/16/2025 0:00,BSF25061111,Kong
6/16/2025 0:00,BSF25061112,Kong
6/16/2025 0:00,BSF25061113,Kong
6/16/2025 0:00,BSF25061114,Kong
6/16/2025 0:00,BSF25061115,Kong
6/16/2025 0:00,BSF25061116,Kong
6/16/2025 0:00,BSF25061117,Kong
6/16/2025 0:00,BSF25061118,Kong
6/16/2025 0:00,BSF25061119,Kong
6/16/2025 0:00,RM25060033,Ice
6/16/2025 0:00,RM25060034,Ice
6/16/2025 0:00,RM25060035,Ice
6/16/2025 0:00,RM25060036,Ice
6/16/2025 0:00,RM25060037,Ice
6/16/2025 0:00,RM25060038,Ice
6/16/2025 0:00,RM25060039,Ice
6/16/2025 0:00,RM25060040,Ice
6/16/2025 0:00,RM25060041,Ice
6/16/2025 0:00,RM25060042,Ice
6/16/2025 0:00,SCS25060110,Ice
6/16/2025 0:00,SCS25060111,Ice
6/16/2025 0:00,SCS25060112,Ice
6/16/2025 0:00,SCS25060113,Ice
6/16/2025 0:00,SCS25060114,Ice
6/16/2025 0:00,SCS25060115,Ice
6/16/2025 0:00,SCS25060116,Ice
6/16/2025 0:00,SCS25060117,Ice
6/16/2025 0:00,SCS25060118,Ice
6/16/2025 0:00,SCS25060119,Ice
6/16/2025 0:00,SCS25060120,Ice
6/16/2025 0:00,SCS25060121,Ice
6/16/2025 0:00,SCS25060122,Ice
6/16/2025 0:00,SCS25060123,Ice
6/16/2025 0:00,SCS25060124,Ice
6/23/2025 0:00,BP25061755,Tom
6/23/2025 0:00,BP25061756,Tom
6/23/2025 0:00,BP25061757,Tom
6/23/2025 0:00,BP25061758,Tom
6/23/2025 0:00,BP25061759,Tom
6/23/2025 0:00,BP25061760,Tom
6/23/2025 0:00,BP25061761,Tom
6/23/2025 0:00,BP25061762,Tom
6/23/2025 0:00,BP25061763,Tom
6/23/2025 0:00,BP25061764,Tom
6/23/2025 0:00,BP25061765,Tom
6/23/2025 0:00,BP25061766,Tom
6/23/2025 0:00,BP25061767,Tom
6/23/2025 0:00,BP25061768,Tom
6/23/2025 0:00,BP25061769,Tom
6/23/2025 0:00,BP25061770,Tom
6/23/2025 0:00,BP25061771,Tom
6/23/2025 0:00,BP25061772,Tom
6/23/2025 0:00,BP25061773,Tom
6/23/2025 0:00,BP25061774,Tom
6/27/2025 0:00,A204156096480217,Kong
6/27/2025 0:00,A204156096480218,Kong
6/27/2025 0:00,A204156096480219,Kong
6/27/2025 0:00,A204156096480220,Kong
6/27/2025 0:00,A204156096480224,Kong
6/27/2025 0:00,A204156096480228,Kong
6/27/2025 0:00,A204156096480229,Kong
6/27/2025 0:00,A204156096480230,Kong
6/27/2025 0:00,A204156096480231,Kong
6/27/2025 0:00,A204156096480235,Kong
6/27/2025 0:00,A204156096480238,Kong
6/27/2025 0:00,A204156096480274,Kong
6/27/2025 0:00,A204156096480276,Kong
6/27/2025 0:00,A204156096480280,Kong
6/27/2025 0:00,A204156096480281,Kong
6/27/2025 0:00,A204156096480285,Kong
6/27/2025 0:00,A204156096480339,Kong
6/27/2025 0:00,A204156096480347,Kong
6/27/2025 0:00,A204156096480348,Kong
6/27/2025 0:00,A204156096480350,Kong
6/27/2025 0:00,A204156096480355,Kong
6/27/2025 0:00,A204156096480359,Kong
6/27/2025 0:00,A204156096480387,Kong
6/27/2025 0:00,A204156096480391,Kong
6/27/2025 0:00,A204156096480392,Kong
6/27/2025 0:00,A204156096480464,Kong
6/27/2025 0:00,A204156096480465,Kong
6/28/2025 0:00,AA325060118,Kong
6/28/2025 0:00,AA325060119,Kong
6/30/2025 0:00,AL25060837,Ice
6/30/2025 0:00,AL25060838,Ice
6/30/2025 0:00,AL25060839,Ice
6/30/2025 0:00,AL25060840,Ice
6/30/2025 0:00,AL25060841,Ice
6/30/2025 0:00,AL25060842,Ice
6/30/2025 0:00,AL25060843,Ice
6/30/2025 0:00,AL25060844,Ice
6/30/2025 0:00,AL25060845,Ice
6/30/2025 0:00,AL25060846,Ice
6/30/2025 0:00,AL25060847,Ice
6/30/2025 0:00,AL25060848,Ice
6/30/2025 0:00,AL25060849,Ice
6/30/2025 0:00,AL25060850,Ice
6/30/2025 0:00,AL25060851,Ice
6/30/2025 0:00,AL25060852,Ice
6/30/2025 0:00,AL25060853,Ice
6/30/2025 0:00,AL25060854,Ice
6/30/2025 0:00,AL25060855,Ice
6/30/2025 0:00,AL25060856,Ice
7/2/2025 0:00,AA325070120,Kong
7/2/2025 0:00,AA325070121,Kong
7/2/2025 0:00,AA325070122,Kong
7/2/2025 0:00,AA325070123,Kong
7/2/2025 0:00,AA325070124,Kong
7/2/2025 0:00,AA325070125,Kong
7/2/2025 0:00,AA325070126,Kong
7/2/2025 0:00,AA325070127,Kong
7/2/2025 0:00,AA325070128,Kong
7/2/2025 0:00,AA325070129,Kong
7/2/2025 0:00,BS25070476,Ice
7/2/2025 0:00,BS25070477,Ice
7/2/2025 0:00,BS25070478,Ice
7/2/2025 0:00,BS25070479,Ice
7/2/2025 0:00,BS25070480,Ice
7/2/2025 0:00,BS25070481,Ice
7/2/2025 0:00,BS25070482,Ice
7/2/2025 0:00,BS25070483,Ice
7/2/2025 0:00,BS25070484,Ice
7/2/2025 0:00,BS25070485,Ice
7/3/2025 0:00,AA325070130,Kong
7/3/2025 0:00,AA325070131,Kong
7/3/2025 0:00,AA325070132,Kong
7/3/2025 0:00,AA325070133,Kong
7/3/2025 0:00,AA325070134,Kong
7/3/2025 0:00,AA325070135,Kong
7/3/2025 0:00,AA325070136,Kong
7/4/2025 0:00,AL25070857,Ice
7/4/2025 0:00,AL25070858,Ice
7/4/2025 0:00,AL25070859,Ice
7/4/2025 0:00,AL25070860,Ice
7/4/2025 0:00,AL25070861,Ice
7/4/2025 0:00,AL25070862,Ice
7/4/2025 0:00,AL25070863,Ice
7/4/2025 0:00,AL25070864,Ice
7/4/2025 0:00,AL25070865,Ice
7/4/2025 0:00,AL25070866,Ice
7/9/2025 0:00,A204156096480345,Kong
7/9/2025 0:00,A204156096480352,Kong
7/9/2025 0:00,A204156096480462,Kong
7/9/2025 0:00,A204156096480463,Kong
7/10/2025 0:00,A204156096480140,Kong
7/10/2025 0:00,A204156096480141,Kong
7/10/2025 0:00,A204156096480265,Kong
7/10/2025 0:00,A204156096480266,Kong
7/10/2025 0:00,A204156096480271,Kong
7/10/2025 0:00,A204156096480337,Kong
7/10/2025 0:00,A204156096480338,Kong
7/10/2025 0:00,A204156096480342,Kong
7/10/2025 0:00,A204156096480346,Kong
7/10/2025 0:00,A204156096480349,Kong
7/10/2025 0:00,A204156096480353,Kong
7/10/2025 0:00,A204156096480354,Kong
7/10/2025 0:00,A204156096480360,Kong
7/10/2025 0:00,A204156096480461,Kong
7/10/2025 0:00,A204156096480466,Kong
7/10/2025 0:00,A204156096480495,Kong
7/10/2025 0:00,BS25070486,Ice
7/10/2025 0:00,BS25070487,Ice
7/10/2025 0:00,BS25070488,Ice
7/10/2025 0:00,BS25070489,Ice
7/10/2025 0:00,BS25070490,Ice
7/10/2025 0:00,BS25070491,Ice
7/10/2025 0:00,BS25070492,Ice
7/10/2025 0:00,BS25070493,Ice
7/10/2025 0:00,BS25070494,Ice
7/10/2025 0:00,BS25070495,Ice
7/11/2025 0:00,A204156096480139,Kong
7/11/2025 0:00,A204156096480142,Kong
7/11/2025 0:00,A204156096480267,Kong
7/11/2025 0:00,A204156096480268,Kong
7/11/2025 0:00,A204156096480269,Kong
7/11/2025 0:00,A204156096480270,Kong
7/11/2025 0:00,A204156096480272,Kong
7/11/2025 0:00,A204156096480277,Kong
7/11/2025 0:00,A204156096480282,Kong
7/11/2025 0:00,A204156096480284,Kong
7/11/2025 0:00,A204156096480388,Kong
7/11/2025 0:00,A204156096480493,Kong
7/11/2025 0:00,A204156096480497,Kong
7/11/2025 0:00,A204156096480498,Kong
7/15/2025 0:00,AA1225070232,Don
7/15/2025 0:00,AA1225070233,Don
7/15/2025 0:00,AA1225070234,Don
7/15/2025 0:00,AA1225070235,Don
7/15/2025 0:00,AA1225070236,Don
7/15/2025 0:00,AA1225070237,Don
7/15/2025 0:00,AA1225070238,Don
7/15/2025 0:00,AA1225070239,Don
7/15/2025 0:00,AA1225070240,Don
7/15/2025 0:00,AA1225070241,Don
7/15/2025 0:00,AA1225070242,Don
7/15/2025 0:00,AA1225070243,Don
7/15/2025 0:00,AA1225070244,Don
7/15/2025 0:00,AA1225070245,Don
7/15/2025 0:00,AA1225070246,Don
7/15/2025 0:00,AA1225070247,Don
7/15/2025 0:00,AA1225070248,Don
7/15/2025 0:00,AA1225070249,Don
7/15/2025 0:00,AA1225070250,Don
7/15/2025 0:00,AA1225070251,Don
7/15/2025 0:00,AA625070171,Don
7/15/2025 0:00,AA625070172,Don
7/15/2025 0:00,AA625070173,Don
7/15/2025 0:00,AA625070174,Don
7/15/2025 0:00,AA625070175,Don
7/15/2025 0:00,AA625070176,Don
7/15/2025 0:00,AA625070177,Don
7/15/2025 0:00,AA625070178,Don
7/15/2025 0:00,AA625070179,Don
7/15/2025 0:00,AA625070180,Don
7/15/2025 0:00,AA625070181,Don
7/15/2025 0:00,AA625070182,Don
7/15/2025 0:00,AA625070183,Don
7/15/2025 0:00,AA625070184,Don
7/15/2025 0:00,AA625070185,Don
7/15/2025 0:00,AA625070186,Don
7/15/2025 0:00,AA625070187,Don
7/15/2025 0:00,AA625070188,Don
7/15/2025 0:00,AA625070189,Don
7/15/2025 0:00,AA625070190,Don
7/15/2025 0:00,BSF25071120,Kong
7/15/2025 0:00,BSF25071121,Kong
7/15/2025 0:00,BSF25071122,Kong
7/15/2025 0:00,BSF25071123,Kong
7/15/2025 0:00,BSF25071124,Kong
7/15/2025 0:00,BSF25071125,Kong
7/15/2025 0:00,BSF25071126,Kong
7/15/2025 0:00,BSF25071127,Kong
7/15/2025 0:00,BSF25071128,Kong
7/15/2025 0:00,BSF25071129,Kong
7/15/2025 0:00,BSF25071130,Kong
7/15/2025 0:00,BSF25071131,Kong
7/15/2025 0:00,BSF25071132,Kong
7/15/2025 0:00,BSF25071133,Kong
7/15/2025 0:00,BSF25071134,Kong
7/15/2025 0:00,BSF25071135,Kong
7/15/2025 0:00,BSF25071136,Kong
7/15/2025 0:00,BSF25071137,Kong
7/15/2025 0:00,BSF25071138,Kong
7/15/2025 0:00,BSF25071139,Kong
7/15/2025 0:00,CC68071384,Kong
7/15/2025 0:00,CC68071385,Kong
7/15/2025 0:00,CC68071386,Kong
7/15/2025 0:00,CC68071387,Kong
7/15/2025 0:00,CC68071388,Kong
7/15/2025 0:00,CC68071389,Kong
7/15/2025 0:00,CC68071390,Kong
7/15/2025 0:00,CC68071391,Kong
7/15/2025 0:00,CC68071392,Kong
7/15/2025 0:00,CC68071393,Kong
7/15/2025 0:00,CI25071375,Kong
7/15/2025 0:00,CI25071376,Kong
7/15/2025 0:00,CI25071377,Kong
7/15/2025 0:00,CI25071378,Kong
7/15/2025 0:00,CI25071379,Kong
7/15/2025 0:00,CI25071380,Kong
7/15/2025 0:00,CI25071381,Kong
7/15/2025 0:00,CI25071382,Kong
7/15/2025 0:00,CI25071383,Kong
7/15/2025 0:00,CI25071384,Kong
7/15/2025 0:00,MC25071566,Ice
7/15/2025 0:00,MC25071567,Ice
7/15/2025 0:00,MC25071568,Ice
7/15/2025 0:00,MC25071569,Ice
7/15/2025 0:00,MC25071570,Ice
7/15/2025 0:00,MC25071571,Ice
7/15/2025 0:00,MC25071572,Ice
7/15/2025 0:00,MC25071573,Ice
7/15/2025 0:00,MC25071574,Ice
7/15/2025 0:00,MC25071575,Ice
7/15/2025 0:00,MC25071576,Ice
7/15/2025 0:00,MC25071577,Ice
7/15/2025 0:00,MC25071578,Ice
7/15/2025 0:00,MC25071579,Ice
7/15/2025 0:00,MC25071580,Ice
7/15/2025 0:00,MC25071581,Ice
7/15/2025 0:00,MC25071582,Ice
7/15/2025 0:00,MC25071583,Ice
7/15/2025 0:00,MC25071584,Ice
7/15/2025 0:00,MC25071585,Ice
7/15/2025 0:00,SC425061297,Kong
7/15/2025 0:00,SC425071298,Kong
7/15/2025 0:00,SC425071299,Kong
7/15/2025 0:00,SC425071300,Kong
7/15/2025 0:00,SC425071301,Kong
7/15/2025 0:00,SC425071302,Kong
7/15/2025 0:00,SC425071303,Kong
7/15/2025 0:00,SC425071304,Kong
7/15/2025 0:00,SC425071305,Kong
7/15/2025 0:00,SC425071306,Kong
7/15/2025 0:00,SC425071307,Kong
7/15/2025 0:00,SC425071308,Kong
7/15/2025 0:00,SC425071309,Kong
7/15/2025 0:00,SC425071310,Kong
7/15/2025 0:00,SC425071311,Kong
7/15/2025 0:00,SC425071312,Kong
7/15/2025 0:00,SC425071313,Kong
7/15/2025 0:00,SC425071314,Kong
7/15/2025 0:00,SC425071315,Kong
7/15/2025 0:00,SC425071316,Kong
7/15/2025 0:00,SC425071317,Kong
7/15/2025 0:00,SCS25070125,Ice
7/15/2025 0:00,SCS25070126,Ice
7/15/2025 0:00,SCS25070127,Ice
7/15/2025 0:00,SCS25070128,Ice
7/15/2025 0:00,SCS25070129,Ice
7/15/2025 0:00,SCS25070130,Ice
7/15/2025 0:00,SCS25070131,Ice
7/15/2025 0:00,SCS25070132,Ice
7/15/2025 0:00,SCS25070133,Ice
7/15/2025 0:00,SCS25070134,Ice
7/16/2025 0:00,AA325070137,Kong
7/16/2025 0:00,AA325070138,Kong
7/16/2025 0:00,AA325070139,Kong
7/18/2025 0:00,AL25070867,Ice
7/18/2025 0:00,AL25070868,Ice
7/18/2025 0:00,AL25070869,Ice
7/18/2025 0:00,AL25070870,Ice
7/18/2025 0:00,AL25070871,Ice
7/18/2025 0:00,AL25070872,Ice
7/18/2025 0:00,AL25070873,Ice
7/18/2025 0:00,AL25070874,Ice
7/18/2025 0:00,AL25070875,Ice
7/18/2025 0:00,AL25070876,Ice
7/22/2025 0:00,A204156096480097,Kong
7/22/2025 0:00,A204156096480105,Kong
7/22/2025 0:00,A204156096480111,Kong
7/22/2025 0:00,A204156096480116,Kong
7/22/2025 0:00,A204156096480117,Kong
7/22/2025 0:00,A204156096480119,Kong
7/22/2025 0:00,A204156096480176,Kong
7/22/2025 0:00,A204156096480362,Kong
7/22/2025 0:00,A204156096480467,Kong
7/22/2025 0:00,A204156096480468,Kong
7/22/2025 0:00,BS25070496,Tom
7/22/2025 0:00,BS25070497,Tom
7/22/2025 0:00,BS25070498,Tom
7/22/2025 0:00,BS25070499,Ice
7/22/2025 0:00,BS25070500,Ice
7/22/2025 0:00,BS25070501,Ice
7/22/2025 0:00,BS25070502,Ice
7/22/2025 0:00,BS25070503,Ice
7/22/2025 0:00,BS25070504,Ice
7/22/2025 0:00,BS25070505,Ice
7/24/2025 0:00,AL25070877,Ice
7/24/2025 0:00,AL25070878,Ice
7/24/2025 0:00,AL25070879,Ice
7/24/2025 0:00,AL25070880,Ice
7/24/2025 0:00,AL25070881,Ice
7/24/2025 0:00,AL25070882,Ice
7/24/2025 0:00,AL25070883,Ice
7/24/2025 0:00,AL25070884,Ice
7/24/2025 0:00,AL25070885,Ice
7/24/2025 0:00,AL25070886,Ice
7/24/2025 0:00,BP25071775,Tom
7/24/2025 0:00,BP25071776,Tom
7/24/2025 0:00,BP25071777,Tom
7/24/2025 0:00,BP25071778,Tom
7/24/2025 0:00,BP25071779,Tom
7/24/2025 0:00,BP25071780,Tom
7/24/2025 0:00,BP25071781,Tom
7/24/2025 0:00,BP25071782,Tom
7/24/2025 0:00,BP25071783,Tom
7/24/2025 0:00,BP25071784,Tom
7/28/2025 0:00,Start,Tom
7/31/2025 0:00,AA325070140,Kong
7/31/2025 0:00,AA325070141,Kong
7/31/2025 0:00,AA325070142,Kong
7/31/2025 0:00,AA325070143,Kong
7/31/2025 0:00,AA325070144,Kong
7/31/2025 0:00,AA325070145,Kong
7/31/2025 0:00,AA325070146,Kong
7/31/2025 0:00,AA325070147,Kong
7/31/2025 0:00,AA325070148,Kong
7/31/2025 0:00,AA325070149,Kong
7/31/2025 0:00,D37016,Kong
7/31/2025 0:00,D37045,Kong
7/31/2025 0:00,D37046,Kong
7/31/2025 0:00,D37047,Kong
7/31/2025 0:00,D37048,Kong
7/31/2025 0:00,D37049,Kong
7/31/2025 0:00,D37050,Kong
7/31/2025 0:00,D37052,Kong
7/31/2025 0:00,D37053,Kong
7/31/2025 0:00,D37054,Kong
7/31/2025 0:00,D37055,Kong
7/31/2025 0:00,D37056,Kong
7/31/2025 0:00,D37057,Kong
7/31/2025 0:00,D37058,Kong
7/31/2025 0:00,D37059,Kong
7/31/2025 0:00,D37060,Kong
7/31/2025 0:00,D37061,Kong
7/31/2025 0:00,D37062,Kong
7/31/2025 0:00,D37063,Kong
7/31/2025 0:00,D37064,Kong
8/1/2025 0:00,SC425081318,Kong
8/1/2025 0:00,SC425081319,Kong
8/1/2025 0:00,SC425081320,Kong
8/1/2025 0:00,SC425081321,Kong
8/1/2025 0:00,SC425081322,Kong
8/1/2025 0:00,SC425081323,Kong
8/1/2025 0:00,SC425081324,Kong
8/1/2025 0:00,SC425081325,Kong
8/1/2025 0:00,SC425081326,Kong
8/1/2025 0:00,SC425081327,Kong
8/1/2025 0:00,SC425081328,Kong
8/1/2025 0:00,SC425081329,Kong
8/1/2025 0:00,SC425081330,Kong
8/1/2025 0:00,SC425081331,Kong
8/1/2025 0:00,SC425081332,Kong
8/1/2025 0:00,SC425081333,Kong
8/1/2025 0:00,SC425081334,Kong
8/1/2025 0:00,SC425081335,Kong
8/1/2025 0:00,SC425081336,Kong
8/1/2025 0:00,SC425081337,Kong
8/2/2025 0:00,A204156096480005,Kong
8/2/2025 0:00,A204156096480006,Kong
8/2/2025 0:00,A204156096480007,Kong
8/2/2025 0:00,A204156096480106,Kong
8/2/2025 0:00,A204156096480182,Kong
8/2/2025 0:00,A204156096480190,Kong
8/2/2025 0:00,A204156096480370,Kong
8/4/2025 0:00,A204156096480003,Kong
8/4/2025 0:00,A204156096480004,Kong
8/4/2025 0:00,A204156096480008,Kong
8/4/2025 0:00,A204156096480112,Kong
8/4/2025 0:00,D37549,Kong
8/4/2025 0:00,D37550,Kong
8/4/2025 0:00,D37551,Kong
8/4/2025 0:00,D37552,Kong
8/4/2025 0:00,D37553,Kong
8/4/2025 0:00,D37554,Kong
8/4/2025 0:00,D37555,Kong
8/4/2025 0:00,D37556,Kong
8/4/2025 0:00,D37557,Kong
8/4/2025 0:00,D37558,Kong
8/4/2025 0:00,D37559,Kong
8/4/2025 0:00,D37560,Kong
8/4/2025 0:00,D37561,Kong
8/4/2025 0:00,D37562,Kong
8/4/2025 0:00,D37563,Kong
8/4/2025 0:00,D37564,Kong
8/4/2025 0:00,D37565,Kong
8/4/2025 0:00,D37566,Kong
8/4/2025 0:00,D37567,Kong
8/4/2025 0:00,D37568,Kong
8/8/2025 0:00,BS25080506,Ice
8/8/2025 0:00,BS25080507,Ice
8/8/2025 0:00,BS25080508,Ice
8/8/2025 0:00,BS25080509,Ice
8/8/2025 0:00,BS25080510,Ice
8/8/2025 0:00,BS25080511,Ice
8/8/2025 0:00,BS25080512,Ice
8/8/2025 0:00,BS25080513,Ice
8/8/2025 0:00,BS25080514,Ice
8/8/2025 0:00,BS25080515,Ice
8/13/2025 0:00,SC425081338,Kong
8/13/2025 0:00,SC425081339,Kong
8/13/2025 0:00,SC425081340,Kong
8/13/2025 0:00,SC425081341,Kong
8/13/2025 0:00,SC425081342,Kong
8/13/2025 0:00,SC425081343,Kong
8/13/2025 0:00,SC425081344,Kong
8/13/2025 0:00,SC425081345,Kong
8/13/2025 0:00,SC425081346,Kong
8/13/2025 0:00,SC425081347,Kong
8/15/2025 0:00,MC25081586,Ice
8/15/2025 0:00,MC25081587,Ice
8/15/2025 0:00,MC25081588,Ice
8/15/2025 0:00,MC25081589,Ice
8/15/2025 0:00,MC25081590,Ice
8/15/2025 0:00,MC25081591,Ice
8/15/2025 0:00,MC25081592,Ice
8/15/2025 0:00,MC25081593,Ice
8/15/2025 0:00,MC25081594,Ice
8/15/2025 0:00,MC25081595,Ice
8/15/2025 0:00,MC25081596,Ice
8/15/2025 0:00,MC25081597,Ice
8/15/2025 0:00,MC25081598,Ice
8/15/2025 0:00,MC25081599,Ice
8/15/2025 0:00,MC25081600,Ice
8/15/2025 0:00,MC25081601,Ice
8/15/2025 0:00,MC25081602,Ice
8/15/2025 0:00,MC25081603,Ice
8/15/2025 0:00,MC25081604,Ice
8/15/2025 0:00,MC25081605,Ice
8/15/2025 0:00,SW25080407,Ice
8/15/2025 0:00,SW25080408,Ice
8/15/2025 0:00,SW25080409,Ice
8/15/2025 0:00,SW25080410,Ice
8/15/2025 0:00,SW25080411,Ice
8/15/2025 0:00,SW25080412,Ice
8/15/2025 0:00,SW25080413,Ice
8/15/2025 0:00,SW25080414,Ice
8/15/2025 0:00,SW25080415,Ice
8/15/2025 0:00,SW25080416,Ice
8/15/2025 0:00,SW25080417,Ice
8/15/2025 0:00,SW25080418,Ice
8/15/2025 0:00,SW25080419,Ice
8/15/2025 0:00,SW25080420,Ice
8/15/2025 0:00,SW25080421,Ice
8/15/2025 0:00,SW25080422,Ice
8/15/2025 0:00,SW25080423,Ice
8/15/2025 0:00,SW25080424,Ice
8/15/2025 0:00,SW25080425,Ice
8/15/2025 0:00,SW25080426,Ice
8/19/2025 0:00,A204156096560412,Kong
8/19/2025 0:00,A204156096560413,Kong
8/19/2025 0:00,A204156096560418,Kong
8/19/2025 0:00,A204156096560419,Kong
8/19/2025 0:00,A204156096560425,Kong
8/19/2025 0:00,A204156096560429,Kong
8/19/2025 0:00,A204156096560430,Kong
8/19/2025 0:00,A204156096560444,Kong
8/19/2025 0:00,A204156096560455,Kong
8/19/2025 0:00,A204156096560456,Kong
8/20/2025 0:00,AL25080887,Ice
8/20/2025 0:00,AL25080888,Ice
8/20/2025 0:00,AL25080889,Ice
8/20/2025 0:00,AL25080890,Ice
8/20/2025 0:00,AL25080891,Ice
8/20/2025 0:00,AL25080892,Ice
8/20/2025 0:00,AL25080893,Ice
8/20/2025 0:00,AL25080894,Ice
8/20/2025 0:00,AL25080895,Ice
8/20/2025 0:00,AL25080896,Ice
8/20/2025 0:00,AL25080897,Ice
8/20/2025 0:00,AL25080898,Ice
8/20/2025 0:00,AL25080899,Ice
8/20/2025 0:00,AL25080900,Ice
8/20/2025 0:00,AL25080901,Ice
8/20/2025 0:00,AL25080902,Ice
8/20/2025 0:00,AL25080903,Ice
8/20/2025 0:00,AL25080904,Ice
8/20/2025 0:00,AL25080905,Ice
8/20/2025 0:00,AL25080906,Ice
8/21/2025 0:00,A4N68080345,Tom
8/21/2025 0:00,A4N68080346,Tom
8/21/2025 0:00,A4N68080347,Tom
8/21/2025 0:00,A4N68080348,Tom
8/21/2025 0:00,A4N68080349,Tom
8/22/2025 0:00,AA625080191,Ice
8/22/2025 0:00,AA625080192,Ice
8/22/2025 0:00,AA625080193,Ice
8/22/2025 0:00,AA625080194,Ice
8/22/2025 0:00,AA625080195,Ice
8/22/2025 0:00,AA625080196,Ice
8/22/2025 0:00,AA625080197,Ice
8/22/2025 0:00,AA625080198,Ice
8/22/2025 0:00,AA625080199,Ice
8/22/2025 0:00,AA625080200,Ice
8/22/2025 0:00,AA625080206,Ice
8/26/2025 0:00,SC425081348,Kong
8/26/2025 0:00,SC425081349,Kong
8/26/2025 0:00,SC425081350,Kong
8/26/2025 0:00,SC425081351,Kong
8/26/2025 0:00,SC425081352,Kong
8/26/2025 0:00,SC425081353,Kong
8/26/2025 0:00,SC425081354,Kong
8/26/2025 0:00,SC425081355,Kong
8/26/2025 0:00,SC425081356,Kong
8/26/2025 0:00,SC425081357,Kong
8/28/2025 0:00,BP25081785,Tom
8/28/2025 0:00,BP25081786,Tom
8/28/2025 0:00,BP25081787,Tom
8/28/2025 0:00,BP25081788,Tom
8/28/2025 0:00,BP25081789,Tom
8/28/2025 0:00,BP25081790,Tom
8/28/2025 0:00,BP25081791,Ice
8/28/2025 0:00,BP25081792,Ice
8/28/2025 0:00,BP25081793,Ice
8/28/2025 0:00,BP25081794,Ice
8/29/2025 0:00,CI25081385,Kong
8/29/2025 0:00,CI25081386,Kong
8/29/2025 0:00,CI25081387,Kong
8/29/2025 0:00,CI25081388,Kong
8/29/2025 0:00,CI25081389,Kong
8/29/2025 0:00,CI25081390,Kong
8/29/2025 0:00,CI25081391,Kong
8/29/2025 0:00,CI25081392,Kong
8/29/2025 0:00,CI25081393,Kong
8/29/2025 0:00,CI25081394,Kong
8/30/2025 0:00,BM25081341,Tom
8/30/2025 0:00,BM25081342,Tom
8/30/2025 0:00,BM25081343,Tom
8/30/2025 0:00,BM25081344,Tom
8/30/2025 0:00,BM25081345,Tom
8/30/2025 0:00,BM25081346,Tom
8/30/2025 0:00,BM25081347,Tom
8/30/2025 0:00,BM25081348,Tom
8/30/2025 0:00,BM25081349,Tom
8/30/2025 0:00,BM25081350,Tom
9/2/2025 0:00,MC25091606,Ice
9/2/2025 0:00,MC25091607,Ice
9/2/2025 0:00,MC25091608,Ice
9/2/2025 0:00,MC25091609,Ice
9/2/2025 0:00,MC25091610,Ice
9/2/2025 0:00,MC25091611,Ice
9/2/2025 0:00,MC25091612,Ice
9/2/2025 0:00,MC25091613,Ice
9/2/2025 0:00,MC25091614,Ice
9/2/2025 0:00,MC25091615,Ice
9/2/2025 0:00,MC25091616,Ice
9/2/2025 0:00,MC25091617,Ice
9/2/2025 0:00,MC25091618,Ice
9/2/2025 0:00,MC25091619,Ice
9/2/2025 0:00,MC25091620,Ice
9/2/2025 0:00,MC25091621,Ice
9/2/2025 0:00,MC25091622,Ice
9/2/2025 0:00,MC25091623,Ice
9/2/2025 0:00,MC25091624,Ice
9/2/2025 0:00,MC25091625,Ice
9/3/2025 0:00,SC425081358,Kong
9/3/2025 0:00,SC425081359,Kong
9/3/2025 0:00,SC425081360,Kong
9/3/2025 0:00,SC425081361,Kong
9/3/2025 0:00,SC425081362,Kong
9/3/2025 0:00,SC425081363,Kong
9/3/2025 0:00,SC425081364,Kong
9/3/2025 0:00,SC425081365,Kong
9/3/2025 0:00,SC425081366,Kong
9/3/2025 0:00,SC425081367,Kong
9/3/2025 0:00,SC425091368,Kong
9/3/2025 0:00,SC425091369,Kong
9/3/2025 0:00,SC425091370,Kong
9/3/2025 0:00,SC425091371,Kong
9/3/2025 0:00,SC425091372,Kong
9/3/2025 0:00,SC425091373,Kong
9/3/2025 0:00,SC425091374,Kong
9/3/2025 0:00,SC425091375,Kong
9/3/2025 0:00,SC425091376,Kong
9/3/2025 0:00,SC425091377,Kong
9/4/2025 0:00,A204156096560433,Kong
9/4/2025 0:00,A204156096560434,Kong
9/4/2025 0:00,A204156096560445,Kong
9/4/2025 0:00,A204156096560452,Kong
9/5/2025 0:00,A204156096560410,Kong
9/5/2025 0:00,A204156096560426,Kong
9/5/2025 0:00,A204156096560435,Kong
9/5/2025 0:00,A204156096560440,Kong
9/5/2025 0:00,A204156096560441,Kong
9/5/2025 0:00,A204156096560443,Kong
9/9/2025 0:00,AA1225090252,Ice
9/9/2025 0:00,AA1225090253,Ice
9/9/2025 0:00,AA1225090254,Ice
9/9/2025 0:00,AA1225090255,Ice
9/9/2025 0:00,AA1225090256,Ice
9/9/2025 0:00,AA1225090257,Ice
9/9/2025 0:00,AA1225090258,Ice
9/9/2025 0:00,AA1225090259,Ice
9/9/2025 0:00,AA1225090260,Ice
9/9/2025 0:00,AA1225090261,Ice
9/9/2025 0:00,AA625090221,Ice
9/9/2025 0:00,AA625090222,Ice
9/9/2025 0:00,AA625090223,Ice
9/9/2025 0:00,AA625090224,Ice
9/9/2025 0:00,AA625090225,Ice
9/9/2025 0:00,AA625090226,Ice
9/9/2025 0:00,AA625090227,Ice
9/9/2025 0:00,AA625090228,Ice
9/9/2025 0:00,AA625090229,Ice
9/9/2025 0:00,AA625090230,Ice
9/11/2025 0:00,AL25090907,Ice
9/11/2025 0:00,AL25090908,Ice
9/11/2025 0:00,AL25090909,Ice
9/11/2025 0:00,AL25090910,Ice
9/11/2025 0:00,AL25090911,Ice
9/11/2025 0:00,AL25090912,Ice
9/11/2025 0:00,AL25090913,Ice
9/11/2025 0:00,AL25090914,Ice
9/11/2025 0:00,AL25090915,Ice
9/11/2025 0:00,AL25090916,Ice
9/11/2025 0:00,AL25090917,Ice
9/11/2025 0:00,AL25090918,Ice
9/11/2025 0:00,AL25090919,Ice
9/11/2025 0:00,AL25090920,Ice
9/11/2025 0:00,AL25090921,Ice
9/11/2025 0:00,AL25090922,Ice
9/11/2025 0:00,AL25090923,Ice
9/11/2025 0:00,AL25090924,Ice
9/11/2025 0:00,AL25090925,Ice
9/11/2025 0:00,AL25090926,Ice
9/11/2025 0:00,AL25090927,Ice
9/11/2025 0:00,AL25090928,Ice
9/11/2025 0:00,AL25090929,Ice
9/11/2025 0:00,AL25090930,Ice
9/11/2025 0:00,AL25090931,Ice
9/11/2025 0:00,AL25090932,Ice
9/11/2025 0:00,AL25090933,Ice
9/11/2025 0:00,AL25090934,Ice
9/11/2025 0:00,AL25090935,Ice
9/11/2025 0:00,AL25090936,Ice
9/14/2025 0:00,A4N68090350,Kong
9/14/2025 0:00,A4N68090351,Kong
9/14/2025 0:00,A4N68090352,Kong
9/14/2025 0:00,A4N68090353,Kong
9/14/2025 0:00,A4N68090354,Kong
9/14/2025 0:00,A4N68090355,Kong
9/14/2025 0:00,A4N68090356,Kong
9/14/2025 0:00,A4N68090357,Kong
9/14/2025 0:00,A4N68090358,Kong
9/14/2025 0:00,A4N68090359,Kong
9/15/2025 0:00,QM25090030,Ice
9/15/2025 0:00,QM25090031,Ice
9/15/2025 0:00,QM25090032,Ice
9/15/2025 0:00,QM25090033,Ice
9/17/2025 0:00,BP25091795,Tom
9/17/2025 0:00,BP25091796,Tom
9/17/2025 0:00,BP25091797,Tom
9/17/2025 0:00,BP25091798,Tom
9/17/2025 0:00,BP25091799,Tom
9/17/2025 0:00,BP25091800,Tom
9/17/2025 0:00,BP25091801,Tom
9/17/2025 0:00,BP25091802,Tom
9/17/2025 0:00,BP25091803,Tom
9/17/2025 0:00,BP25091804,Tom
9/17/2025 0:00,BSF25071140,Kong
9/17/2025 0:00,BSF25071141,Kong
9/17/2025 0:00,BSF25071142,Kong
9/17/2025 0:00,BSF25071143,Kong
9/17/2025 0:00,BSF25071144,Kong
9/17/2025 0:00,BSF25071145,Kong
9/17/2025 0:00,BSF25071146,Kong
9/17/2025 0:00,BSF25071147,Kong
9/17/2025 0:00,BSF25071148,Kong
9/17/2025 0:00,BSF25071149,Kong
9/17/2025 0:00,SCS25090135,Ice
9/17/2025 0:00,SCS25090136,Ice
9/17/2025 0:00,SCS25090137,Ice
9/17/2025 0:00,SCS25090138,Ice
9/17/2025 0:00,SCS25090139,Ice
9/17/2025 0:00,SCS25090140,Ice
9/17/2025 0:00,SCS25090141,Ice
9/17/2025 0:00,SCS25090142,Ice
9/17/2025 0:00,SCS25090143,Ice
9/17/2025 0:00,SCS25090144,Ice
9/18/2025 0:00,BSF25091150,Kong
9/18/2025 0:00,BSF25091151,Kong
9/18/2025 0:00,BSF25091152,Kong
9/18/2025 0:00,BSF25091153,Kong
9/18/2025 0:00,BSF25091154,Kong
9/18/2025 0:00,BSF25091155,Kong
9/18/2025 0:00,BSF25091156,Kong
9/18/2025 0:00,BSF25091157,Kong
9/18/2025 0:00,BSF25091158,Kong
9/18/2025 0:00,BSF25091159,Kong
9/18/2025 0:00,SC425091378,Kong
9/18/2025 0:00,SC425091379,Kong
9/18/2025 0:00,SC425091380,Kong
9/18/2025 0:00,SC425091381,Kong
9/18/2025 0:00,SC425091382,Kong
9/18/2025 0:00,SC425091383,Kong
9/18/2025 0:00,SC425091384,Kong
9/18/2025 0:00,SC425091385,Kong
9/18/2025 0:00,SC425091386,Kong
9/18/2025 0:00,SC425091387,Kong
9/19/2025 0:00,A204156096560221,Kong
9/19/2025 0:00,A204156096560227,Kong
9/19/2025 0:00,A204156096560228,Kong
9/19/2025 0:00,A204156096560234,Kong
9/19/2025 0:00,A204156096560246,Kong
9/19/2025 0:00,A204156096560249,Kong
9/19/2025 0:00,A204156096560416,Kong
9/19/2025 0:00,A204156096560423,Kong
9/19/2025 0:00,A204156096560446,Kong
9/19/2025 0:00,A204156096560451,Kong
9/22/2025 0:00,A204156096560026,Kong
9/22/2025 0:00,A204156096560027,Kong
9/22/2025 0:00,A204156096560029,Kong
9/22/2025 0:00,A204156096560222,Kong
9/22/2025 0:00,A204156096560223,Kong
9/22/2025 0:00,A204156096560232,Kong
9/22/2025 0:00,A204156096560238,Kong
9/22/2025 0:00,A204156096560240,Kong
9/22/2025 0:00,A204156096560361,Kong
9/22/2025 0:00,A204156096560377,Kong
9/22/2025 0:00,BSG25090354,Ice
9/22/2025 0:00,BSG25090355,Ice
9/22/2025 0:00,BSG25090356,Ice
9/22/2025 0:00,BSG25090357,Ice
9/22/2025 0:00,BSG25090358,Ice
9/22/2025 0:00,BSG25090359,Ice
9/22/2025 0:00,BSG25090360,Ice
9/22/2025 0:00,BSG25090361,Ice
9/22/2025 0:00,BSG25090362,Ice
9/22/2025 0:00,BSG25090363,Ice
9/23/2025 0:00,A204156096560028,Kong
9/23/2025 0:00,A204156096560031,Kong
9/23/2025 0:00,A204156096560035,Kong
9/23/2025 0:00,A204156096560039,Kong
9/23/2025 0:00,A204156096560045,Kong
9/23/2025 0:00,A204156096560047,Kong
9/23/2025 0:00,A204156096560362,Kong
9/23/2025 0:00,A204156096560364,Kong
9/23/2025 0:00,A204156096560365,Kong
9/23/2025 0:00,A204156096560379,Kong
9/24/2025 0:00,AA1225090262,Ice
9/24/2025 0:00,AA1225090263,Ice
9/24/2025 0:00,AA1225090264,Ice
9/24/2025 0:00,AA1225090265,Ice
9/24/2025 0:00,AA1225090266,Ice
9/24/2025 0:00,AA1225090267,Ice
9/24/2025 0:00,AA1225090268,Ice
9/24/2025 0:00,AA1225090269,Ice
9/24/2025 0:00,AA1225090270,Ice
9/24/2025 0:00,AA1225090271,Ice
9/27/2025 0:00,CC68101394,Ice
9/27/2025 0:00,CC68101395,Ice
9/27/2025 0:00,CC68101396,Ice
9/27/2025 0:00,CC68101397,Ice
9/27/2025 0:00,CC68101398,Ice
9/27/2025 0:00,CC68101399,Ice
9/27/2025 0:00,CC68101400,Ice
9/27/2025 0:00,CC68101401,Ice
9/27/2025 0:00,CC68101402,Ice
9/27/2025 0:00,CC68101403,Ice
9/30/2025 0:00,AA1225090272,Don
9/30/2025 0:00,AA1225090273,Don
9/30/2025 0:00,AA1225090274,Don
9/30/2025 0:00,AA1225090275,Don
9/30/2025 0:00,AA1225090276,Don
9/30/2025 0:00,AA1225090277,Don
9/30/2025 0:00,AA1225090278,Don
9/30/2025 0:00,AA1225090279,Don
9/30/2025 0:00,AA1225090280,Don
9/30/2025 0:00,AA1225090281,Don
9/30/2025 0:00,AA1225090282,Don
9/30/2025 0:00,AA625090231,Ice
9/30/2025 0:00,AA625090232,Ice
9/30/2025 0:00,AA625090233,Ice
9/30/2025 0:00,AA625090234,Ice
9/30/2025 0:00,AA625090235,Ice
9/30/2025 0:00,AA625090236,Ice
9/30/2025 0:00,AA625090237,Ice
9/30/2025 0:00,AA625090238,Ice
9/30/2025 0:00,AA625090239,Ice
9/30/2025 0:00,AA625090240,Ice
9/30/2025 0:00,CI25091395,Tom
9/30/2025 0:00,CI25091396,Tom
9/30/2025 0:00,CI25091397,Tom
9/30/2025 0:00,CI25091398,Tom
9/30/2025 0:00,CI25091399,Tom
9/30/2025 0:00,CI25091400,Tom
9/30/2025 0:00,CI25091401,Tom
9/30/2025 0:00,CI25091402,Tom
9/30/2025 0:00,CI25091403,Tom
9/30/2025 0:00,CI25091404,Tom
9/30/2025 0:00,CI25091405,Tom
9/30/2025 0:00,CI25091406,Tom
9/30/2025 0:00,CI25091407,Tom
9/30/2025 0:00,CI25091408,Tom
9/30/2025 0:00,CI25091409,Tom
9/30/2025 0:00,CI25091410,Tom
9/30/2025 0:00,CI25091411,Tom
9/30/2025 0:00,CI25091412,Tom
9/30/2025 0:00,CI25091413,Tom
9/30/2025 0:00,CI25091414,Tom
9/30/2025 0:00,SC425101388,Kong
9/30/2025 0:00,SC425101389,Kong
9/30/2025 0:00,SC425101390,Kong
9/30/2025 0:00,SC425101391,Kong
9/30/2025 0:00,SC425101392,Kong
9/30/2025 0:00,SC425101393,Kong
9/30/2025 0:00,SC425101394,Kong
9/30/2025 0:00,SC425101395,Kong
9/30/2025 0:00,SC425101396,Kong
10/1/2025 0:00,BM25101351,Tom
10/1/2025 0:00,BM25101352,Tom
10/1/2025 0:00,BM25101353,Tom
10/1/2025 0:00,BM25101354,Tom
10/1/2025 0:00,BM25101355,Tom
10/1/2025 0:00,BM25101356,Tom
10/1/2025 0:00,BM25101357,Tom
10/1/2025 0:00,BM25101358,Tom
10/1/2025 0:00,BM25101359,Tom
10/1/2025 0:00,BM25101360,Tom
10/1/2025 0:00,D37477,Kong
10/1/2025 0:00,D37589,Kong
10/1/2025 0:00,D37590,Kong
10/1/2025 0:00,D37591,Kong
10/1/2025 0:00,D37592,Kong
10/1/2025 0:00,D37593,Kong
10/1/2025 0:00,D37594,Kong
10/1/2025 0:00,D37596,Kong
10/1/2025 0:00,D37597,Kong
10/1/2025 0:00,D37598,Kong
10/1/2025 0:00,D37599,Kong
10/1/2025 0:00,D37600,Kong
10/1/2025 0:00,D37601,Kong
10/1/2025 0:00,D37602,Kong
10/1/2025 0:00,D37603,Kong
10/1/2025 0:00,D37604,Kong
10/1/2025 0:00,D37605,Kong
10/1/2025 0:00,D37606,Kong
10/1/2025 0:00,D37607,Kong
10/1/2025 0:00,D37608,Kong
10/1/2025 0:00,SC425101397,Ice
10/1/2025 0:00,SC425101398,Ice
10/1/2025 0:00,SC425101399,Ice
10/1/2025 0:00,SC425101400,Ice
10/1/2025 0:00,SC425101401,Ice
10/1/2025 0:00,SC425101402,Ice
10/1/2025 0:00,SC425101403,Ice
10/1/2025 0:00,SC425101404,Ice
10/1/2025 0:00,SC425101405,Ice
10/1/2025 0:00,SC425101406,Ice
10/1/2025 0:00,SC425101407,Ice
10/1/2025 0:00,SC425101408,Ice
10/1/2025 0:00,SC425101409,Ice
10/1/2025 0:00,SC425101410,Ice
10/1/2025 0:00,SC425101411,Ice
10/1/2025 0:00,SC425101412,Ice
10/1/2025 0:00,SC425101413,Ice
10/1/2025 0:00,SC425101414,Ice
10/1/2025 0:00,SC425101415,Ice
10/1/2025 0:00,SC425101416,Ice
10/4/2025 0:00,BSF25101160,Tom
10/4/2025 0:00,BSF25101161,Tom
10/4/2025 0:00,BSG25100364,Tom
10/4/2025 0:00,BSG25100365,Tom
10/7/2025 0:00,A204156096560169,Kong
10/7/2025 0:00,A204156096560173,Kong
10/7/2025 0:00,A204156096560176,Kong
10/7/2025 0:00,A204156096560197,Kong
10/7/2025 0:00,A204156096560209,Kong
10/7/2025 0:00,A204156096560210,Kong
10/7/2025 0:00,A204156096560214,Kong
10/7/2025 0:00,A204156096560242,Kong
10/7/2025 0:00,A204156096560248,Kong
10/7/2025 0:00,A204156096560255,Kong
10/7/2025 0:00,BS25100516,Ice
10/7/2025 0:00,BS25100517,Ice
10/7/2025 0:00,BS25100518,Ice
10/7/2025 0:00,BS25100519,Ice
10/7/2025 0:00,BS25100520,Ice
10/7/2025 0:00,BS25100521,Ice
10/7/2025 0:00,BS25100522,Ice
10/7/2025 0:00,BS25100523,Ice
10/7/2025 0:00,BS25100524,Ice
10/7/2025 0:00,BS25100525,Ice
10/7/2025 0:00,BS25100526,Ice
10/7/2025 0:00,BS25100527,Ice
10/7/2025 0:00,BS25100528,Ice
10/7/2025 0:00,BS25100529,Ice
10/7/2025 0:00,BS25100530,Ice
10/7/2025 0:00,BS25100531,Ice
10/7/2025 0:00,BS25100532,Ice
10/7/2025 0:00,BS25100533,Ice
10/7/2025 0:00,BS25100534,Ice
10/7/2025 0:00,BS25100535,Ice
10/8/2025 0:00,BSG25100366,Tom
10/8/2025 0:00,BSG25100367,Tom
10/8/2025 0:00,BSG25100368,Tom
10/8/2025 0:00,BSG25100369,Tom
10/8/2025 0:00,BSG25100370,Tom
10/8/2025 0:00,BSG25100371,Tom
10/8/2025 0:00,BSG25100372,Tom
10/8/2025 0:00,BSG25100373,Tom
10/8/2025 0:00,MC25101626,Ice
10/8/2025 0:00,MC25101627,Ice
10/8/2025 0:00,MC25101628,Ice
10/8/2025 0:00,MC25101629,Ice
10/8/2025 0:00,MC25101630,Ice
10/8/2025 0:00,MC25101631,Ice
10/8/2025 0:00,MC25101632,Ice
10/8/2025 0:00,MC25101633,Ice
10/8/2025 0:00,MC25101634,Ice
10/8/2025 0:00,MC25101635,Ice
10/8/2025 0:00,MC25101636,Ice
10/8/2025 0:00,MC25101637,Ice
10/8/2025 0:00,MC25101638,Ice
10/8/2025 0:00,MC25101639,Ice
10/8/2025 0:00,MC25101640,Ice
10/8/2025 0:00,MC25101641,Ice
10/8/2025 0:00,MC25101642,Ice
10/8/2025 0:00,MC25101643,Ice
10/8/2025 0:00,MC25101644,Ice
10/8/2025 0:00,MC25101645,Ice
10/10/2025 0:00,AA625100241,Don
10/10/2025 0:00,AA625100242,Don
10/10/2025 0:00,AA625100243,Don
10/10/2025 0:00,AA625100244,Don
10/10/2025 0:00,AA625100245,Don
10/10/2025 0:00,AA625100246,Don
10/10/2025 0:00,AA625100247,Don
10/10/2025 0:00,AA625100248,Don
10/10/2025 0:00,AA625100249,Don
10/10/2025 0:00,AA625100250,Don
10/10/2025 0:00,AA625100251,Don
10/10/2025 0:00,AA625100252,Don
10/10/2025 0:00,AA625100253,Don
10/10/2025 0:00,AA625100254,Don
10/10/2025 0:00,AA625100255,Don
10/10/2025 0:00,AA625100256,Don
10/10/2025 0:00,AA625100257,Don
10/10/2025 0:00,AA625100258,Don
10/10/2025 0:00,AA625100259,Don
10/10/2025 0:00,AA625100260,Don
10/10/2025 0:00,AA625100261,Don
10/10/2025 0:00,AA625100262,Don
10/10/2025 0:00,AA625100263,Don
10/10/2025 0:00,AA625100264,Don
10/10/2025 0:00,AA625100265,Don
10/10/2025 0:00,AL25100937,Ice
10/10/2025 0:00,AL25100938,Ice
10/10/2025 0:00,AL25100939,Ice
10/10/2025 0:00,AL25100940,Ice
10/10/2025 0:00,AL25100941,Ice
10/10/2025 0:00,AL25100942,Ice
10/10/2025 0:00,AL25100943,Ice
10/10/2025 0:00,AL25100944,Ice
10/10/2025 0:00,AL25100945,Ice
10/10/2025 0:00,AL25100946,Ice
10/10/2025 0:00,AL25100947,Ice
10/10/2025 0:00,AL25100948,Ice
10/10/2025 0:00,AL25100949,Ice
10/10/2025 0:00,AL25100950,Ice
10/10/2025 0:00,AL25100951,Ice
10/10/2025 0:00,AL25100952,Ice
10/10/2025 0:00,AL25100953,Ice
10/10/2025 0:00,AL25100954,Ice
10/10/2025 0:00,AL25100955,Ice
10/10/2025 0:00,AL25100956,Ice
10/10/2025 0:00,BSF25101162,Kong
10/10/2025 0:00,BSF25101163,Kong
10/10/2025 0:00,BSF25101164,Kong
10/10/2025 0:00,BSF25101165,Kong
10/10/2025 0:00,BSF25101166,Kong
10/10/2025 0:00,BSF25101167,Kong
10/10/2025 0:00,BSF25101168,Kong
10/10/2025 0:00,BSF25101169,Kong
10/14/2025 0:00,BSF25101170,Kong
10/14/2025 0:00,BSF25101171,Kong
10/14/2025 0:00,BSF25101172,Kong
10/14/2025 0:00,BSF25101173,Kong
10/14/2025 0:00,BSF25101174,Kong
10/14/2025 0:00,BSF25101175,Kong
10/14/2025 0:00,BSF25101176,Kong
10/14/2025 0:00,BSF25101177,Kong
10/14/2025 0:00,BSF25101178,Kong
10/14/2025 0:00,BSF25101179,Kong
10/15/2025 0:00,BP25101805,Tom
10/15/2025 0:00,BP25101806,Tom
10/15/2025 0:00,BP25101807,Tom
10/15/2025 0:00,BP25101808,Tom
10/15/2025 0:00,BP25101809,Tom
10/15/2025 0:00,BP25101810,Tom
10/15/2025 0:00,BP25101811,Tom
10/15/2025 0:00,BP25101812,Tom
10/15/2025 0:00,BP25101813,Tom
10/15/2025 0:00,BP25101814,Tom
10/15/2025 0:00,SC425101417,Kong
10/15/2025 0:00,SC425101418,Kong
10/15/2025 0:00,SC425101419,Kong
10/15/2025 0:00,SC425101420,Kong
10/15/2025 0:00,SC425101421,Kong
10/15/2025 0:00,SC425101422,Kong
10/15/2025 0:00,SC425101423,Kong
10/15/2025 0:00,SC425101424,Kong
10/15/2025 0:00,SC425101425,Kong
10/15/2025 0:00,SC425101426,Kong
10/15/2025 0:00,SC425101427,Kong
10/15/2025 0:00,SC425101428,Kong
10/15/2025 0:00,SC425101429,Kong
10/15/2025 0:00,SC425101430,Kong
10/15/2025 0:00,SC425101431,Kong
10/15/2025 0:00,SC425101432,Kong
10/15/2025 0:00,SC425101433,Kong
10/15/2025 0:00,SC425101434,Kong
10/15/2025 0:00,SC425101435,Kong
10/15/2025 0:00,SC425101436,Kong
10/16/2025 0:00,A204156096560193,Kong
10/16/2025 0:00,A204156096560194,Kong
10/16/2025 0:00,A204156096560195,Kong
10/16/2025 0:00,A204156096560196,Kong
10/16/2025 0:00,A204156096560198,Kong
10/16/2025 0:00,A204156096560199,Kong
10/16/2025 0:00,A204156096560200,Kong
10/16/2025 0:00,A204156096560201,Kong
10/16/2025 0:00,A204156096560202,Kong
10/16/2025 0:00,A204156096560204,Kong
10/16/2025 0:00,A204156096560205,Kong
10/16/2025 0:00,A204156096560206,Kong
10/16/2025 0:00,A204156096560207,Kong
10/16/2025 0:00,A204156096560208,Kong
10/16/2025 0:00,A204156096560211,Kong
10/16/2025 0:00,A204156096560212,Kong
10/16/2025 0:00,A204156096560213,Kong
10/16/2025 0:00,A204156096560215,Kong
10/16/2025 0:00,A204156096560216,Kong
10/17/2025 0:00,SW25100427,Ice
10/17/2025 0:00,SW25100428,Ice
10/17/2025 0:00,SW25100429,Ice
10/17/2025 0:00,SW25100430,Ice
10/17/2025 0:00,SW25100431,Ice
10/17/2025 0:00,SW25100432,Ice
10/17/2025 0:00,SW25100433,Ice
10/17/2025 0:00,SW25100434,Ice
10/17/2025 0:00,SW25100435,Ice
10/17/2025 0:00,SW25100436,Ice
10/17/2025 0:00,SW25100437,Ice
10/17/2025 0:00,SW25100438,Ice
10/17/2025 0:00,SW25100439,Ice
10/17/2025 0:00,SW25100440,Ice
10/17/2025 0:00,SW25100441,Ice
10/17/2025 0:00,SW25100442,Ice
10/17/2025 0:00,SW25100443,Ice
10/17/2025 0:00,SW25100444,Ice
10/17/2025 0:00,SW25100445,Ice
10/17/2025 0:00,SW25100446,Ice
10/20/2025 0:00,SCS25100145,Ice
10/20/2025 0:00,SCS25100146,Ice
10/20/2025 0:00,SCS25100147,Ice
10/20/2025 0:00,SCS25100148,Ice
10/20/2025 0:00,SCS25100149,Ice
10/20/2025 0:00,SCS25100150,Ice
10/20/2025 0:00,SCS25100151,Ice
10/20/2025 0:00,SCS25100152,Ice
10/20/2025 0:00,SCS25100153,Ice
10/20/2025 0:00,SCS25100154,Ice
10/21/2025 0:00,CC68101404,Ice
10/21/2025 0:00,CC68101405,Ice
10/21/2025 0:00,CC68101406,Ice
10/21/2025 0:00,CC68101407,Ice
10/21/2025 0:00,CC68101408,Ice
10/21/2025 0:00,CC68101409,Ice
10/21/2025 0:00,CC68101410,Ice
10/21/2025 0:00,CC68101411,Ice
10/21/2025 0:00,CC68101412,Ice
10/21/2025 0:00,CC68101413,Ice
10/25/2025 0:00,D37441,Kong
10/25/2025 0:00,D37569,Kong
10/25/2025 0:00,D37570,Kong
10/25/2025 0:00,D37571,Kong
10/25/2025 0:00,D37573,Kong
10/25/2025 0:00,D37574,Kong
10/25/2025 0:00,D37575,Kong
10/25/2025 0:00,D37576,Kong
10/25/2025 0:00,D37577,Kong
10/25/2025 0:00,D37578,Kong
10/25/2025 0:00,D37579,Kong
10/25/2025 0:00,D37580,Kong
10/25/2025 0:00,D37581,Kong
10/25/2025 0:00,D37582,Kong
10/25/2025 0:00,D37583,Kong
10/25/2025 0:00,D37584,Kong
10/25/2025 0:00,D37585,Kong
10/25/2025 0:00,D37586,Kong
10/25/2025 0:00,D37587,Kong
10/25/2025 0:00,D37588,Kong
10/27/2025 0:00,D24276,Tom
10/27/2025 0:00,D24296,Tom
10/28/2025 0:00,A204156096560203,Kong
10/28/2025 0:00,A204156096560264,Kong
10/29/2025 0:00,A204156096560132,Kong
10/29/2025 0:00,A204156096560135,Kong
10/29/2025 0:00,A204156096560139,Kong
10/29/2025 0:00,A204156096560143,Kong
10/29/2025 0:00,A204156096560144,Kong
10/29/2025 0:00,A204156096560174,Kong
10/29/2025 0:00,A204156096560180,Kong
10/29/2025 0:00,A204156096560259,Kong
10/29/2025 0:00,A204156096560261,Kong
10/29/2025 0:00,A204156096560263,Kong
10/29/2025 0:00,BP25101815,Tom
10/29/2025 0:00,BP25101816,Tom
10/29/2025 0:00,BP25101817,Tom
10/29/2025 0:00,BP25101818,Tom
10/29/2025 0:00,BP25101819,Tom
10/29/2025 0:00,BP25101820,Tom
10/29/2025 0:00,BP25101821,Tom
10/29/2025 0:00,BP25101822,Tom
10/29/2025 0:00,BP25101823,Tom
10/29/2025 0:00,BP25101824,Tom
10/31/2025 0:00,MC25101646,Ice
10/31/2025 0:00,MC25101647,Ice
10/31/2025 0:00,MC25101648,Ice
10/31/2025 0:00,MC25101649,Ice
10/31/2025 0:00,MC25101650,Ice
10/31/2025 0:00,MC25101651,Ice
10/31/2025 0:00,MC25101652,Ice
10/31/2025 0:00,MC25101653,Ice
10/31/2025 0:00,MC25101654,Ice
10/31/2025 0:00,MC25101655,Ice
10/31/2025 0:00,MC25101656,Ice
10/31/2025 0:00,MC25101657,Ice
10/31/2025 0:00,MC25101658,Ice
10/31/2025 0:00,MC25101659,Ice
10/31/2025 0:00,MC25101660,Ice
10/31/2025 0:00,MC25101661,Ice
10/31/2025 0:00,MC25101662,Ice
10/31/2025 0:00,MC25101663,Ice
10/31/2025 0:00,MC25101664,Ice
10/31/2025 0:00,MC25101665,Ice
10/31/2025 0:00,SC425101437,Ice
10/31/2025 0:00,SC425101438,Ice
10/31/2025 0:00,SC425101439,Ice
10/31/2025 0:00,SC425101440,Ice
10/31/2025 0:00,SC425101441,Ice
10/31/2025 0:00,SC425101442,Ice
10/31/2025 0:00,SC425101443,Ice
10/31/2025 0:00,SC425101444,Ice
10/31/2025 0:00,SC425101445,Ice
10/31/2025 0:00,SC425101446,Ice
10/31/2025 0:00,SC425101447,Ice
10/31/2025 0:00,SC425101448,Ice
10/31/2025 0:00,SC425101449,Ice
10/31/2025 0:00,SC425101450,Ice
10/31/2025 0:00,SC425101451,Ice
10/31/2025 0:00,SC425101452,Ice
10/31/2025 0:00,SC425101453,Ice
10/31/2025 0:00,SC425101454,Ice
10/31/2025 0:00,SC425101455,Ice
10/31/2025 0:00,SC425101456,Ice
10/31/2025 0:00,SC425101457,Tom
10/31/2025 0:00,SC425101458,Tom
10/31/2025 0:00,SC425101459,Tom
10/31/2025 0:00,SC425101460,Tom
10/31/2025 0:00,SC425101461,Tom
10/31/2025 0:00,SC425101462,Tom
10/31/2025 0:00,SC425101463,Tom
10/31/2025 0:00,SC425101464,Tom
10/31/2025 0:00,SC425101465,Tom
10/31/2025 0:00,SC425101466,Tom
11/3/2025 0:00,AL25110957,Ice
11/3/2025 0:00,AL25110958,Ice
11/3/2025 0:00,AL25110959,Ice
11/3/2025 0:00,AL25110960,Ice
11/3/2025 0:00,AL25110961,Ice
11/3/2025 0:00,AL25110962,Ice
11/3/2025 0:00,AL25110963,Ice
11/3/2025 0:00,AL25110964,Ice
11/3/2025 0:00,AL25110965,Ice
11/3/2025 0:00,AL25110966,Ice
11/3/2025 0:00,BSF25111180,Ice
11/3/2025 0:00,BSF25111181,Ice
11/3/2025 0:00,BSF25111182,Ice
11/3/2025 0:00,BSF25111183,Ice
11/4/2025 0:00,A204156096560121,Kong
11/4/2025 0:00,A204156096560122,Kong
11/4/2025 0:00,A204156096560125,Kong
11/4/2025 0:00,A204156096560126,Kong
11/4/2025 0:00,A204156096560127,Kong
11/4/2025 0:00,A204156096560128,Kong
11/4/2025 0:00,A204156096560129,Kong
11/4/2025 0:00,A204156096560130,Kong
11/4/2025 0:00,A204156096560131,Kong
11/4/2025 0:00,A204156096560133,Kong
11/4/2025 0:00,A204156096560134,Kong
11/4/2025 0:00,A204156096560136,Kong
11/4/2025 0:00,A204156096560137,Kong
11/4/2025 0:00,A204156096560138,Kong
11/4/2025 0:00,A204156096560140,Kong
11/4/2025 0:00,A204156096560141,Kong
11/4/2025 0:00,A204156096560142,Kong
11/4/2025 0:00,A204156096560243,Kong
11/4/2025 0:00,A204156096560258,Kong
11/4/2025 0:00,A204156096560260,Kong
11/4/2025 0:00,A204156096560262,Kong
11/4/2025 0:00,A204156096560310,Kong
11/4/2025 0:00,BP25111825,Tom
11/4/2025 0:00,BP25111826,Tom
11/4/2025 0:00,BP25111827,Tom
11/4/2025 0:00,BP25111828,Tom
11/4/2025 0:00,BP25111829,Tom
11/4/2025 0:00,BP25111830,Tom
11/4/2025 0:00,BP25111831,Tom
11/4/2025 0:00,BP25111832,Tom
11/4/2025 0:00,BP25111833,Tom
11/4/2025 0:00,BP25111834,Tom
11/5/2025 0:00,A204156096560123,Kong
11/5/2025 0:00,A204156096560124,Kong
11/5/2025 0:00,A204156096560217,Kong
11/5/2025 0:00,A204156096560218,Kong
11/5/2025 0:00,A204156096560226,Kong
11/5/2025 0:00,A204156096560229,Kong
11/5/2025 0:00,A204156096560230,Kong
11/5/2025 0:00,A204156096560231,Kong
11/5/2025 0:00,A204156096560239,Kong
11/5/2025 0:00,A204156096560250,Kong
11/5/2025 0:00,A204156096560251,Kong
11/5/2025 0:00,A204156096560253,Kong
11/5/2025 0:00,A204156096560366,Kong
11/5/2025 0:00,A204156096560476,Kong
11/7/2025 0:00,SC425111467,Kong
11/7/2025 0:00,SC425111468,Kong
11/7/2025 0:00,SC425111469,Kong
11/7/2025 0:00,SC425111470,Kong
11/7/2025 0:00,SC425111471,Kong
11/10/2025 0:00,CI25111415,Tom
11/10/2025 0:00,CI25111416,Tom
11/10/2025 0:00,CI25111417,Tom
11/10/2025 0:00,CI25111418,Tom
11/10/2025 0:00,CI25111419,Tom
11/10/2025 0:00,CI25111420,Tom
11/10/2025 0:00,CI25111421,Tom
11/10/2025 0:00,CI25111422,Tom
11/10/2025 0:00,CI25111423,Tom
11/10/2025 0:00,CI25111424,Tom
11/11/2025 0:00,AA625110266,Don
11/11/2025 0:00,AA625110267,Don
11/11/2025 0:00,AA625110268,Don
11/11/2025 0:00,AA625110269,Don
11/11/2025 0:00,AA625110270,Don
11/11/2025 0:00,AA625110271,Don
11/11/2025 0:00,AA625110272,Don
11/11/2025 0:00,AA625110273,Don
11/11/2025 0:00,AA625110274,Don
11/11/2025 0:00,AA625110275,Don
11/11/2025 0:00,AA625110276,Don
11/11/2025 0:00,AA625110277,Don
11/11/2025 0:00,AA625110278,Don
11/11/2025 0:00,AA625110279,Don
11/11/2025 0:00,AA625110280,Don
11/11/2025 0:00,AA625110281,Don
11/11/2025 0:00,AA625110282,Don
11/11/2025 0:00,BSF25111184,Ice
11/11/2025 0:00,BSF25111185,Ice
11/11/2025 0:00,BSF25111186,Ice
11/11/2025 0:00,BSF25111187,Ice
11/11/2025 0:00,BSF25111188,Ice
11/11/2025 0:00,BSF25111189,Ice
11/11/2025 0:00,BSF25111190,Ice
11/11/2025 0:00,BSF25111191,Ice
11/12/2025 0:00,SC425111472,Kong
11/12/2025 0:00,SC425111473,Kong
11/12/2025 0:00,SC425111474,Kong
11/12/2025 0:00,SC425111475,Kong
11/12/2025 0:00,SC425111476,Kong
11/12/2025 0:00,SC425111477,Kong
11/12/2025 0:00,SC425111478,Kong
11/12/2025 0:00,SC425111479,Kong
11/12/2025 0:00,SC425111480,Kong
11/12/2025 0:00,SC425111481,Kong
11/12/2025 0:00,SC425111482,Kong
11/12/2025 0:00,SC425111483,Kong
11/12/2025 0:00,SC425111484,Kong
11/12/2025 0:00,SC425111485,Kong
11/12/2025 0:00,SC425111486,Kong
11/12/2025 0:00,SC425111487,Kong
11/12/2025 0:00,SC425111488,Kong
11/12/2025 0:00,SC425111489,Kong
11/12/2025 0:00,SC425111490,Kong
11/12/2025 0:00,SC425111491,Kong
11/12/2025 0:00,SC425111492,Kong
11/12/2025 0:00,SC425111493,Kong
11/12/2025 0:00,SC425111494,Kong
11/12/2025 0:00,SC425111495,Kong
11/12/2025 0:00,SC425111496,Kong
11/12/2025 0:00,SC425111497,Kong
11/13/2025 0:00,BSF25111192,Kong
11/13/2025 0:00,BSF25111193,Kong
11/13/2025 0:00,BSF25111194,Kong
11/13/2025 0:00,BSF25111195,Kong
11/13/2025 0:00,D37539,Tom
11/13/2025 0:00,D37540,Tom
11/13/2025 0:00,D37541,Tom
11/13/2025 0:00,D37542,Tom
11/13/2025 0:00,D37543,Tom
11/13/2025 0:00,D37544,Tom
11/13/2025 0:00,D37545,Tom
11/13/2025 0:00,D37546,Tom
11/13/2025 0:00,D37547,Tom
11/13/2025 0:00,D37548,Tom
11/13/2025 0:00,MC25111666,Ice
11/15/2025 0:00,A204156096560034,Kong
11/15/2025 0:00,A204156096560040,Kong
11/15/2025 0:00,A204156096560220,Kong
11/15/2025 0:00,A204156096560225,Kong
11/15/2025 0:00,A204156096560252,Kong
11/15/2025 0:00,A204156096560363,Kong
11/15/2025 0:00,A204156096560367,Kong
11/15/2025 0:00,A204156096560369,Kong
11/15/2025 0:00,A204156096560371,Kong
11/15/2025 0:00,A204156096560380,Kong
11/15/2025 0:00,A204156096560381,Kong
11/15/2025 0:00,A204156096560382,Kong
11/15/2025 0:00,A204156096560383,Kong
11/15/2025 0:00,A204156096560384,Kong
11/17/2025 0:00,A204156096560036,Kong
11/17/2025 0:00,A204156096560038,Kong
11/17/2025 0:00,A204156096560046,Kong
11/18/2025 0:00,AL25110967,Ice
11/18/2025 0:00,AL25110968,Ice
11/18/2025 0:00,AL25110969,Ice
11/18/2025 0:00,AL25110970,Ice
11/18/2025 0:00,AL25110971,Ice
11/18/2025 0:00,AL25110972,Ice
11/18/2025 0:00,AL25110973,Ice
11/18/2025 0:00,AL25110974,Ice
11/18/2025 0:00,AL25110975,Ice
11/18/2025 0:00,AL25110976,Ice
11/18/2025 0:00,SCS25110155,Ice
11/18/2025 0:00,SCS25110156,Ice
11/18/2025 0:00,SCS25110157,Ice
11/18/2025 0:00,SCS25110158,Ice
11/18/2025 0:00,SCS25110159,Ice
11/18/2025 0:00,SCS25110160,Ice
11/18/2025 0:00,SCS25110161,Ice
11/18/2025 0:00,SCS25110162,Ice
11/18/2025 0:00,SCS25110163,Ice
11/18/2025 0:00,SCS25110164,Ice
11/25/2025 0:00,AA325110150,Kong
11/25/2025 0:00,AA325110151,Kong
11/25/2025 0:00,AA325110152,Kong
11/25/2025 0:00,AA325110153,Kong
11/25/2025 0:00,AA325110154,Kong
11/25/2025 0:00,BM25111361,Tom
11/25/2025 0:00,BM25111362,Tom
11/25/2025 0:00,BM25111363,Tom
11/25/2025 0:00,BM25111364,Tom
11/25/2025 0:00,BM25111365,Tom
11/25/2025 0:00,BM25111366,Tom
11/25/2025 0:00,BM25111367,Tom
11/25/2025 0:00,BM25111368,Tom
11/25/2025 0:00,BM25111369,Tom
11/25/2025 0:00,BM25111370,Tom
11/25/2025 0:00,D24344,Tom
11/25/2025 0:00,D37509,Tom
11/25/2025 0:00,D37510,Tom
11/25/2025 0:00,D37511,Tom
11/25/2025 0:00,D37512,Tom
11/25/2025 0:00,D37513,Tom
11/25/2025 0:00,D37514,Tom
11/25/2025 0:00,D37515,Tom
11/25/2025 0:00,D37516,Tom
11/25/2025 0:00,D37517,Tom
11/25/2025 0:00,D37518,Tom
11/25/2025 0:00,D37519,Tom
11/25/2025 0:00,D37520,Tom
11/25/2025 0:00,D37521,Tom
11/25/2025 0:00,D37522,Tom
11/25/2025 0:00,D37523,Tom
11/25/2025 0:00,D37524,Tom
11/25/2025 0:00,D37525,Tom
11/25/2025 0:00,D37526,Tom
11/25/2025 0:00,D37527,Tom
11/25/2025 0:00,D37528,Tom
11/25/2025 0:00,SC425111498,Kong
11/25/2025 0:00,SC425111499,Kong
11/25/2025 0:00,SC425111500,Kong
11/25/2025 0:00,SC425111501,Kong
11/25/2025 0:00,SC425111502,Kong
11/26/2025 0:00,BP25111835,Tom
11/26/2025 0:00,BP25111836,Tom
11/26/2025 0:00,BP25111837,Tom
11/26/2025 0:00,BP25111838,Tom
11/26/2025 0:00,BP25111839,Tom
11/26/2025 0:00,BP25111840,Tom
11/26/2025 0:00,BP25111841,Tom
11/26/2025 0:00,BP25111842,Tom
11/26/2025 0:00,BP25111843,Tom
11/26/2025 0:00,BP25111844,Tom
11/26/2025 0:00,BP25111845,Tom
11/26/2025 0:00,BP25111846,Tom
11/26/2025 0:00,BP25111847,Tom
11/27/2025 0:00,SC425111503,Ice
11/27/2025 0:00,SC425111504,Ice
11/27/2025 0:00,SC425111505,Ice
11/27/2025 0:00,SC425111506,Ice
11/27/2025 0:00,SC425111507,Ice
11/27/2025 0:00,SC425111508,Ice
11/27/2025 0:00,SC425111509,Ice
11/27/2025 0:00,SC425111510,Ice
11/27/2025 0:00,SC425111511,Ice
11/27/2025 0:00,SC425111512,Ice
11/27/2025 0:00,SC425111513,Ice
11/27/2025 0:00,SC425111514,Ice
11/27/2025 0:00,SC425111515,Ice
11/29/2025 0:00,AL25110977,Ice
11/29/2025 0:00,AL25110978,Ice
11/29/2025 0:00,AL25110979,Ice
11/29/2025 0:00,AL25110980,Ice
11/29/2025 0:00,AL25110981,Ice
11/29/2025 0:00,AL25110982,Ice
11/29/2025 0:00,AL25110983,Ice
11/29/2025 0:00,AL25110984,Ice
11/29/2025 0:00,AL25110985,Ice
11/29/2025 0:00,AL25110986,Ice
11/29/2025 0:00,AL25110987,Ice
11/29/2025 0:00,AL25110988,Ice
11/29/2025 0:00,AL25110989,Ice
11/29/2025 0:00,AL25110990,Ice
11/29/2025 0:00,AL25110991,Ice
11/29/2025 0:00,AL25110992,Ice
11/29/2025 0:00,AL25110993,Ice
11/29/2025 0:00,AL25110994,Ice
11/29/2025 0:00,AL25110995,Ice
11/29/2025 0:00,AL25110996,Ice
11/29/2025 0:00,AL25110997,Ice
11/29/2025 0:00,AL25110998,Ice
11/29/2025 0:00,AL25110999,Ice
11/29/2025 0:00,AL25111000,Ice
11/29/2025 0:00,AL25111001,Ice
11/29/2025 0:00,AL25111002,Ice
11/29/2025 0:00,AL25111003,Ice
11/29/2025 0:00,AL25111004,Ice
11/29/2025 0:00,AL25111005,Ice
11/29/2025 0:00,AL25111006,Ice
12/1/2025 0:00,A204156096480101,Kong
12/1/2025 0:00,A204156096480109,Kong
12/1/2025 0:00,A204156096480114,Kong
12/1/2025 0:00,A204156096480169,Kong
12/1/2025 0:00,A204156096480377,Kong
12/1/2025 0:00,A204156096560265,Kong
12/1/2025 0:00,A204156096560266,Kong
12/1/2025 0:00,A204156096560267,Kong
12/1/2025 0:00,A204156096560273,Kong
12/1/2025 0:00,A204156096560280,Kong
12/1/2025 0:00,BP25111848,Tom
12/1/2025 0:00,BP25111849,Tom
12/1/2025 0:00,BP25111850,Tom
12/1/2025 0:00,BP25111851,Tom
12/1/2025 0:00,BP25111852,Tom
12/1/2025 0:00,BP25111853,Tom
12/1/2025 0:00,BP25111854,Tom
12/1/2025 0:00,CI25121425,Ice
12/1/2025 0:00,CI25121426,Ice
12/1/2025 0:00,CI25121427,Ice
12/1/2025 0:00,CI25121428,Ice
12/1/2025 0:00,CI25121429,Ice
12/1/2025 0:00,CI25121430,Ice
12/1/2025 0:00,CI25121431,Ice
12/1/2025 0:00,CI25121432,Ice
12/1/2025 0:00,CI25121433,Ice
12/1/2025 0:00,CI25121434,Ice
12/3/2025 0:00,A204156096560269,Kong
12/3/2025 0:00,A204156096560271,Kong
12/3/2025 0:00,A204156096560281,Kong
12/3/2025 0:00,A204156096560285,Kong
12/3/2025 0:00,BSF25111196,Kong
12/3/2025 0:00,BSF25111197,Kong
12/3/2025 0:00,BSF25111198,Kong
12/3/2025 0:00,BSF25111199,Kong
12/3/2025 0:00,BSF25121200,Kong
12/3/2025 0:00,BSF25121201,Kong
12/3/2025 0:00,BSF25121202,Kong
12/3/2025 0:00,BSF25121203,Kong
12/3/2025 0:00,BSF25121204,Kong
12/3/2025 0:00,BSF25121205,Kong
12/3/2025 0:00,BSF25121206,Kong
12/3/2025 0:00,BSF25121207,Kong
12/3/2025 0:00,BSF25121208,Kong
12/3/2025 0:00,BSF25121209,Kong
12/4/2025 0:00,A204156096560268,Kong
12/4/2025 0:00,A204156096560287,Kong
12/8/2025 0:00,A204156096560012,Kong
12/8/2025 0:00,A204156096560014,Kong
12/8/2025 0:00,A204156096560016,Kong
12/8/2025 0:00,A204156096560278,Kong
12/8/2025 0:00,BSF25121210,Kong
12/8/2025 0:00,BSF25121211,Kong
12/8/2025 0:00,BSF25121212,Kong
12/8/2025 0:00,BSF25121213,Kong
12/8/2025 0:00,BSF25121214,Kong
12/8/2025 0:00,BSF25121215,Kong
12/8/2025 0:00,BSF25121216,Kong
12/8/2025 0:00,BSF25121217,Kong
12/8/2025 0:00,BSF25121218,Kong
12/8/2025 0:00,BSF26011219,Kong
12/8/2025 0:00,D37489,Tom
12/8/2025 0:00,D37490,Tom
12/8/2025 0:00,D37491,Tom
12/8/2025 0:00,D37492,Tom
12/8/2025 0:00,D37493,Tom
12/8/2025 0:00,D37494,Tom
12/8/2025 0:00,D37495,Tom
12/8/2025 0:00,D37496,Tom
12/8/2025 0:00,D37497,Tom
12/8/2025 0:00,D37498,Tom
12/8/2025 0:00,D37499,Tom
12/8/2025 0:00,D37500,Tom
12/8/2025 0:00,D37501,Tom
12/8/2025 0:00,D37502,Tom
12/8/2025 0:00,D37503,Tom
12/8/2025 0:00,D37504,Tom
12/8/2025 0:00,D37505,Tom
12/8/2025 0:00,D37506,Tom
12/8/2025 0:00,D37507,Tom
12/8/2025 0:00,D37508,Tom
12/8/2025 0:00,SC425121516,Ice
12/8/2025 0:00,SC425121517,Ice
12/8/2025 0:00,SC425121518,Ice
12/8/2025 0:00,SC425121519,Ice
12/8/2025 0:00,SC425121520,Ice
12/8/2025 0:00,SC425121521,Ice
12/8/2025 0:00,SC425121522,Ice
12/8/2025 0:00,SC425121523,Ice
12/8/2025 0:00,SC425121524,Ice
12/8/2025 0:00,SC425121525,Ice
12/9/2025 0:00,A204156096560001,Kong
12/9/2025 0:00,A204156096560003,Kong
12/9/2025 0:00,A204156096560004,Kong
12/9/2025 0:00,A204156096560006,Kong
12/9/2025 0:00,A204156096560007,Kong
12/9/2025 0:00,A204156096560008,Kong
12/9/2025 0:00,A204156096560011,Kong
12/9/2025 0:00,A204156096560013,Kong
12/9/2025 0:00,A204156096560015,Kong
12/9/2025 0:00,A204156096560018,Kong
12/9/2025 0:00,A204156096560019,Kong
12/9/2025 0:00,A204156096560023,Kong
12/9/2025 0:00,A204156096560024,Kong
12/9/2025 0:00,A204156096560276,Kong
12/9/2025 0:00,A204156096560295,Kong
12/9/2025 0:00,A204156096560298,Kong
12/12/2025 0:00,SC425121526,Kong
12/12/2025 0:00,SC425121527,Kong
12/12/2025 0:00,SC425121528,Kong
12/12/2025 0:00,SC425121529,Kong
12/12/2025 0:00,SC425121530,Kong
12/12/2025 0:00,SC425121531,Kong
12/12/2025 0:00,SC425121532,Kong
12/12/2025 0:00,SC425121533,Kong
12/12/2025 0:00,SC425121534,Kong
12/12/2025 0:00,SC425121535,Kong
12/12/2025 0:00,SC425121536,Ice
12/12/2025 0:00,SC425121537,Ice
12/12/2025 0:00,SC425121538,Ice
12/12/2025 0:00,SC425121539,Ice
12/12/2025 0:00,SC425121540,Ice
12/12/2025 0:00,SC425121541,Ice
12/12/2025 0:00,SC425121542,Ice
12/12/2025 0:00,SC425121543,Ice
12/12/2025 0:00,SC425121544,Ice
12/12/2025 0:00,SC425121545,Ice
12/12/2025 0:00,SC425121546,Ice
12/12/2025 0:00,SC425121547,Ice
12/12/2025 0:00,SC425121548,Ice
12/12/2025 0:00,SC425121549,Ice
12/12/2025 0:00,SC425121550,Ice
12/12/2025 0:00,SC425121551,Ice
12/12/2025 0:00,SC425121552,Ice
12/12/2025 0:00,SC425121553,Ice
12/12/2025 0:00,SC425121554,Ice
12/12/2025 0:00,SC425121555,Ice
12/12/2025 0:00,SC425121556,Ice
12/12/2025 0:00,SC425121557,Ice
12/12/2025 0:00,SC425121558,Ice
12/12/2025 0:00,SC425121559,Ice
12/12/2025 0:00,SC425121560,Ice
12/12/2025 0:00,SC425121561,Ice
12/13/2025 0:00,BP25121855,Tom
12/13/2025 0:00,BP25121856,Tom
12/13/2025 0:00,BP25121857,Tom
12/13/2025 0:00,BP25121858,Tom
12/13/2025 0:00,BP25121859,Tom
12/13/2025 0:00,BP25121860,Tom
12/13/2025 0:00,BP25121861,Tom
12/13/2025 0:00,BP25121862,Tom
12/13/2025 0:00,BP25121863,Tom
12/13/2025 0:00,BP25121864,Tom
12/16/2025 0:00,A204156096560297,Kong
12/16/2025 0:00,A204156096560299,Kong
12/16/2025 0:00,A204156096560301,Kong
12/16/2025 0:00,A204156096560304,Kong
12/16/2025 0:00,A204156096560306,Kong
12/16/2025 0:00,SW25120447,Ice
12/16/2025 0:00,SW25120448,Ice
12/16/2025 0:00,SW25120449,Ice
12/16/2025 0:00,SW25120450,Ice
12/16/2025 0:00,SW25120451,Ice
12/16/2025 0:00,SW25120452,Ice
12/16/2025 0:00,SW25120453,Ice
12/16/2025 0:00,SW25120454,Ice
12/16/2025 0:00,SW25120455,Ice
12/16/2025 0:00,SW25120456,Ice
12/16/2025 0:00,SW25120457,Ice
12/16/2025 0:00,SW25120458,Ice
12/16/2025 0:00,SW25120459,Ice
12/16/2025 0:00,SW25120460,Ice
12/16/2025 0:00,SW25120461,Ice
12/16/2025 0:00,SW25120462,Ice
12/16/2025 0:00,SW25120463,Ice
12/16/2025 0:00,SW25120464,Ice
12/16/2025 0:00,SW25120465,Ice
12/16/2025 0:00,SW25120466,Ice
12/17/2025 0:00,BM25121371,Tom
12/17/2025 0:00,BM25121372,Tom
12/17/2025 0:00,BM25121373,Tom
12/17/2025 0:00,BM25121374,Tom
12/17/2025 0:00,BM25121375,Tom
12/17/2025 0:00,BM25121376,Tom
12/17/2025 0:00,BM25121377,Tom
12/17/2025 0:00,BM25121378,Tom
12/17/2025 0:00,BM25121379,Tom
12/17/2025 0:00,BM25121380,Tom
12/17/2025 0:00,CC68121414,Ice
12/17/2025 0:00,CC68121415,Ice
12/17/2025 0:00,CC68121416,Ice
12/17/2025 0:00,CC68121417,Ice
12/17/2025 0:00,CC68121418,Ice
12/17/2025 0:00,CC68121419,Ice
12/17/2025 0:00,CC68121420,Ice
12/17/2025 0:00,CC68121421,Ice
12/17/2025 0:00,CC68121422,Ice
12/17/2025 0:00,CC68121423,Ice
12/18/2025 0:00,A204156096560241,Kong
12/18/2025 0:00,A204156096560257,Kong
12/18/2025 0:00,A204156096560289,Kong
12/18/2025 0:00,A204156096560290,Kong
12/18/2025 0:00,A204156096560293,Kong
12/18/2025 0:00,A204156096560302,Kong
12/18/2025 0:00,A204156096560305,Kong
12/18/2025 0:00,A204156096560309,Kong
12/18/2025 0:00,A204156096560311,Kong
12/18/2025 0:00,A204156096560312,Kong
12/18/2025 0:00,SCS25120165,Ice
12/18/2025 0:00,SCS25120166,Ice
12/18/2025 0:00,SCS25120167,Ice
12/19/2025 0:00,AL25121007,Ice
12/19/2025 0:00,AL25121008,Ice
12/19/2025 0:00,AL25121009,Ice
12/19/2025 0:00,AL25121010,Ice
12/19/2025 0:00,AL25121011,Ice
12/19/2025 0:00,AL25121012,Ice
12/19/2025 0:00,AL25121013,Ice
12/19/2025 0:00,AL25121014,Ice
12/19/2025 0:00,AL25121015,Ice
12/19/2025 0:00,AL25121016,Ice
12/22/2025 0:00,AA325120155,Kong
12/22/2025 0:00,AA325120156,Kong
12/22/2025 0:00,AA325120157,Kong
12/22/2025 0:00,AA325120158,Kong
12/22/2025 0:00,AA325120159,Kong
12/22/2025 0:00,BSG25120374,Ice
12/22/2025 0:00,BSG25120375,Ice
12/22/2025 0:00,SCS25120168,Ice
12/22/2025 0:00,SCS25120169,Ice
12/22/2025 0:00,SCS25120170,Ice
12/22/2025 0:00,SCS25120171,Ice
12/22/2025 0:00,SCS25120172,Ice
12/23/2025 0:00,A204156096560002,Kong
12/23/2025 0:00,A204156096560010,Kong
12/23/2025 0:00,A204156096560270,Kong
12/23/2025 0:00,A204156096560274,Kong
12/23/2025 0:00,A204156096560275,Kong
12/23/2025 0:00,A204156096560279,Kong
12/23/2025 0:00,A204156096560282,Kong
12/23/2025 0:00,A204156096560284,Kong
12/23/2025 0:00,A204156096560286,Kong
12/23/2025 0:00,A204156096560288,Kong
12/24/2025 0:00,BP25121865,Tom
12/24/2025 0:00,BP25121866,Tom
12/24/2025 0:00,BP25121867,Tom
12/24/2025 0:00,BP25121868,Tom
12/24/2025 0:00,BP25121869,Tom
12/24/2025 0:00,BP25121870,Tom
12/24/2025 0:00,BP25121871,Tom
12/24/2025 0:00,BP25121872,Tom
12/24/2025 0:00,BP25121873,Tom
12/24/2025 0:00,BP25121874,Tom
12/25/2025 0:00,BS25120536,Ice
12/25/2025 0:00,BS25120537,Ice
12/25/2025 0:00,BS25120538,Ice
12/25/2025 0:00,BS25120539,Ice
12/25/2025 0:00,BS25120540,Ice
12/25/2025 0:00,BS25120541,Ice
12/25/2025 0:00,BS25120542,Ice
12/25/2025 0:00,BS25120543,Ice
12/25/2025 0:00,BS25120544,Ice
12/25/2025 0:00,BS25120545,Ice
12/25/2025 0:00,SC425121562,Kong
12/25/2025 0:00,SC425121563,Kong
12/25/2025 0:00,SC425121564,Kong
12/25/2025 0:00,SC425121565,Kong
12/25/2025 0:00,SC425121566,Kong
12/25/2025 0:00,SC425121567,Kong
12/25/2025 0:00,SC425121568,Kong
12/25/2025 0:00,SC425121569,Kong
12/25/2025 0:00,SC425121570,Kong
12/25/2025 0:00,SC425121571,Kong
12/26/2025 0:00,D37449,Tom
12/26/2025 0:00,D37450,Tom
12/26/2025 0:00,D37451,Tom
12/26/2025 0:00,D37452,Tom
12/26/2025 0:00,D37453,Tom
12/26/2025 0:00,D37454,Tom
12/26/2025 0:00,D37455,Tom
12/26/2025 0:00,D37456,Tom
12/26/2025 0:00,D37457,Tom
12/26/2025 0:00,D37458,Tom
12/26/2025 0:00,D37459,Tom
12/26/2025 0:00,D37460,Tom
12/26/2025 0:00,D37461,Tom
12/26/2025 0:00,D37462,Tom
12/26/2025 0:00,D37463,Tom
12/26/2025 0:00,D37464,Tom
12/26/2025 0:00,D37465,Tom
12/26/2025 0:00,D37466,Tom
12/26/2025 0:00,D37467,Tom
12/26/2025 0:00,D37468,Tom
12/26/2025 0:00,MC25121667,Ice
12/26/2025 0:00,MC25121668,Ice
12/26/2025 0:00,MC25121669,Ice
12/26/2025 0:00,MC25121670,Ice
12/26/2025 0:00,MC25121671,Ice
12/26/2025 0:00,MC25121672,Ice
12/26/2025 0:00,MC25121673,Ice
12/26/2025 0:00,MC25121674,Ice
12/26/2025 0:00,MC25121675,Ice
12/26/2025 0:00,MC25121676,Ice
12/26/2025 0:00,MC25121677,Ice
12/26/2025 0:00,MC25121678,Ice
12/26/2025 0:00,MC25121679,Ice
12/26/2025 0:00,MC25121680,Ice
12/26/2025 0:00,MC25121681,Ice
12/26/2025 0:00,MC25121682,Ice
12/26/2025 0:00,MC25121683,Ice
12/26/2025 0:00,MC25121684,Ice
12/26/2025 0:00,MC25121685,Ice
12/26/2025 0:00,MC25121686,Ice
12/26/2025 0:00,MC25121687,Ice
12/26/2025 0:00,MC25121688,Ice
12/26/2025 0:00,MC25121689,Ice
12/26/2025 0:00,MC25121690,Ice
12/26/2025 0:00,MC25121691,Ice
12/26/2025 0:00,MC25121692,Ice
12/26/2025 0:00,MC25121693,Ice
12/26/2025 0:00,MC25121694,Ice
12/26/2025 0:00,MC25121695,Ice
12/26/2025 0:00,MC25121696,Ice
12/26/2025 0:00,MC25121697,Ice
12/26/2025 0:00,MC25121698,Ice
12/26/2025 0:00,MC25121699,Ice
12/26/2025 0:00,MC25121700,Ice
12/26/2025 0:00,MC25121701,Ice
12/26/2025 0:00,MC25121702,Ice
12/26/2025 0:00,MC25121703,Ice
12/26/2025 0:00,MC25121704,Ice
12/26/2025 0:00,MC25121705,Ice
12/26/2025 0:00,MC25121706,Ice
12/26/2025 0:00,MC25121707,Ice
12/26/2025 0:00,MC25121708,Ice
12/26/2025 0:00,MC25121709,Ice
12/26/2025 0:00,MC25121710,Ice
12/26/2025 0:00,MC25121711,Ice
12/26/2025 0:00,MC25121712,Ice
12/26/2025 0:00,MC25121713,Ice
12/26/2025 0:00,MC25121714,Ice
12/26/2025 0:00,MC25121715,Ice
12/26/2025 0:00,MC25121716,Ice
12/26/2025 0:00,SC425121572,Tom
12/26/2025 0:00,SC425121573,Tom
12/26/2025 0:00,SC425121574,Tom
12/26/2025 0:00,SC425121575,Tom
12/26/2025 0:00,SC425121576,Tom
12/26/2025 0:00,SC425121577,Tom
12/26/2025 0:00,SC425121578,Tom
12/26/2025 0:00,SC425121579,Tom
12/26/2025 0:00,SC425121580,Tom
12/26/2025 0:00,SC425121581,Tom
12/27/2025 0:00,A204156096560005,Kong
12/27/2025 0:00,A204156096560009,Kong
12/27/2025 0:00,A204156096560017,Kong
12/27/2025 0:00,A204156096560022,Kong
12/27/2025 0:00,A204156096560272,Kong
12/27/2025 0:00,A204156096560291,Kong
12/27/2025 0:00,A204156096560292,Kong
12/27/2025 0:00,A204156096560296,Kong
12/27/2025 0:00,A204156096560303,Kong
12/29/2025 0:00,A204156096560020,Kong
12/29/2025 0:00,A204156096560021,Kong
12/29/2025 0:00,A204156096560471,Kong
12/29/2025 0:00,A204156096560472,Kong
12/29/2025 0:00,A204156096560480,Kong
12/29/2025 0:00,AA325120160,Kong
12/29/2025 0:00,AA325120161,Kong
12/29/2025 0:00,AA325120162,Kong
12/29/2025 0:00,AA325120163,Kong
12/29/2025 0:00,AA325120164,Kong
12/29/2025 0:00,AA325120165,Kong
12/29/2025 0:00,AA325120166,Kong
12/29/2025 0:00,AA325120167,Kong
12/29/2025 0:00,AA325120168,Kong
12/29/2025 0:00,AA325120169,Kong
12/29/2025 0:00,SCS25120173,Ice
12/29/2025 0:00,SCS25120174,Ice
12/29/2025 0:00,SCS25120175,Ice
12/29/2025 0:00,SCS25120176,Ice
12/29/2025 0:00,SCS25120177,Ice
12/29/2025 0:00,SCS25120178,Ice
12/29/2025 0:00,SCS25120179,Ice
12/29/2025 0:00,SCS25120180,Ice
12/29/2025 0:00,SCS25120181,Ice
12/29/2025 0:00,SCS25120182,Ice
12/29/2025 0:00,SCS25120183,Ice
12/29/2025 0:00,SCS25120184,Ice
12/30/2025 0:00,AL25121017,Ice
1/5/2026 0:00,A204156096560179,Kong
1/5/2026 0:00,A204156096560182,Kong
1/5/2026 0:00,A204156096560188,Kong
1/5/2026 0:00,A204156096560475,Kong
1/5/2026 0:00,A204156096560478,Kong
1/5/2026 0:00,AA626010283,Don
1/5/2026 0:00,AA626010284,Don
1/5/2026 0:00,AA626010285,Don
1/5/2026 0:00,AA626010286,Don
1/5/2026 0:00,AA626010287,Don
1/5/2026 0:00,AA626010288,Don
1/5/2026 0:00,AA626010289,Don
1/5/2026 0:00,AA626010290,Don
1/5/2026 0:00,AA626010291,Don
1/5/2026 0:00,AA626010292,Don
1/5/2026 0:00,AA626010293,Kong
1/5/2026 0:00,AL26011018,Ice
1/5/2026 0:00,AL26011019,Ice
1/5/2026 0:00,AL26011020,Ice
1/5/2026 0:00,AL26011021,Ice
1/5/2026 0:00,AL26011022,Ice
1/5/2026 0:00,AL26011023,Ice
1/5/2026 0:00,AL26011024,Ice
1/5/2026 0:00,AL26011025,Ice
1/5/2026 0:00,AL26011026,Ice
1/6/2026 0:00,A4N69010360,Tom
1/6/2026 0:00,A4N69010361,Tom
1/6/2026 0:00,A4N69010362,Tom
1/6/2026 0:00,A4N69010363,Tom
1/8/2026 0:00,A204156096560172,Kong
1/8/2026 0:00,A204156096560277,Kong
1/8/2026 0:00,A204156096560283,Kong
1/8/2026 0:00,A204156096560300,Kong
1/8/2026 0:00,A204156096560307,Kong
1/8/2026 0:00,A204156096560308,Kong
1/8/2026 0:00,A204156096560479,Kong
1/8/2026 0:00,SC426011582,Ice
1/8/2026 0:00,SC426011583,Ice
1/8/2026 0:00,SC426011584,Ice
1/8/2026 0:00,SC426011585,Ice
1/8/2026 0:00,SC426011586,Ice
1/10/2026 0:00,BS26010546,Ice
1/10/2026 0:00,BS26010547,Ice
1/10/2026 0:00,BS26010548,Ice
1/10/2026 0:00,BS26010549,Ice
1/10/2026 0:00,BS26010550,Ice
1/10/2026 0:00,BS26010551,Ice
1/10/2026 0:00,BS26010552,Ice
1/10/2026 0:00,CI26011435,Tom
1/10/2026 0:00,CI26011436,Tom
1/10/2026 0:00,CI26011437,Tom
1/10/2026 0:00,CI26011438,Tom
1/10/2026 0:00,CI26011439,Tom
1/10/2026 0:00,CI26011440,Tom
1/10/2026 0:00,CI26011441,Tom
1/10/2026 0:00,CI26011442,Tom
1/10/2026 0:00,CI26011443,Tom
1/12/2026 0:00,AL26011027,Ice
1/12/2026 0:00,AL26011028,Ice
1/12/2026 0:00,AL26011029,Ice
1/12/2026 0:00,AL26011030,Ice
1/12/2026 0:00,AL26011031,Ice
1/12/2026 0:00,AL26011032,Ice
1/12/2026 0:00,AL26011033,Ice
1/12/2026 0:00,AL26011034,Ice
1/12/2026 0:00,AL26011035,Ice
1/12/2026 0:00,AL26011036,Ice
1/12/2026 0:00,D24338,Ice
1/12/2026 0:00,D24340,Ice
1/12/2026 0:00,D24341,Ice
1/12/2026 0:00,D24342,Ice
1/12/2026 0:00,D24343,Ice
1/12/2026 0:00,D24345,Ice
1/12/2026 0:00,SC426011587,Tom
1/12/2026 0:00,SC426011588,Tom
1/12/2026 0:00,SC426011589,Tom
1/12/2026 0:00,SC426011590,Tom
1/12/2026 0:00,SC426011591,Tom
1/12/2026 0:00,SC426011592,Tom
1/12/2026 0:00,SC426011593,Tom
1/12/2026 0:00,SC426011594,Tom
1/12/2026 0:00,SC426011595,Tom
1/12/2026 0:00,SC426011596,Tom
1/12/2026 0:00,SC426011597,Tom
1/12/2026 0:00,SC426011598,Tom
1/12/2026 0:00,SC426011599,Tom
1/12/2026 0:00,SC426011600,Tom
1/12/2026 0:00,SC426011601,Tom
1/16/2026 0:00,BSF26011220,Kong
1/16/2026 0:00,BSF26011221,Kong
1/16/2026 0:00,BSF26011222,Kong
1/16/2026 0:00,BSF26011223,Kong
1/16/2026 0:00,BSF26011224,Kong
1/16/2026 0:00,BSF26011225,Kong
1/16/2026 0:00,BSF26011226,Kong
1/16/2026 0:00,BSF26011227,Kong
1/16/2026 0:00,BSF26011228,Kong
1/16/2026 0:00,BSF26011229,Kong
1/20/2026 0:00,BP26011875,Tom
1/20/2026 0:00,BP26011876,Tom
1/20/2026 0:00,BP26011877,Tom
1/20/2026 0:00,BP26011878,Tom
1/20/2026 0:00,BP26011879,Tom
1/20/2026 0:00,BP26011880,Tom
1/20/2026 0:00,BP26011881,Tom
1/20/2026 0:00,BP26011882,Tom
1/20/2026 0:00,BP26011883,Tom
1/20/2026 0:00,BP26011884,Tom
1/20/2026 0:00,MC26011717,Ice
1/20/2026 0:00,MC26011718,Ice
1/20/2026 0:00,MC26011719,Ice
1/20/2026 0:00,MC26011720,Ice
1/20/2026 0:00,MC26011721,Ice
1/20/2026 0:00,MC26011722,Ice
1/20/2026 0:00,MC26011723,Ice
1/20/2026 0:00,MC26011724,Ice
1/20/2026 0:00,MC26011725,Ice
1/20/2026 0:00,MC26011726,Ice
1/20/2026 0:00,MC26011727,Ice
1/20/2026 0:00,MC26011728,Ice
1/20/2026 0:00,MC26011729,Ice
1/20/2026 0:00,MC26011730,Ice
1/20/2026 0:00,MC26011731,Ice
1/20/2026 0:00,MC26011732,Ice
1/20/2026 0:00,MC26011733,Ice
1/20/2026 0:00,MC26011734,Ice
1/20/2026 0:00,MC26011735,Ice
1/20/2026 0:00,MC26011736,Ice
1/20/2026 0:00,SCS26010185,Ice
1/20/2026 0:00,SCS26010186,Ice
1/20/2026 0:00,SCS26010187,Ice
1/20/2026 0:00,SCS26010188,Ice
1/20/2026 0:00,SCS26010189,Ice
1/20/2026 0:00,SCS26010190,Ice
1/20/2026 0:00,SCS26010191,Ice
1/20/2026 0:00,SCS26010192,Ice
1/20/2026 0:00,SCS26010193,Ice
1/20/2026 0:00,SCS26010194,Ice
1/22/2026 0:00,BSF26011230,Ice
1/22/2026 0:00,BSF26011231,Ice
1/22/2026 0:00,BSF26011232,Ice
1/22/2026 0:00,BSF26011233,Ice
1/22/2026 0:00,BSF26011234,Ice
1/22/2026 0:00,BSF26011235,Ice
1/22/2026 0:00,BSF26011236,Ice
1/22/2026 0:00,BSF26011237,Ice
1/22/2026 0:00,BSF26011238,Ice
1/22/2026 0:00,BSF26011239,Ice
1/26/2026 0:00,A204156096560146,Kong
1/26/2026 0:00,A204156096560147,Kong
1/26/2026 0:00,A204156096560149,Kong
1/26/2026 0:00,A204156096560150,Kong
1/26/2026 0:00,A204156096560152,Kong
1/26/2026 0:00,A204156096560160,Kong
1/26/2026 0:00,A204156096560164,Kong
1/26/2026 0:00,A204156096560165,Kong
1/26/2026 0:00,A204156096560166,Kong
1/26/2026 0:00,A204156096560171,Kong
1/26/2026 0:00,CC69011424,Kong
1/26/2026 0:00,CC69011425,Kong
1/26/2026 0:00,CC69011426,Kong
1/26/2026 0:00,CC69011427,Kong
1/26/2026 0:00,CC69011428,Kong
1/26/2026 0:00,CC69011429,Kong
1/26/2026 0:00,CC69011430,Kong
1/26/2026 0:00,CC69011431,Kong
1/26/2026 0:00,CC69011432,Kong
1/26/2026 0:00,CC69011433,Kong
1/27/2026 0:00,SC426011602,Ice
1/27/2026 0:00,SC426011603,Ice
1/27/2026 0:00,SC426011604,Ice
1/27/2026 0:00,SC426011605,Ice
1/27/2026 0:00,SC426011606,Ice
1/27/2026 0:00,SC426011607,Ice
1/27/2026 0:00,SC426011608,Ice
1/27/2026 0:00,SC426011609,Ice
1/27/2026 0:00,SC426011610,Ice
1/27/2026 0:00,SC426011611,Ice
1/27/2026 0:00,SC426011612,Ice
1/27/2026 0:00,SC426011613,Ice
1/27/2026 0:00,SC426011614,Ice
1/27/2026 0:00,SC426011615,Ice
1/27/2026 0:00,SC426011616,Ice
1/27/2026 0:00,SC426011617,Ice
1/27/2026 0:00,SC426011618,Ice
1/27/2026 0:00,SC426011619,Ice
1/27/2026 0:00,SC426011620,Ice
1/27/2026 0:00,SC426011621,Ice
1/28/2026 0:00,A4N69010364,Tom
1/29/2026 0:00,A4N69010365,Tom
1/29/2026 0:00,A4N69010366,Tom
1/29/2026 0:00,A4N69010367,Tom
1/29/2026 0:00,A4N69010368,Tom
1/30/2026 0:00,AL26011037,Ice
1/30/2026 0:00,AL26011038,Ice
1/30/2026 0:00,AL26011039,Ice
1/30/2026 0:00,AL26011040,Ice
1/30/2026 0:00,AL26011041,Ice
1/30/2026 0:00,AL26011042,Ice
1/30/2026 0:00,AL26011043,Ice
1/30/2026 0:00,AL26011044,Ice
1/30/2026 0:00,AL26011045,Ice
1/30/2026 0:00,AL26011046,Ice
1/30/2026 0:00,BM26011381,Tom
1/30/2026 0:00,BM26011382,Tom
1/30/2026 0:00,BM26011383,Tom
1/30/2026 0:00,BM26011384,Tom
1/30/2026 0:00,BM26011385,Tom
1/30/2026 0:00,BM26011386,Tom
1/30/2026 0:00,BM26011387,Tom
1/30/2026 0:00,BM26011388,Tom
1/30/2026 0:00,BM26011389,Tom
1/30/2026 0:00,BM26011390,Tom
1/30/2026 0:00,CC69011434,Kong
1/30/2026 0:00,CC69011435,Kong
1/30/2026 0:00,CC69011436,Kong
1/30/2026 0:00,CC69011437,Kong
1/30/2026 0:00,CC69011438,Kong
2/4/2026 0:00,BP26021885,Tom
2/4/2026 0:00,BP26021886,Tom
2/4/2026 0:00,BP26021887,Tom
2/4/2026 0:00,BP26021888,Tom
2/4/2026 0:00,BP26021889,Tom
2/4/2026 0:00,BP26021890,Tom
2/4/2026 0:00,BP26021891,Tom
2/4/2026 0:00,BP26021892,Tom
2/4/2026 0:00,BP26021893,Tom
2/4/2026 0:00,BP26021894,Tom
2/5/2026 0:00,SC426021622,Ice
2/5/2026 0:00,SC426021623,Ice
2/5/2026 0:00,SC426021624,Ice
2/5/2026 0:00,SC426021625,Ice
2/5/2026 0:00,SC426021626,Ice
2/5/2026 0:00,SC426021627,Ice
2/5/2026 0:00,SC426021628,Ice
2/5/2026 0:00,SC426021629,Ice
2/5/2026 0:00,SC426021630,Ice
2/5/2026 0:00,SC426021631,Ice
2/5/2026 0:00,SC426021632,Ice
2/5/2026 0:00,SC426021633,Ice
2/5/2026 0:00,SC426021634,Ice
2/5/2026 0:00,SC426021635,Ice
2/5/2026 0:00,SC426021636,Ice
2/5/2026 0:00,SC426021637,Ice
2/5/2026 0:00,SC426021638,Ice
2/5/2026 0:00,SC426021639,Ice
2/5/2026 0:00,SC426021640,Ice
2/5/2026 0:00,SC426021641,Ice
2/9/2026 0:00,A204156096560148,Kong
2/9/2026 0:00,A204156096560151,Kong
2/9/2026 0:00,A204156096560153,Kong
2/9/2026 0:00,A204156096560154,Kong
2/9/2026 0:00,A204156096560156,Kong
2/9/2026 0:00,A204156096560157,Kong
2/9/2026 0:00,A204156096560158,Kong
2/9/2026 0:00,A204156096560162,Kong
2/9/2026 0:00,A204156096560167,Kong
2/9/2026 0:00,A204156096560168,Kong
2/9/2026 0:00,CI26011444,Tom
2/9/2026 0:00,CI26021445,Tom
2/9/2026 0:00,CI26021446,Tom
2/9/2026 0:00,CI26021447,Tom
2/9/2026 0:00,CI26021448,Tom
2/9/2026 0:00,CI26021449,Tom
2/9/2026 0:00,CI26021450,Tom
2/9/2026 0:00,CI26021451,Tom
2/9/2026 0:00,CI26021452,Tom
2/9/2026 0:00,CI26021453,Tom
2/12/2026 0:00,A204156096560411,Kong
2/12/2026 0:00,A204156096560424,Kong
2/12/2026 0:00,A204156096560432,Kong
2/12/2026 0:00,A204156096560436,Kong
2/12/2026 0:00,A204156096560438,Kong
2/12/2026 0:00,A204156096560442,Kong
2/12/2026 0:00,D24346,Tom
2/12/2026 0:00,D24353,Tom
2/13/2026 0:00,SC426021642,Kong
2/13/2026 0:00,SC426021643,Kong
2/13/2026 0:00,SC426021644,Kong
2/13/2026 0:00,SC426021645,Kong
2/13/2026 0:00,SC426021646,Kong
2/13/2026 0:00,SC426021647,Kong
2/13/2026 0:00,SC426021648,Kong
2/13/2026 0:00,SC426021649,Kong
2/13/2026 0:00,SC426021650,Kong
2/13/2026 0:00,SC426021651,Kong
2/13/2026 0:00,SC426021652,Kong
2/13/2026 0:00,SC426021653,Kong
2/13/2026 0:00,SC426021654,Kong
2/13/2026 0:00,SC426021655,Kong
2/13/2026 0:00,SC426021656,Kong
2/13/2026 0:00,SC426021657,Kong
2/13/2026 0:00,SC426021658,Kong
2/13/2026 0:00,SC426021659,Kong
2/13/2026 0:00,SC426021660,Kong
2/13/2026 0:00,SC426021661,Kong
2/14/2026 0:00,A204156096560409,Kong
2/14/2026 0:00,A204156096560414,Kong
2/14/2026 0:00,A204156096560417,Kong
2/14/2026 0:00,A204156096560422,Kong
2/14/2026 0:00,A204156096560427,Kong
2/14/2026 0:00,A204156096560431,Kong
2/14/2026 0:00,A204156096560437,Kong
2/14/2026 0:00,A204156096560447,Kong
2/14/2026 0:00,A204156096560450,Kong
2/14/2026 0:00,A204156096560454,Kong
2/14/2026 0:00,SCS26020195,Ice
2/14/2026 0:00,SCS26020196,Ice
2/14/2026 0:00,SCS26020197,Ice
2/14/2026 0:00,SCS26020198,Ice
2/14/2026 0:00,SCS26020199,Ice
2/14/2026 0:00,SCS26020200,Ice
2/14/2026 0:00,SCS26020201,Ice
2/14/2026 0:00,SCS26020202,Ice
2/14/2026 0:00,SCS26020203,Ice
2/14/2026 0:00,SCS26020204,Ice
2/16/2026 0:00,A204156096560420,Kong
2/16/2026 0:00,A204156096560449,Kong
2/16/2026 0:00,A204156096560453,Kong
2/16/2026 0:00,AL26021047,Ice
2/16/2026 0:00,AL26021048,Ice
2/16/2026 0:00,AL26021049,Ice
2/16/2026 0:00,AL26021050,Ice
2/16/2026 0:00,AL26021051,Ice
2/16/2026 0:00,AL26021052,Ice
2/16/2026 0:00,AL26021053,Ice
2/16/2026 0:00,AL26021054,Ice
2/16/2026 0:00,AL26021055,Ice
2/16/2026 0:00,AL26021056,Ice
2/18/2026 0:00,MC26021737,Ice
2/18/2026 0:00,MC26021738,Ice
2/18/2026 0:00,MC26021739,Ice
2/18/2026 0:00,MC26021740,Ice
2/18/2026 0:00,MC26021741,Ice
2/18/2026 0:00,MC26021742,Ice
2/18/2026 0:00,MC26021743,Ice
2/18/2026 0:00,MC26021744,Ice
2/18/2026 0:00,MC26021745,Ice
2/18/2026 0:00,MC26021746,Ice
2/18/2026 0:00,MC26021747,Ice
2/18/2026 0:00,MC26021748,Ice
2/18/2026 0:00,MC26021749,Ice
2/18/2026 0:00,MC26021750,Ice
2/18/2026 0:00,MC26021751,Ice
2/18/2026 0:00,MC26021752,Ice
2/18/2026 0:00,MC26021753,Ice
2/18/2026 0:00,MC26021754,Ice
2/18/2026 0:00,MC26021755,Ice
2/18/2026 0:00,MC26021756,Ice
2/20/2026 0:00,D24352,Tom
2/20/2026 0:00,D24357,Tom
2/23/2026 0:00,AA625080219,Kong
2/23/2026 0:00,AA625080220,Kong
2/23/2026 0:00,AA626010307,Kong
2/23/2026 0:00,AA626010325,Kong
2/23/2026 0:00,AA626020309,Kong
2/23/2026 0:00,AA626020310,Kong
2/23/2026 0:00,AA626020311,Kong
2/23/2026 0:00,AA626020312,Kong
2/23/2026 0:00,CI26021454,Tom
2/23/2026 0:00,CI26021455,Tom
2/23/2026 0:00,CI26021456,Tom
2/23/2026 0:00,CI26021457,Tom
2/23/2026 0:00,CI26021458,Tom
2/23/2026 0:00,CI26021459,Tom
2/23/2026 0:00,CI26021460,Tom
2/23/2026 0:00,CI26021461,Tom
2/23/2026 0:00,CI26021462,Tom
2/23/2026 0:00,CI26021463,Tom
2/23/2026 0:00,D24350,Tom
2/23/2026 0:00,D24355,Tom
2/24/2026 0:00,A204156096560415,Kong
2/24/2026 0:00,A204156096560421,Kong
2/24/2026 0:00,A204156096560428,Kong
2/24/2026 0:00,A204156096560439,Kong
2/24/2026 0:00,A204156096560448,Kong
2/24/2026 0:00,AA626010313,Kong
2/25/2026 0:00,BSF26021240,Ice
2/25/2026 0:00,BSF26021241,Ice
2/25/2026 0:00,BSF26021242,Ice
2/25/2026 0:00,BSF26021243,Ice
2/25/2026 0:00,BSF26021244,Ice
2/25/2026 0:00,BSF26021245,Ice
2/25/2026 0:00,BSF26021246,Ice
2/25/2026 0:00,BSF26021247,Ice
2/25/2026 0:00,BSF26021248,Ice
2/25/2026 0:00,BSF26021249,Ice
2/26/2026 0:00,A204156096560073,Kong
2/26/2026 0:00,A204156096560074,Kong
2/26/2026 0:00,A204156096560076,Kong
2/26/2026 0:00,A204156096560078,Kong
2/26/2026 0:00,A204156096560079,Kong
2/26/2026 0:00,A204156096560085,Kong
2/26/2026 0:00,A204156096560089,Kong
2/26/2026 0:00,A204156096560091,Kong
2/26/2026 0:00,A204156096560093,Kong
2/26/2026 0:00,A204156096560094,Kong
2/26/2026 0:00,A204156096560145,Kong
2/26/2026 0:00,A204156096560155,Kong
2/27/2026 0:00,A204156096560096,Kong
2/27/2026 0:00,D37469,Kong
2/27/2026 0:00,D37470,Kong
2/27/2026 0:00,D37471,Kong
2/27/2026 0:00,D37472,Kong
2/27/2026 0:00,D37473,Kong
2/27/2026 0:00,D37474,Kong
2/27/2026 0:00,D37475,Kong
2/27/2026 0:00,D37476,Kong
2/27/2026 0:00,D37478,Kong
2/27/2026 0:00,D37479,Kong
2/27/2026 0:00,D37480,Kong
2/27/2026 0:00,D37481,Kong
2/27/2026 0:00,D37482,Kong
2/27/2026 0:00,D37483,Kong
2/27/2026 0:00,D37484,Kong
2/27/2026 0:00,D37485,Kong
2/27/2026 0:00,D37486,Kong
2/27/2026 0:00,D37487,Kong
2/27/2026 0:00,D37488,Kong
2/27/2026 0:00,D37595,Kong
3/2/2026 0:00,A204156096560075,Tom
3/2/2026 0:00,A204156096560077,Tom
3/2/2026 0:00,A204156096560080,Tom
3/2/2026 0:00,A204156096560081,Tom
3/2/2026 0:00,A204156096560082,Tom
3/2/2026 0:00,A204156096560083,Tom
3/2/2026 0:00,A204156096560084,Tom
3/2/2026 0:00,A204156096560086,Tom
3/2/2026 0:00,A204156096560087,Tom
3/2/2026 0:00,A204156096560088,Tom
3/2/2026 0:00,A204156096560090,Tom
3/2/2026 0:00,A204156096560092,Tom
3/2/2026 0:00,A204156096560095,Tom
3/3/2026 0:00,SC426031662,Ice
3/3/2026 0:00,SC426031663,Ice
3/3/2026 0:00,SC426031664,Ice
3/3/2026 0:00,SC426031665,Ice
3/3/2026 0:00,SC426031666,Ice
3/3/2026 0:00,SC426031667,Ice
3/3/2026 0:00,SC426031668,Ice
3/3/2026 0:00,SC426031669,Ice
3/3/2026 0:00,SC426031670,Ice
3/3/2026 0:00,SC426031671,Ice
3/3/2026 0:00,SC426031672,Ice
3/3/2026 0:00,SC426031673,Ice
3/3/2026 0:00,SC426031674,Ice
3/3/2026 0:00,SC426031675,Ice
3/3/2026 0:00,SC426031676,Ice
3/3/2026 0:00,SC426031677,Ice
3/3/2026 0:00,SC426031678,Ice
3/3/2026 0:00,SC426031679,Ice
3/3/2026 0:00,SC426031680,Ice
3/3/2026 0:00,SC426031681,Ice
3/13/2026 0:00,AL26031057,Kong
3/13/2026 0:00,AL26031058,Kong
3/13/2026 0:00,AL26031059,Kong
3/13/2026 0:00,AL26031060,Kong
3/13/2026 0:00,AL26031061,Kong
3/13/2026 0:00,AL26031062,Kong
3/13/2026 0:00,AL26031063,Kong
3/13/2026 0:00,AL26031064,Kong
3/13/2026 0:00,AL26031065,Kong
3/13/2026 0:00,AL26031066,Kong
3/13/2026 0:00,AL26031067,Kong
3/13/2026 0:00,AL26031068,Kong
3/13/2026 0:00,AL26031069,Kong
3/13/2026 0:00,AL26031070,Kong
3/13/2026 0:00,AL26031071,Kong
3/13/2026 0:00,AL26031072,Kong
3/13/2026 0:00,AL26031073,Kong
3/13/2026 0:00,AL26031074,Kong
3/13/2026 0:00,AL26031075,Kong
3/13/2026 0:00,AL26031076,Kong
3/14/2026 0:00,A204156096560185,Kong
3/14/2026 0:00,A204156096560186,Kong
3/14/2026 0:00,A204156096560190,Kong
3/14/2026 0:00,A204156096560474,Kong
3/14/2026 0:00,A204156096560477,Kong
3/17/2026 0:00,A204156096560183,Kong
3/17/2026 0:00,A204156096560184,Kong
3/17/2026 0:00,A204156096560189,Kong
3/17/2026 0:00,A204156096560245,Kong
3/17/2026 0:00,A204156096560254,Kong
3/17/2026 0:00,A204156096560256,Kong
3/17/2026 0:00,A204156096560457,Kong
3/17/2026 0:00,A204156096560461,Kong
3/17/2026 0:00,A204156096560465,Kong
3/17/2026 0:00,A204156096560469,Kong
3/18/2026 0:00,SCS26030205,Ice
3/18/2026 0:00,SCS26030206,Ice
3/18/2026 0:00,SCS26030207,Ice
3/18/2026 0:00,SCS26030208,Ice
3/18/2026 0:00,SCS26030209,Ice
3/19/2026 0:00,BP26031895,Tom
3/19/2026 0:00,BP26031896,Tom
3/19/2026 0:00,BP26031897,Tom
3/19/2026 0:00,BP26031898,Tom
3/20/2026 0:00,A204156096560294,Kong
3/20/2026 0:00,A204156096560386,Kong
3/20/2026 0:00,A204156096560387,Kong
3/20/2026 0:00,A204156096560390,Kong
3/20/2026 0:00,A204156096560392,Kong
3/20/2026 0:00,A204156096560393,Kong
3/20/2026 0:00,A204156096560394,Kong
3/20/2026 0:00,A204156096560401,Kong
3/20/2026 0:00,A204156096560405,Kong
3/20/2026 0:00,A204156096560406,Kong
3/20/2026 0:00,BP26031899,Tom
3/20/2026 0:00,BP26031900,Tom
3/20/2026 0:00,BP26031901,Tom
3/20/2026 0:00,BP26031902,Tom
3/20/2026 0:00,BP26031903,Tom
3/23/2026 0:00,AA1226030292,Kong
3/23/2026 0:00,AA626030320,Kong
3/23/2026 0:00,AA626030324,Kong
3/23/2026 0:00,AA626030329,Kong
3/23/2026 0:00,BP26031904,Tom
3/24/2026 0:00,BP26031905,Tom
3/24/2026 0:00,MC26031757,Ice
3/24/2026 0:00,MC26031758,Ice
3/24/2026 0:00,MC26031759,Ice
3/24/2026 0:00,MC26031760,Ice
3/24/2026 0:00,MC26031761,Ice
3/24/2026 0:00,MC26031762,Ice
3/24/2026 0:00,MC26031763,Ice
3/24/2026 0:00,MC26031764,Ice
3/24/2026 0:00,MC26031765,Ice
3/24/2026 0:00,MC26031766,Ice
3/24/2026 0:00,MC26031767,Ice
3/24/2026 0:00,MC26031768,Ice
3/24/2026 0:00,MC26031769,Ice
3/24/2026 0:00,MC26031770,Ice
3/24/2026 0:00,MC26031771,Ice
3/24/2026 0:00,MC26031772,Ice
3/24/2026 0:00,MC26031773,Ice
3/24/2026 0:00,MC26031774,Ice
3/24/2026 0:00,MC26031775,Ice
3/24/2026 0:00,MC26031776,Ice
3/24/2026 0:00,SC426031682,Ice
3/24/2026 0:00,SC426031683,Ice
3/24/2026 0:00,SC426031684,Ice
3/24/2026 0:00,SC426031685,Ice
3/24/2026 0:00,SC426031686,Ice
3/24/2026 0:00,SC426031687,Ice
3/24/2026 0:00,SC426031688,Ice
3/24/2026 0:00,SC426031689,Ice
3/24/2026 0:00,SC426031690,Ice
3/24/2026 0:00,SC426031691,Ice
3/25/2026 0:00,A204156096560385,Kong
3/25/2026 0:00,A204156096560388,Kong
3/25/2026 0:00,A204156096560389,Kong
3/25/2026 0:00,A204156096560391,Kong
3/25/2026 0:00,A204156096560395,Kong
3/25/2026 0:00,A204156096560397,Kong
3/25/2026 0:00,A204156096560398,Kong
3/25/2026 0:00,A204156096560402,Kong
3/25/2026 0:00,BP26031906,Tom
3/25/2026 0:00,BP26031907,Tom
3/25/2026 0:00,BP26031908,Tom
3/25/2026 0:00,BP26031909,Tom
3/25/2026 0:00,BP26031910,Tom
3/25/2026 0:00,BP26031911,Tom
3/25/2026 0:00,BP26031912,Tom
3/25/2026 0:00,BP26031913,Tom
3/25/2026 0:00,BP26031914,Tom
3/26/2026 0:00,D39444,Kong
3/26/2026 0:00,D39451,Kong
3/26/2026 0:00,D39452,Kong
3/26/2026 0:00,D39453,Kong
3/26/2026 0:00,D39455,Kong
3/26/2026 0:00,D39456,Kong
3/26/2026 0:00,D39457,Kong
3/26/2026 0:00,D39458,Kong
3/26/2026 0:00,D39459,Kong
3/26/2026 0:00,D39460,Kong
3/26/2026 0:00,D39461,Kong
3/26/2026 0:00,D39462,Kong
3/26/2026 0:00,D39463,Kong
3/26/2026 0:00,D39464,Kong
3/26/2026 0:00,D39465,Kong
3/26/2026 0:00,D39466,Kong
3/26/2026 0:00,D39467,Kong
3/26/2026 0:00,D39468,Kong
3/26/2026 0:00,D39469,Kong
3/26/2026 0:00,D39470,Kong
3/26/2026 0:00,SC426031692,Kong
3/26/2026 0:00,SC426031693,Kong
3/26/2026 0:00,SC426031694,Kong
3/26/2026 0:00,SC426031695,Kong
3/26/2026 0:00,SC426031696,Kong
3/26/2026 0:00,SC426031697,Kong
3/26/2026 0:00,SC426031698,Kong
3/26/2026 0:00,SC426031699,Kong
3/26/2026 0:00,SC426031700,Kong
3/26/2026 0:00,SC426031701,Kong
3/27/2026 0:00,CI26031464,Kong
3/27/2026 0:00,CI26031465,Kong
3/27/2026 0:00,CI26031466,Kong
3/27/2026 0:00,CI26031467,Kong
3/27/2026 0:00,CI26031468,Kong
3/27/2026 0:00,CI26031469,Kong
3/27/2026 0:00,D24348,Ice
3/27/2026 0:00,D24349,Ice
3/27/2026 0:00,D24351,Ice
3/27/2026 0:00,D24354,Ice
3/28/2026 0:00,A204156096560177,Kong
3/28/2026 0:00,A204156096560191,Kong
3/28/2026 0:00,A204156096560396,Kong
3/28/2026 0:00,A204156096560399,Kong
3/28/2026 0:00,A204156096560400,Kong
3/28/2026 0:00,A204156096560403,Kong
3/28/2026 0:00,A204156096560404,Kong
3/28/2026 0:00,A204156096560407,Kong
3/28/2026 0:00,A204156096560408,Kong
3/28/2026 0:00,A204156096560467,Kong
3/28/2026 0:00,SC426031702,Kong
3/28/2026 0:00,SC426031703,Kong
3/28/2026 0:00,SC426031704,Kong
3/28/2026 0:00,SC426031705,Kong
3/28/2026 0:00,SC426031706,Kong
3/28/2026 0:00,SC426031707,Kong
3/28/2026 0:00,SC426031708,Kong
3/28/2026 0:00,SC426031709,Kong
3/28/2026 0:00,SC426031710,Kong
3/28/2026 0:00,SC426031711,Kong
3/28/2026 0:00,SC426031712,Kong
3/28/2026 0:00,SC426031713,Kong
3/28/2026 0:00,SC426031714,Kong
3/28/2026 0:00,SC426031715,Kong
3/28/2026 0:00,SC426031716,Kong
3/28/2026 0:00,SC426031717,Kong
3/28/2026 0:00,SC426031718,Kong
3/28/2026 0:00,SC426031719,Kong
3/28/2026 0:00,SC426031720,Kong
3/28/2026 0:00,SC426031721,Kong
3/30/2026 0:00,BS26030553,Tom
3/30/2026 0:00,BS26030554,Tom
3/30/2026 0:00,BS26030555,Tom
3/31/2026 0:00,AA626030330,Kong
3/31/2026 0:00,AA626030331,Kong
3/31/2026 0:00,RM26030043,Ice
4/1/2026 0:00,A204156096560178,Kong
4/1/2026 0:00,A204156096560187,Kong
4/1/2026 0:00,A204156096560473,Kong
4/1/2026 0:00,AA626040332,Kong
4/1/2026 0:00,AA626040333,Kong
4/1/2026 0:00,AA626040334,Kong
4/1/2026 0:00,AA626040335,Kong
4/1/2026 0:00,AA626040336,Kong
4/1/2026 0:00,AA626040337,Kong
4/1/2026 0:00,AA626040338,Kong
4/1/2026 0:00,AA626040339,Kong
4/1/2026 0:00,BM26041391,Tom
4/1/2026 0:00,BM26041392,Tom
4/1/2026 0:00,BM26041393,Tom
4/1/2026 0:00,CC69041439,Kong
4/2/2026 0:00,A204156096560314,Kong
4/2/2026 0:00,A204156096560315,Kong
4/2/2026 0:00,A204156096560316,Kong
4/2/2026 0:00,A204156096560319,Kong
4/2/2026 0:00,A204156096560320,Kong
4/2/2026 0:00,A204156096560327,Kong
4/2/2026 0:00,A204156096560329,Kong
4/2/2026 0:00,A204156096560330,Kong
4/2/2026 0:00,A204156096560332,Kong
4/2/2026 0:00,A204156096560333,Kong
4/2/2026 0:00,A204156096560335,Kong
4/2/2026 0:00,A204156096560336,Kong
4/2/2026 0:00,BM26041394,Tom
4/2/2026 0:00,BM26041395,Tom
4/2/2026 0:00,BM26041396,Tom
4/2/2026 0:00,BM26041397,Tom
4/2/2026 0:00,BM26041398,Tom
4/2/2026 0:00,BM26041399,Tom
4/2/2026 0:00,BM26041400,Tom
4/3/2026 0:00,CC69041440,Tom
4/3/2026 0:00,CC69041441,Tom
4/3/2026 0:00,CC69041442,Tom
4/3/2026 0:00,CC69041443,Tom
4/3/2026 0:00,CC69041444,Tom
4/3/2026 0:00,CC69041445,Tom
4/4/2026 0:00,AA326040170,Kong
4/4/2026 0:00,AA326040171,Kong
4/4/2026 0:00,AA326040172,Kong
4/4/2026 0:00,AA326040173,Kong
4/4/2026 0:00,AA326040174,Kong
4/4/2026 0:00,AA326040175,Kong
4/4/2026 0:00,AA326040176,Kong
4/4/2026 0:00,AA326040177,Kong
4/4/2026 0:00,AA326040178,Kong
4/4/2026 0:00,AA326040179,Kong
4/4/2026 0:00,CC69041446,Tom
4/4/2026 0:00,CC69041447,Tom
4/4/2026 0:00,CC69041448,Tom
4/7/2026 0:00,AA626040340,Kong
4/7/2026 0:00,AA626040341,Kong
4/7/2026 0:00,AA626040342,Kong
4/7/2026 0:00,AA626040343,Kong
4/7/2026 0:00,AA626040344,Kong
4/7/2026 0:00,AA626040345,Kong
4/7/2026 0:00,BP26041915,Tom
4/7/2026 0:00,SCS26040210,Ice
4/7/2026 0:00,SCS26040211,Ice
4/7/2026 0:00,SCS26040212,Ice
4/7/2026 0:00,SCS26040213,Ice
4/7/2026 0:00,SCS26040214,Ice
4/8/2026 0:00,A204156096560313,Kong
4/8/2026 0:00,A204156096560317,Kong
4/8/2026 0:00,A204156096560318,Kong
4/8/2026 0:00,A204156096560321,Kong
4/8/2026 0:00,A204156096560322,Kong
4/8/2026 0:00,A204156096560323,Kong
4/8/2026 0:00,A204156096560324,Kong
4/8/2026 0:00,A204156096560325,Kong
4/8/2026 0:00,A204156096560326,Kong
4/8/2026 0:00,A204156096560328,Kong
4/8/2026 0:00,A204156096560331,Kong
4/8/2026 0:00,A204156096560334,Kong
4/8/2026 0:00,BP26041916,Tom
4/8/2026 0:00,BP26041917,Tom
4/8/2026 0:00,BP26041918,Tom
4/9/2026 0:00,BP26041919,Tom
4/9/2026 0:00,BP26041920,Tom
4/9/2026 0:00,D24330,Kong
4/9/2026 0:00,D24332,Kong
4/9/2026 0:00,D24333,Kong
4/9/2026 0:00,D24334,Kong
4/9/2026 0:00,D24335,Kong
4/9/2026 0:00,D24336,Kong
4/9/2026 0:00,D24337,Kong
4/10/2026 0:00,D24328,Kong
4/10/2026 0:00,D24329,Kong
4/10/2026 0:00,D24331,Kong
4/20/2026 0:00,A4N69040369,Tom
4/20/2026 0:00,A4N69040370,Tom
4/20/2026 0:00,A4N69040371,Tom
4/20/2026 0:00,A4N69040372,Tom
4/20/2026 0:00,BP26041921,Tom
4/20/2026 0:00,BP26041922,Tom
4/20/2026 0:00,BP26041923,Tom
4/20/2026 0:00,BP26041924,Tom
4/20/2026 0:00,CI26041470,Tom
4/20/2026 0:00,CI26041471,Tom
4/20/2026 0:00,CI26041472,Tom
4/20/2026 0:00,CI26041473,Tom
4/20/2026 0:00,CI26041474,Tom
4/20/2026 0:00,SC426031722,Kong
4/20/2026 0:00,SC426031723,Kong
4/20/2026 0:00,SC426031724,Kong
4/20/2026 0:00,SC426031725,Kong
4/20/2026 0:00,SC426031726,Kong
4/20/2026 0:00,SC426031727,Kong
4/20/2026 0:00,SC426031728,Kong
4/20/2026 0:00,SC426031729,Kong
4/20/2026 0:00,SC426031730,Kong
4/20/2026 0:00,SC426031731,Kong
4/21/2026 0:00,BSG26040384,Ice
4/21/2026 0:00,BSG26040385,Ice
4/21/2026 0:00,BSG26040386,Ice
4/21/2026 0:00,BSG26040387,Ice
4/21/2026 0:00,BSG26040388,Ice
4/21/2026 0:00,D39491,Kong
4/21/2026 0:00,D39492,Tom
4/21/2026 0:00,D39493,Tom
4/21/2026 0:00,D39494,Tom
4/21/2026 0:00,D39495,Tom
4/21/2026 0:00,D39496,Tom
4/21/2026 0:00,D39497,Tom
4/21/2026 0:00,D39498,Tom
4/21/2026 0:00,D39499,Tom
4/21/2026 0:00,D39500,Tom
4/21/2026 0:00,D39501,Tom
4/21/2026 0:00,D39502,Tom
4/21/2026 0:00,D39503,Tom
4/21/2026 0:00,D39504,Tom
4/21/2026 0:00,D39505,Tom
4/21/2026 0:00,D39506,Tom
4/21/2026 0:00,D39507,Tom
4/21/2026 0:00,D39508,Tom
4/21/2026 0:00,D39509,Tom
4/21/2026 0:00,D39510,Tom
4/22/2026 0:00,AL26041077,Kong
4/22/2026 0:00,AL26041078,Kong
4/22/2026 0:00,AL26041079,Kong
4/22/2026 0:00,AL26041080,Kong
4/22/2026 0:00,AL26041081,Kong
4/23/2026 0:00,BP26041925,Tom
4/23/2026 0:00,BP26041926,Tom
4/23/2026 0:00,MC26041777,Ice
4/23/2026 0:00,MC26041778,Ice
4/23/2026 0:00,MC26041779,Ice
4/23/2026 0:00,MC26041780,Ice
4/23/2026 0:00,MC26041781,Ice
4/23/2026 0:00,MC26041782,Ice
4/23/2026 0:00,MC26041783,Ice
4/23/2026 0:00,MC26041784,Ice
4/23/2026 0:00,MC26041785,Ice
4/23/2026 0:00,MC26041786,Ice
4/23/2026 0:00,MC26041787,Ice
4/23/2026 0:00,SW26040467,Ice
4/23/2026 0:00,SW26040468,Ice
4/24/2026 0:00,A204156096560098,Kong
4/24/2026 0:00,A204156096560104,Kong
4/24/2026 0:00,A204156096560112,Kong
4/24/2026 0:00,A204156096560115,Kong
4/24/2026 0:00,A204156096560175,Kong
4/24/2026 0:00,A204156096560192,Kong
4/24/2026 0:00,A204156096560458,Kong
4/24/2026 0:00,A204156096560460,Kong
4/24/2026 0:00,A204156096560464,Kong
4/24/2026 0:00,A204156096560468,Kong
4/24/2026 0:00,BP26041927,Tom
4/24/2026 0:00,BP26041928,Tom
4/24/2026 0:00,BP26041929,Tom
4/24/2026 0:00,BP26041930,Tom
4/24/2026 0:00,BP26041931,Tom
4/24/2026 0:00,BP26041932,Tom
4/24/2026 0:00,BP26041933,Tom
4/24/2026 0:00,BP26041934,Tom
4/24/2026 0:00,SC426041732,Kong
4/24/2026 0:00,SC426041733,Kong
4/24/2026 0:00,SC426041734,Kong
4/24/2026 0:00,SC426041735,Kong
4/24/2026 0:00,SC426041736,Kong
4/25/2026 0:00,BP26041935,Tom
4/25/2026 0:00,MC26041788,Ice
4/25/2026 0:00,MC26041789,Ice
4/25/2026 0:00,SW26040469,Ice
4/25/2026 0:00,SW26040470,Ice
4/25/2026 0:00,SW26040471,Ice
4/25/2026 0:00,SW26040472,Ice
4/25/2026 0:00,SW26040473,Ice
4/25/2026 0:00,SW26040474,Ice
4/25/2026 0:00,SW26040475,Ice
4/25/2026 0:00,SW26040476,Ice
4/25/2026 0:00,SW26040477,Ice
4/25/2026 0:00,SW26040478,Ice
4/25/2026 0:00,SW26040479,Ice
4/25/2026 0:00,SW26040480,Ice
4/25/2026 0:00,SW26040481,Ice
4/25/2026 0:00,SW26040482,Ice
4/25/2026 0:00,SW26040483,Ice
4/25/2026 0:00,SW26040484,Ice
4/25/2026 0:00,SW26040485,Ice
4/25/2026 0:00,SW26040486,Ice
4/27/2026 0:00,A204156096560100,Kong
4/27/2026 0:00,A204156096560101,Kong
4/27/2026 0:00,A204156096560107,Kong
4/27/2026 0:00,A204156096560108,Kong
4/27/2026 0:00,A204156096560111,Kong
4/27/2026 0:00,A204156096560113,Kong
4/27/2026 0:00,A204156096560114,Kong
4/27/2026 0:00,A204156096560117,Kong
4/27/2026 0:00,BP26041936,Tom
4/27/2026 0:00,BS26040556,Tom
4/27/2026 0:00,BS26040557,Tom
4/27/2026 0:00,BS26040558,Tom
4/27/2026 0:00,BS26040559,Tom
4/27/2026 0:00,BS26040560,Tom
4/27/2026 0:00,BS26040561,Tom
4/27/2026 0:00,BS26040562,Tom
4/27/2026 0:00,BS26040563,Tom
4/27/2026 0:00,SCS26040215,Ice
4/27/2026 0:00,SCS26040216,Ice
4/28/2026 0:00,A204156096560116,Kong
4/28/2026 0:00,BP26041937,Tom
4/28/2026 0:00,BP26041938,Tom
4/28/2026 0:00,BP26041939,Tom
4/28/2026 0:00,BP26041940,Tom
4/28/2026 0:00,BP26041941,Tom
4/28/2026 0:00,BP26041942,Tom
4/28/2026 0:00,BP26041943,Tom
4/28/2026 0:00,BP26041944,Tom
4/28/2026 0:00,MC26041790,Ice
4/28/2026 0:00,SC426041737,Kong
4/28/2026 0:00,SC426041738,Kong
4/28/2026 0:00,SC426041739,Kong
4/28/2026 0:00,SC426041740,Kong
4/28/2026 0:00,SC426041741,Kong
4/28/2026 0:00,SC426041742,Kong
4/28/2026 0:00,SC426041743,Kong
4/28/2026 0:00,SC426041744,Kong
4/28/2026 0:00,SC426041745,Kong
4/28/2026 0:00,SC426041746,Kong
4/28/2026 0:00,SC426041747,Kong
4/28/2026 0:00,SC426041748,Kong
4/28/2026 0:00,SC426041749,Kong
4/28/2026 0:00,SC426041750,Kong
4/28/2026 0:00,SC426041751,Kong
4/28/2026 0:00,SC426041752,Kong
4/28/2026 0:00,SC426041753,Kong
4/28/2026 0:00,SC426041754,Kong
4/28/2026 0:00,SC426041755,Kong
4/28/2026 0:00,SC426041756,Kong
4/28/2026 0:00,SC426041757,Kong
4/28/2026 0:00,SC426041758,Kong
4/28/2026 0:00,SC426041759,Kong
4/28/2026 0:00,SC426041760,Kong
4/28/2026 0:00,SC426041761,Kong
4/28/2026 0:00,SCS26040217,Ice
4/28/2026 0:00,SCS26040218,Ice
4/28/2026 0:00,SCS26040219,Ice
4/28/2026 0:00,SCS26040220,Ice
4/28/2026 0:00,SCS26040221,Ice
4/28/2026 0:00,SCS26040222,Ice
4/28/2026 0:00,SCS26040223,Ice
4/28/2026 0:00,SCS26040224,Ice
4/29/2026 0:00,A204156096560097,Kong
4/29/2026 0:00,A204156096560099,Kong
4/29/2026 0:00,A204156096560102,Kong
4/29/2026 0:00,A204156096560105,Kong
4/29/2026 0:00,A204156096560106,Kong
4/29/2026 0:00,A204156096560109,Kong
4/29/2026 0:00,A204156096560110,Kong
4/29/2026 0:00,A204156096560118,Kong
4/29/2026 0:00,A204156096560120,Kong
4/29/2026 0:00,AL26041082,Kong
4/29/2026 0:00,AL26041083,Kong
4/29/2026 0:00,AL26041084,Kong
4/29/2026 0:00,AL26041085,Kong
4/29/2026 0:00,AL26041086,Kong
4/29/2026 0:00,AL26041087,Kong
4/29/2026 0:00,AL26041088,Kong
4/29/2026 0:00,MC26041791,Ice
4/29/2026 0:00,MC26041792,Ice
4/29/2026 0:00,MC26041793,Ice
4/29/2026 0:00,MC26041794,Ice
4/29/2026 0:00,MC26041795,Ice
4/29/2026 0:00,MC26041796,Ice
4/30/2026 0:00,AL26041089,Kong
4/30/2026 0:00,AL26041090,Kong
4/30/2026 0:00,AL26041091,Kong
4/30/2026 0:00,AL26041092,Kong
4/30/2026 0:00,AL26041093,Kong
4/30/2026 0:00,AL26041094,Kong
4/30/2026 0:00,AL26041095,Kong
4/30/2026 0:00,AL26041096,Kong
4/30/2026 0:00,MC26041797,Ice
4/30/2026 0:00,MC26041798,Ice
4/30/2026 0:00,MC26041799,Ice
4/30/2026 0:00,MC26041800,Ice
4/30/2026 0:00,MC26041801,Ice
4/30/2026 0:00,MC26041802,Ice
4/30/2026 0:00,MC26041803,Ice
4/30/2026 0:00,MC26041804,Ice
4/30/2026 0:00,MC26041805,Ice
4/30/2026 0:00,MC26041806,Ice
4/30/2026 0:00,MC26041807,Ice
4/30/2026 0:00,MC26041808,Ice
4/30/2026 0:00,MC26041809,Ice
4/30/2026 0:00,MC26041810,Ice
4/30/2026 0:00,MC26041811,Ice
4/30/2026 0:00,MC26041812,Ice
4/30/2026 0:00,MC26041813,Ice
4/30/2026 0:00,MC26041814,Ice
4/30/2026 0:00,MC26041815,Ice
4/30/2026 0:00,MC26041816,Ice
4/30/2026 0:00,MC26041817,Ice
4/30/2026 0:00,MC26041818,Ice
4/30/2026 0:00,MC26041819,Ice
4/30/2026 0:00,MC26041820,Ice
4/30/2026 0:00,MC26041821,Ice
4/30/2026 0:00,MC26041822,Ice
4/30/2026 0:00,MC26041823,Ice
4/30/2026 0:00,MC26041824,Ice
4/30/2026 0:00,MC26041825,Ice
4/30/2026 0:00,MC26041826,Ice
5/2/2026 0:00,BSG26050389,Tom
5/2/2026 0:00,BSG26050390,Tom
5/2/2026 0:00,BSG26050391,Tom
5/2/2026 0:00,BSG26050392,Tom
5/2/2026 0:00,BSG26050393,Tom
5/2/2026 0:00,BSG26050394,Tom
5/2/2026 0:00,BSG26050395,Tom
5/2/2026 0:00,BSG26050396,Tom
5/2/2026 0:00,BSG26050397,Tom
5/2/2026 0:00,BSG26050398,Tom
5/4/2026 0:00,SC426051762,Kong
5/4/2026 0:00,SC426051763,Kong
5/4/2026 0:00,SC426051764,Kong
5/4/2026 0:00,SC426051765,Kong
5/4/2026 0:00,SC426051766,Kong
5/4/2026 0:00,SC426051767,Kong
5/4/2026 0:00,SC426051768,Kong
5/4/2026 0:00,SC426051769,Kong
5/4/2026 0:00,SC426051770,Kong
5/4/2026 0:00,SC426051771,Kong
5/5/2026 0:00,BM26051401,Tom
5/5/2026 0:00,BS26050564,Tom
5/5/2026 0:00,D39411,Kong
5/5/2026 0:00,D39412,Kong
5/5/2026 0:00,D39413,Kong
5/5/2026 0:00,D39414,Kong
5/5/2026 0:00,D39415,Kong
5/5/2026 0:00,D39416,Kong
5/5/2026 0:00,D39417,Kong
5/5/2026 0:00,D39418,Kong
5/5/2026 0:00,D39419,Kong
5/5/2026 0:00,D39420,Kong
5/5/2026 0:00,D39421,Kong
5/5/2026 0:00,D39422,Kong
5/5/2026 0:00,D39423,Kong
5/5/2026 0:00,D39424,Kong
5/5/2026 0:00,D39425,Kong
5/5/2026 0:00,D39426,Kong
5/5/2026 0:00,D39427,Kong
5/5/2026 0:00,D39428,Kong
5/5/2026 0:00,D39429,Kong
5/5/2026 0:00,D39430,Kong
5/6/2026 0:00,AA1225090285,Don
5/6/2026 0:00,AA1225090286,Don
5/6/2026 0:00,AA1225090287,Don
5/6/2026 0:00,AA1225090288,Don
5/6/2026 0:00,AA1225090289,Don
5/6/2026 0:00,AA626040359,Don
5/6/2026 0:00,AA626040360,Don
5/6/2026 0:00,AA626040361,Don
5/6/2026 0:00,AA626040362,Don
5/6/2026 0:00,AA626040363,Don
5/6/2026 0:00,AA626040364,Don
5/6/2026 0:00,AA626040365,Don
5/6/2026 0:00,AA626040366,Don
5/6/2026 0:00,AA626040367,Don
5/6/2026 0:00,AA626040368,Don
5/6/2026 0:00,AA626040371,Don
5/6/2026 0:00,AA626040372,Don
5/6/2026 0:00,AA626050375,Don
5/6/2026 0:00,AA626050376,Don
5/6/2026 0:00,AA626050377,Don
5/6/2026 0:00,AA626050378,Don
5/6/2026 0:00,AA626050379,Don
5/6/2026 0:00,AA626050380,Don
5/6/2026 0:00,AA626050381,Don
5/6/2026 0:00,AA626050382,Don
5/6/2026 0:00,AA626050383,Don
5/6/2026 0:00,BS26050565,Tom
5/6/2026 0:00,BS26050566,Tom
5/6/2026 0:00,BS26050567,Tom
5/6/2026 0:00,CC69051449,Ice
5/6/2026 0:00,CC69051450,Ice
5/6/2026 0:00,CC69051451,Ice
5/6/2026 0:00,CC69051452,Ice
5/6/2026 0:00,D24018,Kong
5/6/2026 0:00,SC426051772,Kong
5/6/2026 0:00,SC426051773,Kong
5/6/2026 0:00,SC426051774,Kong
5/6/2026 0:00,SC426051775,Kong
5/6/2026 0:00,SC426051776,Kong
5/6/2026 0:00,SC426051777,Kong
5/6/2026 0:00,SC426051778,Kong
5/6/2026 0:00,SC426051779,Kong
5/6/2026 0:00,SC426051780,Kong
5/6/2026 0:00,SC426051781,Kong
5/7/2026 0:00,AA626040348,Don
5/7/2026 0:00,AA626050349,Don
5/7/2026 0:00,AA626050350,Don
5/7/2026 0:00,AA626050351,Don
5/7/2026 0:00,AA626050352,Don
5/7/2026 0:00,AA626050353,Don
5/7/2026 0:00,AA626050354,Don
5/7/2026 0:00,AA626050355,Don
5/7/2026 0:00,AA626050356,Don
5/7/2026 0:00,AA626050357,Don
5/7/2026 0:00,BP26051945,Tom
5/7/2026 0:00,BP26051946,Tom
5/7/2026 0:00,BP26051947,Tom
5/7/2026 0:00,BP26051948,Tom
5/7/2026 0:00,BP26051949,Tom
5/7/2026 0:00,BP26051950,Tom
5/7/2026 0:00,BP26051951,Tom
5/7/2026 0:00,BP26051952,Tom
5/7/2026 0:00,BP26051953,Tom
5/7/2026 0:00,BP26051954,Tom
5/7/2026 0:00,CC69051453,Ice
5/7/2026 0:00,CC69051454,Ice
5/7/2026 0:00,CC69051455,Ice
5/7/2026 0:00,CC69051456,Ice
5/7/2026 0:00,CC69051457,Ice
5/7/2026 0:00,CC69051458,Ice
5/8/2026 0:00,A204156096560037,Kong
5/8/2026 0:00,A204156096560103,Kong
5/8/2026 0:00,A204156096560119,Kong
5/8/2026 0:00,A204156096560170,Kong
5/8/2026 0:00,A204156096560181,Kong
5/8/2026 0:00,A204156096560247,Kong
5/8/2026 0:00,A204156096560370,Kong
5/8/2026 0:00,A204156096560459,Kong
5/8/2026 0:00,A204156096560462,Kong
5/8/2026 0:00,A204156096560466,Kong
5/8/2026 0:00,A204156096560470,Kong
5/8/2026 0:00,BP26051955,Tom
5/8/2026 0:00,BP26051956,Tom
5/8/2026 0:00,D24025,Kong
5/11/2026 0:00,BP26051957,Tom
5/11/2026 0:00,BP26051958,Tom
5/11/2026 0:00,BP26051959,Tom
5/11/2026 0:00,BSG26050399,Ice
5/11/2026 0:00,D23969,Ice
5/11/2026 0:00,D23975,Ice
5/11/2026 0:00,D24017,Ice
5/11/2026 0:00,D24020,Ice
5/11/2026 0:00,D24023,Ice
5/11/2026 0:00,D24024,Ice
5/11/2026 0:00,D24026,Ice
5/12/2026 0:00,AL26051097,Ice
5/12/2026 0:00,AL26051098,Ice
5/13/2026 0:00,AL26051099,Ice
5/13/2026 0:00,AL26051100,Ice
5/14/2026 0:00,AL26051101,Kong
5/14/2026 0:00,AL26051102,Kong
5/14/2026 0:00,AL26051103,Kong
5/14/2026 0:00,AL26051104,Kong
5/14/2026 0:00,AL26051105,Kong
5/14/2026 0:00,AL26051106,Kong
5/14/2026 0:00,AL26051107,Kong
5/14/2026 0:00,AL26051108,Kong
5/14/2026 0:00,AL26051109,Kong
5/14/2026 0:00,AL26051110,Kong
5/14/2026 0:00,BP26051960,Tom
5/14/2026 0:00,BP26051961,Tom
5/14/2026 0:00,BP26051962,Tom
5/14/2026 0:00,BP26051963,Tom
5/14/2026 0:00,BP26051964,Tom
5/15/2026 0:00,A204156096560032,Kong
5/15/2026 0:00,A204156096560033,Kong
5/15/2026 0:00,A204156096560041,Kong
5/15/2026 0:00,A204156096560042,Kong
5/15/2026 0:00,A204156096560235,Kong
5/15/2026 0:00,A204156096560236,Kong
5/15/2026 0:00,A204156096560244,Kong
5/15/2026 0:00,A204156096560354,Kong
5/15/2026 0:00,A204156096560368,Kong
5/15/2026 0:00,A204156096560463,Kong
5/18/2026 0:00,A204156096560025,Kong
5/18/2026 0:00,A204156096560030,Kong
5/18/2026 0:00,A204156096560043,Kong
5/18/2026 0:00,A204156096560044,Kong
5/18/2026 0:00,A204156096560048,Kong
5/18/2026 0:00,A204156096560372,Kong
5/18/2026 0:00,A204156096560373,Kong
5/18/2026 0:00,A204156096560374,Kong
5/18/2026 0:00,A204156096560375,Kong
5/18/2026 0:00,A204156096560376,Kong
5/18/2026 0:00,A204156096560378,Kong
5/19/2026 0:00,BSF26051256,Kong
5/19/2026 0:00,BSF26051257,Kong
5/19/2026 0:00,BSF26051258,Kong
5/19/2026 0:00,BSF26051259,Kong
5/19/2026 0:00,SC426051782,Kong
5/19/2026 0:00,SC426051783,Kong
5/19/2026 0:00,SC426051784,Kong
5/19/2026 0:00,SC426051785,Kong
5/19/2026 0:00,SC426051786,Kong
5/19/2026 0:00,SC426051787,Kong
5/19/2026 0:00,SC426051788,Kong
5/19/2026 0:00,SC426051789,Kong
5/19/2026 0:00,SC426051790,Kong
5/19/2026 0:00,SC426051791,Kong
5/19/2026 0:00,SC426051792,Kong
5/19/2026 0:00,SC426051793,Kong
5/19/2026 0:00,SC426051794,Kong
5/19/2026 0:00,SC426051795,Kong
5/19/2026 0:00,SC426051796,Kong
5/19/2026 0:00,SC426051797,Kong
5/19/2026 0:00,SC426051798,Kong
5/19/2026 0:00,SC426051799,Kong
5/19/2026 0:00,SC426051800,Kong
5/19/2026 0:00,SC426051801,Kong
5/19/2026 0:00,SCS26050225,Ice
5/19/2026 0:00,SCS26050226,Ice
5/19/2026 0:00,SCS26050227,Ice
5/19/2026 0:00,SCS26050228,Ice
5/19/2026 0:00,SCS26050229,Ice
5/19/2026 0:00,SCS26050230,Ice
5/19/2026 0:00,SCS26050231,Ice
5/19/2026 0:00,SCS26050232,Ice
5/20/2026 0:00,BP26051965,Tom
5/20/2026 0:00,BP26051966,Tom
5/20/2026 0:00,BP26051967,Tom
5/20/2026 0:00,CI26051475,Ice
5/20/2026 0:00,CI26051476,Ice
5/20/2026 0:00,CI26051477,Ice
5/20/2026 0:00,CI26051478,Ice
5/20/2026 0:00,CI26051479,Ice
5/20/2026 0:00,CI26051480,Ice
5/20/2026 0:00,CI26051481,Ice
5/20/2026 0:00,CI26051482,Ice
5/20/2026 0:00,CI26051483,Ice
5/20/2026 0:00,CI26051484,Ice
5/20/2026 0:00,CI26051485,Ice
5/20/2026 0:00,CI26051486,Ice
5/20/2026 0:00,CI26051487,Ice
5/20/2026 0:00,CI26051488,Ice
5/20/2026 0:00,CI26051489,Ice
5/20/2026 0:00,CI26051490,Ice
5/20/2026 0:00,CI26051491,Ice
5/20/2026 0:00,CI26051492,Ice
5/20/2026 0:00,CI26051493,Ice
5/20/2026 0:00,CI26051494,Ice
5/21/2026 0:00,A204156096560233,Kong
5/21/2026 0:00,A204156096560481,Kong
5/21/2026 0:00,A204156096560482,Kong
5/21/2026 0:00,A204156096560484,Kong
5/21/2026 0:00,A204156096560487,Kong
5/21/2026 0:00,A204156096560488,Kong
5/21/2026 0:00,A204156096560489,Kong
5/21/2026 0:00,A204156096560490,Kong
5/21/2026 0:00,A204156096560491,Kong
5/21/2026 0:00,A204156096560493,Kong
5/21/2026 0:00,A204156096560495,Kong
5/21/2026 0:00,A204156096560496,Kong
5/21/2026 0:00,A204156096560499,Kong
5/21/2026 0:00,A204156096560500,Kong
5/21/2026 0:00,AA626040355,Don
5/21/2026 0:00,AA626050384,Don
5/21/2026 0:00,AA626050385,Don
5/21/2026 0:00,AA626050386,Don
5/21/2026 0:00,AA626050387,Don
5/21/2026 0:00,AA626050388,Don
5/21/2026 0:00,AA626050389,Don
5/21/2026 0:00,AA626050390,Don
5/21/2026 0:00,AA626050391,Don
5/21/2026 0:00,AA626050392,Don
5/21/2026 0:00,BM26051402,Tom
5/21/2026 0:00,BP26051968,Tom
5/21/2026 0:00,BP26051969,Tom
5/21/2026 0:00,BP26051970,Tom
5/21/2026 0:00,BP26051971,Tom
5/21/2026 0:00,BP26051972,Tom
5/21/2026 0:00,BP26051973,Tom
5/21/2026 0:00,BP26051974,Tom
5/22/2026 0:00,A204156096560338,Kong
5/22/2026 0:00,A204156096560339,Kong
5/22/2026 0:00,A204156096560342,Kong
5/22/2026 0:00,A204156096560343,Kong
5/22/2026 0:00,A204156096560344,Kong
5/22/2026 0:00,A204156096560350,Kong
5/22/2026 0:00,A204156096560353,Kong
5/22/2026 0:00,A204156096560359,Kong
5/22/2026 0:00,A204156096560360,Kong
5/22/2026 0:00,BM26051403,Tom
5/22/2026 0:00,BM26051404,Tom
5/22/2026 0:00,D39471,Kong
5/22/2026 0:00,D39472,Kong
5/22/2026 0:00,D39473,Kong
5/22/2026 0:00,D39474,Kong
5/22/2026 0:00,D39475,Kong
5/22/2026 0:00,D39476,Kong
5/22/2026 0:00,D39477,Kong
5/22/2026 0:00,D39478,Kong
5/22/2026 0:00,D39479,Kong
5/22/2026 0:00,D39480,Kong
5/22/2026 0:00,D39481,Kong
5/22/2026 0:00,D39482,Kong
5/22/2026 0:00,D39483,Kong
5/22/2026 0:00,D39484,Kong
5/22/2026 0:00,D39485,Kong
5/22/2026 0:00,D39486,Kong
5/22/2026 0:00,D39487,Kong
5/22/2026 0:00,D39488,Kong
5/22/2026 0:00,D39489,Kong
5/22/2026 0:00,D39490,Kong
5/25/2026 0:00,BS26050568,Tom
5/25/2026 0:00,BS26050569,Tom
5/25/2026 0:00,BS26050570,Tom
5/25/2026 0:00,BS26050571,Tom
5/25/2026 0:00,BS26050572,Tom
5/25/2026 0:00,BS26050573,Tom
5/25/2026 0:00,MC26051827,Ice
5/25/2026 0:00,MC26051828,Ice
5/25/2026 0:00,MC26051829,Ice
5/25/2026 0:00,MC26051830,Ice
5/25/2026 0:00,MC26051831,Ice
5/25/2026 0:00,MC26051832,Ice
5/25/2026 0:00,MC26051833,Ice
5/25/2026 0:00,MC26051834,Ice
5/25/2026 0:00,MC26051835,Ice
5/25/2026 0:00,MC26051836,Ice
5/25/2026 0:00,MC26051837,Ice
5/25/2026 0:00,MC26051838,Ice
5/25/2026 0:00,MC26051839,Ice
5/25/2026 0:00,MC26051840,Ice
5/25/2026 0:00,MC26051841,Ice
5/25/2026 0:00,MC26051842,Ice
5/25/2026 0:00,MC26051843,Ice
5/25/2026 0:00,MC26051844,Ice
5/25/2026 0:00,MC26051845,Ice
5/25/2026 0:00,MC26051846,Ice
5/25/2026 0:00,SC426051802,Kong
5/25/2026 0:00,SC426051803,Kong
5/25/2026 0:00,SC426051804,Kong
5/25/2026 0:00,SC426051805,Kong
5/25/2026 0:00,SC426051806,Kong
5/25/2026 0:00,SC426051807,Kong
5/25/2026 0:00,SC426051808,Kong
5/25/2026 0:00,SC426051809,Kong
5/25/2026 0:00,SC426051810,Kong
5/25/2026 0:00,SC426051811,Kong
5/25/2026 0:00,SC426051812,Kong
5/25/2026 0:00,SC426051813,Kong
5/25/2026 0:00,SC426051814,Kong
5/25/2026 0:00,SC426051815,Kong
5/25/2026 0:00,SC426051816,Kong
5/25/2026 0:00,SC426051817,Kong
5/25/2026 0:00,SC426051818,Kong
5/25/2026 0:00,SC426051819,Kong
5/25/2026 0:00,SC426051820,Kong
5/25/2026 0:00,SC426051821,Kong
5/26/2026 0:00,BS26050574,Tom
5/27/2026 0:00,A204156096560340,Kong
5/27/2026 0:00,A204156096560345,Kong
5/27/2026 0:00,A204156096560347,Kong
5/27/2026 0:00,A204156096560352,Kong
5/27/2026 0:00,A204156096560355,Kong
5/27/2026 0:00,A204156096560358,Kong
5/27/2026 0:00,AA326050180,Kong
5/27/2026 0:00,AA326050181,Kong
5/27/2026 0:00,AA326050182,Kong
5/27/2026 0:00,AA326050183,Kong
5/27/2026 0:00,AA326050184,Kong
5/27/2026 0:00,AA326050185,Kong
5/27/2026 0:00,AA326050186,Kong
5/27/2026 0:00,AA326050187,Kong
5/27/2026 0:00,AA326050188,Kong
5/27/2026 0:00,AA326050189,Kong
5/27/2026 0:00,AL26051111,Ice
5/27/2026 0:00,AL26051112,Ice
5/27/2026 0:00,AL26051113,Ice
5/27/2026 0:00,AL26051114,Ice
5/27/2026 0:00,AL26051115,Ice
5/27/2026 0:00,AL26051116,Ice
5/27/2026 0:00,BS26050575,Tom
5/27/2026 0:00,BS26050576,Tom
5/27/2026 0:00,BS26050577,Tom
5/27/2026 0:00,SC426051822,Kong
5/27/2026 0:00,SC426051823,Kong
5/27/2026 0:00,SC426051824,Kong
5/27/2026 0:00,SC426051825,Kong
5/27/2026 0:00,SC426051826,Kong
5/27/2026 0:00,SC426051827,Kong
5/27/2026 0:00,SC426051828,Kong
5/27/2026 0:00,SC426051829,Kong
5/27/2026 0:00,SC426051830,Kong
5/27/2026 0:00,SC426051831,Kong
5/28/2026 0:00,BM26051405,Tom
5/28/2026 0:00,BM26051406,Tom
5/28/2026 0:00,BM26051407,Tom
5/28/2026 0:00,BM26051408,Tom
5/28/2026 0:00,BM26051409,Tom
5/28/2026 0:00,BM26051410,Tom
5/29/2026 0:00,CC69051459,Tom
5/29/2026 0:00,CC69051460,Tom
5/29/2026 0:00,CC69051461,Tom
5/29/2026 0:00,SC426051832,Kong
5/29/2026 0:00,SC426051833,Kong
5/29/2026 0:00,SC426051834,Kong
5/29/2026 0:00,SC426051835,Kong
5/29/2026 0:00,SC426051836,Kong
5/29/2026 0:00,SC426051837,Kong
5/29/2026 0:00,SC426051838,Kong
5/29/2026 0:00,SC426051839,Kong
5/29/2026 0:00,SC426051840,Kong
5/29/2026 0:00,SC426051841,Kong
5/29/2026 0:00,SCS26050233,Ice
5/29/2026 0:00,SCS26050234,Ice
5/29/2026 0:00,SCS26050235,Ice
5/29/2026 0:00,SCS26050236,Ice
5/30/2026 0:00,AA1226050393,Ice
5/30/2026 0:00,AA1226050394,Ice
5/30/2026 0:00,AA626050401,Ice
5/30/2026 0:00,AA626050402,Ice
5/30/2026 0:00,AA626050403,Ice
5/30/2026 0:00,AA626050404,Ice
5/30/2026 0:00,AA626050405,Ice
5/30/2026 0:00,AA626050406,Ice
5/30/2026 0:00,AA626050407,Ice
5/30/2026 0:00,AA626050408,Ice
5/30/2026 0:00,AL26051117,Kong
5/30/2026 0:00,AL26051118,Kong
5/30/2026 0:00,AL26051119,Kong
5/30/2026 0:00,AL26051120,Kong
5/30/2026 0:00,AL26051121,Kong
5/30/2026 0:00,AL26051122,Kong
5/30/2026 0:00,AL26051123,Kong
5/30/2026 0:00,AL26051124,Kong
5/30/2026 0:00,AL26051125,Kong
5/30/2026 0:00,AL26051126,Kong
5/30/2026 0:00,BP26051975,Tom
5/30/2026 0:00,BP26051976,Tom
5/30/2026 0:00,BP26051977,Tom
6/1/2026 0:00,BP26051978,Tom
6/1/2026 0:00,BP26051979,Tom
6/1/2026 0:00,BP26051980,Tom
6/1/2026 0:00,BP26051981,Tom
6/1/2026 0:00,BP26051982,Tom
6/1/2026 0:00,BP26051983,Tom
6/1/2026 0:00,BP26051984,Tom
6/2/2026 0:00,A204156096560049,Kong
6/2/2026 0:00,A204156096560050,Kong
6/2/2026 0:00,A204156096560051,Kong
6/2/2026 0:00,A204156096560052,Kong
6/2/2026 0:00,A204156096560053,Kong
6/2/2026 0:00,A204156096560055,Kong
6/2/2026 0:00,A204156096560056,Kong
6/2/2026 0:00,A204156096560057,Kong
6/2/2026 0:00,A204156096560058,Kong
6/2/2026 0:00,A204156096560059,Kong
6/2/2026 0:00,A204156096560061,Kong
6/2/2026 0:00,A204156096560062,Kong
6/2/2026 0:00,A204156096560063,Kong
6/2/2026 0:00,A204156096560065,Kong
6/2/2026 0:00,A204156096560066,Kong
6/2/2026 0:00,A204156096560067,Kong
6/2/2026 0:00,A204156096560068,Kong
6/2/2026 0:00,A204156096560069,Kong
6/2/2026 0:00,A204156096560071,Kong
6/2/2026 0:00,A204156096560072,Kong
6/2/2026 0:00,A204156096560219,Kong
6/2/2026 0:00,A204156096560224,Kong
6/2/2026 0:00,A204156096560237,Kong
6/2/2026 0:00,A204156096560337,Kong
6/2/2026 0:00,A204156096560346,Kong
6/2/2026 0:00,A204156096560348,Kong
6/2/2026 0:00,A204156096560349,Kong
6/2/2026 0:00,A204156096560351,Kong
6/2/2026 0:00,A204156096560356,Kong
6/2/2026 0:00,A204156096560357,Kong
6/2/2026 0:00,A204156096560483,Kong
6/2/2026 0:00,A204156096560492,Kong
6/2/2026 0:00,A204156096560494,Kong
6/2/2026 0:00,A204156096560497,Kong
6/2/2026 0:00,CC69061462,Kong
6/2/2026 0:00,CC69061463,Kong
6/4/2026 0:00,A204156096560341,Kong
6/4/2026 0:00,A204156096560485,Kong
6/4/2026 0:00,A204156096560486,Kong
6/4/2026 0:00,A204156096560498,Kong
6/4/2026 0:00,CC69061464,Kong
6/4/2026 0:00,CC69061465,Kong
6/4/2026 0:00,CC69061466,Kong
6/4/2026 0:00,CC69061467,Kong
6/4/2026 0:00,CC69061468,Kong
6/4/2026 0:00,CC69061469,Kong
6/4/2026 0:00,CC69061470,Kong
6/4/2026 0:00,CC69061471,Kong
6/8/2026 0:00,BS26060578,Tom
6/8/2026 0:00,BS26060579,Tom
6/8/2026 0:00,BS26060580,Tom
6/8/2026 0:00,BS26060581,Tom
6/9/2026 0:00,BS26060582,Tom
6/9/2026 0:00,BS26060583,Tom
6/10/2026 0:00,BSF26051250,Kong
6/10/2026 0:00,BSF26051251,Kong
6/10/2026 0:00,BSF26051252,Kong
6/10/2026 0:00,BSF26051253,Kong
6/10/2026 0:00,BSF26051254,Kong
6/10/2026 0:00,BSF26051255,Kong
6/10/2026 0:00,BSF26061256,Tom
6/10/2026 0:00,BSF26061257,Tom
6/10/2026 0:00,BSF26061258,Tom
6/10/2026 0:00,BSF26061259,Tom
6/10/2026 0:00,BSF26061260,Tom
6/10/2026 0:00,BSF26061261,Tom
6/10/2026 0:00,BSF26061262,Tom
6/10/2026 0:00,BSF26061263,Tom
6/10/2026 0:00,BSF26061264,Tom
6/10/2026 0:00,BSF26061265,Tom
6/10/2026 0:00,BSF26061266,Tom
6/10/2026 0:00,BSF26061267,Tom
6/10/2026 0:00,BSF26061268,Tom
6/10/2026 0:00,BSF26061269,Tom
6/11/2026 0:00,BSF26061270,Kong
6/11/2026 0:00,BSF26061271,Kong
6/11/2026 0:00,BSF26061272,Kong
6/11/2026 0:00,BSF26061273,Kong
6/11/2026 0:00,BSF26061274,Kong
6/11/2026 0:00,BSF26061275,Kong
6/12/2026 0:00,A204156096560054,Kong
6/12/2026 0:00,A204156096560060,Kong
6/12/2026 0:00,A204156096560064,Kong
6/12/2026 0:00,A204156096560070,Kong
6/12/2026 0:00,A204156096560159,Kong
6/12/2026 0:00,A204156096560161,Kong
6/12/2026 0:00,A204156096560163,Kong
6/12/2026 0:00,A204156096620007,Kong
6/12/2026 0:00,A204156096620095,Kong
6/12/2026 0:00,A204156096620139,Kong
6/12/2026 0:00,A204156096620238,Kong
6/12/2026 0:00,A204156096620287,Kong
6/12/2026 0:00,A204156096620333,Kong
6/12/2026 0:00,A204156096620360,Kong
6/12/2026 0:00,A204156096620404,Kong
6/12/2026 0:00,A204156096620428,Kong
6/12/2026 0:00,A204156096620500,Kong
6/15/2026 0:00,D37429,Kong
6/15/2026 0:00,D37430,Kong
6/15/2026 0:00,D37431,Kong
6/15/2026 0:00,D37432,Kong
6/15/2026 0:00,D37433,Kong
6/15/2026 0:00,D37434,Kong
6/15/2026 0:00,D37435,Kong
6/15/2026 0:00,D37436,Kong
6/15/2026 0:00,D37437,Kong
6/15/2026 0:00,D37438,Kong
6/15/2026 0:00,D37439,Kong
6/15/2026 0:00,D37440,Kong
6/15/2026 0:00,D37442,Kong
6/15/2026 0:00,D37443,Kong
6/15/2026 0:00,D37444,Kong
6/15/2026 0:00,D37445,Kong
6/15/2026 0:00,D37446,Kong
6/15/2026 0:00,D37447,Kong
6/15/2026 0:00,D37448,Kong
6/15/2026 0:00,D37572,Kong
6/15/2026 0:00,SC426061842,Tom
6/15/2026 0:00,SC426061843,Tom
6/15/2026 0:00,SC426061844,Tom
6/15/2026 0:00,SC426061845,Tom
6/15/2026 0:00,SC426061846,Tom
6/15/2026 0:00,SC426061847,Tom
6/15/2026 0:00,SC426061848,Tom
6/15/2026 0:00,SC426061849,Tom
6/15/2026 0:00,SC426061850,Tom
6/15/2026 0:00,SC426061851,Tom
6/15/2026 0:00,SC426061852,Tom
6/15/2026 0:00,SC426061853,Tom
6/15/2026 0:00,SC426061854,Tom
6/15/2026 0:00,SC426061855,Tom
6/15/2026 0:00,SC426061856,Tom
6/15/2026 0:00,SC426061857,Tom
6/15/2026 0:00,SC426061858,Tom
6/15/2026 0:00,SC426061859,Tom
6/15/2026 0:00,SC426061860,Tom
6/16/2026 0:00,A204156096620433,Kong
6/16/2026 0:00,A204156096620434,Kong
6/16/2026 0:00,A204156096620435,Kong
6/16/2026 0:00,A204156096620436,Kong
6/16/2026 0:00,A204156096620437,Kong
6/16/2026 0:00,A204156096620438,Kong
6/16/2026 0:00,A204156096620439,Kong
6/16/2026 0:00,A204156096620440,Kong
6/16/2026 0:00,A204156096620441,Kong
6/16/2026 0:00,A204156096620442,Kong
6/16/2026 0:00,A204156096620443,Kong
6/16/2026 0:00,A204156096620444,Kong
6/16/2026 0:00,A204156096620445,Kong
6/16/2026 0:00,A204156096620446,Kong
6/16/2026 0:00,A204156096620447,Kong
6/16/2026 0:00,A204156096620448,Kong
6/16/2026 0:00,A204156096620449,Kong
6/16/2026 0:00,A204156096620450,Kong
6/16/2026 0:00,A204156096620451,Kong
6/16/2026 0:00,A204156096620452,Kong
6/16/2026 0:00,A204156096620453,Kong
6/16/2026 0:00,A204156096620454,Kong
6/16/2026 0:00,A204156096620455,Kong
6/16/2026 0:00,A204156096620456,Kong
6/16/2026 0:00,BP26061985,Tom
6/17/2026 0:00,BP26061986,Tom
6/17/2026 0:00,BP26061987,Tom
6/17/2026 0:00,SCS26060237,Ice
6/18/2026 0:00,AL26061127,Kong
6/18/2026 0:00,AL26061128,Kong
6/18/2026 0:00,AL26061129,Kong
6/18/2026 0:00,AL26061130,Kong
6/18/2026 0:00,AL26061131,Kong
6/18/2026 0:00,AL26061132,Kong
6/18/2026 0:00,AL26061133,Kong
6/18/2026 0:00,AL26061134,Kong
6/18/2026 0:00,AL26061135,Kong
6/18/2026 0:00,AL26061136,Kong
6/18/2026 0:00,BP26061988,Tom
6/18/2026 0:00,BP26061989,Tom
6/18/2026 0:00,BP26061990,Tom
6/18/2026 0:00,BP26061991,Tom
6/18/2026 0:00,BP26061992,Tom
6/18/2026 0:00,BP26061993,Tom
6/18/2026 0:00,BP26061994,Tom
6/19/2026 0:00,AA626060424,Don
6/19/2026 0:00,MC26061847,Ice
6/19/2026 0:00,MC26061848,Ice
6/19/2026 0:00,MC26061849,Ice
6/19/2026 0:00,MC26061850,Ice
6/19/2026 0:00,MC26061851,Ice
6/19/2026 0:00,MC26061852,Ice
6/19/2026 0:00,MC26061853,Ice
6/19/2026 0:00,MC26061854,Ice
6/19/2026 0:00,MC26061855,Ice
6/19/2026 0:00,MC26061856,Ice
6/19/2026 0:00,MC26061857,Ice
6/19/2026 0:00,MC26061858,Ice
6/19/2026 0:00,MC26061859,Ice
6/19/2026 0:00,MC26061860,Ice
6/19/2026 0:00,MC26061861,Ice
6/19/2026 0:00,MC26061862,Ice
6/19/2026 0:00,MC26061863,Ice
6/19/2026 0:00,MC26061864,Ice
6/19/2026 0:00,MC26061865,Ice
6/19/2026 0:00,MC26061866,Ice
6/19/2026 0:00,MC26061867,Ice
6/19/2026 0:00,MC26061868,Ice
6/19/2026 0:00,MC26061869,Ice
6/19/2026 0:00,MC26061870,Ice
6/19/2026 0:00,MC26061871,Ice
6/19/2026 0:00,MC26061872,Ice
6/19/2026 0:00,MC26061873,Ice
6/19/2026 0:00,MC26061874,Ice
6/19/2026 0:00,MC26061875,Ice
6/19/2026 0:00,MC26061876,Ice
6/19/2026 0:00,MC26061877,Ice
6/19/2026 0:00,MC26061878,Ice
6/19/2026 0:00,SCS26060238,Ice
6/19/2026 0:00,SCS26060239,Ice
6/19/2026 0:00,SCS26060240,Ice
6/19/2026 0:00,SCS26060241,Ice
6/19/2026 0:00,SCS26060242,Ice
6/19/2026 0:00,SCS26060243,Ice
6/19/2026 0:00,SCS26060244,Ice
6/19/2026 0:00,SCS26060245,Ice
6/19/2026 0:00,SCS26060246,Ice
6/19/2026 0:00,SCS26060247,Ice
6/22/2026 0:00,BM26061411,Tom
6/23/2026 0:00,AA326060190,Kong
6/23/2026 0:00,AA326060191,Kong
6/23/2026 0:00,AA326060192,Kong
6/23/2026 0:00,AA326060193,Kong
6/23/2026 0:00,AA326060194,Kong
6/23/2026 0:00,AA326060195,Kong
6/23/2026 0:00,AA326060196,Kong
6/23/2026 0:00,AA326060197,Kong
6/23/2026 0:00,AA326060198,Kong
6/23/2026 0:00,AA326060199,Kong
6/23/2026 0:00,BM26061412,Tom
6/23/2026 0:00,SC426061861,Kong
6/23/2026 0:00,SC426061862,Kong
6/23/2026 0:00,SC426061863,Kong
6/23/2026 0:00,SC426061864,Kong
6/23/2026 0:00,SC426061865,Kong
6/23/2026 0:00,SC426061866,Kong
6/23/2026 0:00,SC426061867,Kong
6/23/2026 0:00,SC426061868,Kong
6/23/2026 0:00,SC426061869,Kong
6/23/2026 0:00,SC426061870,Kong
6/24/2026 0:00,AA1225090291,Don
6/24/2026 0:00,AA1226060308,Don
6/24/2026 0:00,AA1226060309,Don
6/24/2026 0:00,AA1226060311,Don
6/24/2026 0:00,AA1226060312,Don
6/24/2026 0:00,AA1226060313,Don
6/24/2026 0:00,AA1226060314,Don
6/24/2026 0:00,AA626060426,Don
6/24/2026 0:00,AA626060427,Don
6/24/2026 0:00,AA626060428,Don
6/24/2026 0:00,AA626060429,Don
6/24/2026 0:00,AA626060430,Don
6/24/2026 0:00,AA626060431,Don
6/24/2026 0:00,AA626060432,Don
6/24/2026 0:00,AA626060433,Don
6/24/2026 0:00,AA626060434,Don
6/24/2026 0:00,AA626060435,Don
6/24/2026 0:00,AA626060436,Don
6/24/2026 0:00,AA626060437,Don
6/24/2026 0:00,AA626060438,Don
6/24/2026 0:00,BM26061413,Tom
6/24/2026 0:00,SC426061871,Kong
6/24/2026 0:00,SC426061872,Kong
6/24/2026 0:00,SC426061873,Kong
6/24/2026 0:00,SC426061874,Kong
6/24/2026 0:00,SC426061875,Kong
6/24/2026 0:00,SC426061876,Kong
6/24/2026 0:00,SC426061877,Kong
6/24/2026 0:00,SC426061878,Kong
6/24/2026 0:00,SC426061879,Kong
6/24/2026 0:00,SC426061880,Kong
6/24/2026 0:00,SCS26060248,Ice
6/24/2026 0:00,SCS26060249,Ice
6/25/2026 0:00,AA1225090290,Don
6/25/2026 0:00,AA1226050293,Don
6/25/2026 0:00,AA1226050294,Don
6/25/2026 0:00,AA1226050295,Don
6/25/2026 0:00,AA1226050296,Don
6/25/2026 0:00,AA1226050297,Don
6/25/2026 0:00,AA1226050298,Don
6/25/2026 0:00,AA1226050299,Don
6/25/2026 0:00,AA1226050300,Don
6/25/2026 0:00,AA1226050301,Don
6/25/2026 0:00,AA1226050302,Don
6/25/2026 0:00,AA1226060303,Don
6/25/2026 0:00,AA1226060304,Don
6/25/2026 0:00,AA1226060305,Don
6/25/2026 0:00,AA1226060306,Don
6/25/2026 0:00,AA626040374,Don
6/25/2026 0:00,AA626050393,Don
6/25/2026 0:00,AA626050396,Don
6/25/2026 0:00,AA626050411,Don
6/25/2026 0:00,AA626050416,Don
6/25/2026 0:00,AA626050417,Don
6/25/2026 0:00,AA626060412,Don
6/25/2026 0:00,AA626060413,Don
6/25/2026 0:00,AA626060414,Don
6/25/2026 0:00,AA626060415,Don
6/25/2026 0:00,AA626060418,Don
6/25/2026 0:00,AA626060419,Don
6/25/2026 0:00,AA626060420,Don
6/25/2026 0:00,AA626060421,Don
6/25/2026 0:00,AA626060422,Don
6/25/2026 0:00,AA626060423,Don
6/25/2026 0:00,AA626060425,Don
6/25/2026 0:00,BM26061414,Tom
6/25/2026 0:00,BM26061415,Tom
6/25/2026 0:00,BM26061416,Tom
6/25/2026 0:00,BM26061417,Tom
6/25/2026 0:00,BM26061418,Tom
6/25/2026 0:00,BM26061419,Tom
6/25/2026 0:00,BM26061420,Tom
6/25/2026 0:00,BSG26060400,Kong
6/25/2026 0:00,BSG26060401,Kong
6/25/2026 0:00,CI26061495,Ice
6/25/2026 0:00,CI26061496,Ice
6/25/2026 0:00,CI26061497,Ice
6/25/2026 0:00,CI26061498,Ice
6/25/2026 0:00,CI26061499,Ice
6/25/2026 0:00,CI26061500,Ice
6/25/2026 0:00,CI26061501,Ice
6/25/2026 0:00,CI26061502,Ice
6/25/2026 0:00,CI26061503,Ice
6/25/2026 0:00,CI26061504,Ice
6/25/2026 0:00,CI26061505,Ice
6/25/2026 0:00,CI26061506,Ice
6/25/2026 0:00,CI26061507,Ice
6/25/2026 0:00,CI26061508,Ice
6/25/2026 0:00,CI26061509,Ice
6/25/2026 0:00,CI26061510,Ice
6/25/2026 0:00,CI26061511,Ice
6/25/2026 0:00,CI26061512,Ice
6/25/2026 0:00,CI26061513,Ice
6/25/2026 0:00,CI26061514,Ice
6/26/2026 0:00,BSG26060402,Kong
6/26/2026 0:00,BSG26060403,Kong
6/26/2026 0:00,BSG26060404,Kong
6/26/2026 0:00,BSG26060405,Kong
6/26/2026 0:00,BSG26060406,Kong
6/26/2026 0:00,BSG26060407,Kong
6/26/2026 0:00,BSG26060408,Kong
6/26/2026 0:00,BSG26060409,Kong
6/27/2026 0:00,D39431,Tom
6/27/2026 0:00,D39432,Tom
6/27/2026 0:00,D39433,Tom
6/27/2026 0:00,D39434,Tom
6/27/2026 0:00,D39435,Tom
6/27/2026 0:00,D39436,Tom
6/27/2026 0:00,D39437,Tom
6/27/2026 0:00,D39438,Tom
6/27/2026 0:00,D39439,Tom
6/27/2026 0:00,D39440,Tom
6/27/2026 0:00,D39441,Tom
6/27/2026 0:00,D39442,Tom
6/27/2026 0:00,D39443,Tom
6/27/2026 0:00,D39445,Tom
6/27/2026 0:00,D39446,Tom
6/27/2026 0:00,D39447,Tom
6/27/2026 0:00,D39448,Tom
6/27/2026 0:00,D39449,Tom
6/27/2026 0:00,D39450,Tom
6/27/2026 0:00,D39454,Tom
6/27/2026 0:00,D39551,Tom
6/27/2026 0:00,D39552,Tom
6/27/2026 0:00,D39553,Tom
6/27/2026 0:00,D39554,Tom
6/27/2026 0:00,D39555,Tom
6/27/2026 0:00,D39556,Tom
6/27/2026 0:00,D39557,Tom
6/27/2026 0:00,D39558,Tom
6/27/2026 0:00,D39559,Tom
6/27/2026 0:00,D39560,Tom
6/27/2026 0:00,D39561,Tom
6/27/2026 0:00,D39562,Tom
6/27/2026 0:00,D39563,Tom
6/27/2026 0:00,D39564,Tom
6/27/2026 0:00,D39565,Tom
6/27/2026 0:00,D39566,Tom
6/27/2026 0:00,D39567,Tom
6/27/2026 0:00,D39568,Tom
6/27/2026 0:00,D39569,Tom
6/27/2026 0:00,D39570,Tom
6/27/2026 0:00,SW26060487,Kong
6/27/2026 0:00,SW26060488,Kong
6/27/2026 0:00,SW26060489,Kong
6/27/2026 0:00,SW26060490,Kong
6/27/2026 0:00,SW26060491,Kong
6/27/2026 0:00,SW26060492,Kong
6/27/2026 0:00,SW26060493,Kong
6/27/2026 0:00,SW26060494,Kong
6/27/2026 0:00,SW26060495,Kong
6/27/2026 0:00,SW26060496,Kong
6/27/2026 0:00,SW26060497,Kong
6/27/2026 0:00,SW26060498,Kong
6/27/2026 0:00,SW26060499,Kong
6/27/2026 0:00,SW26060500,Kong
6/27/2026 0:00,SW26060501,Kong
6/27/2026 0:00,SW26060502,Kong
6/27/2026 0:00,SW26060503,Kong
6/27/2026 0:00,SW26060504,Kong
6/27/2026 0:00,SW26060505,Kong
6/27/2026 0:00,SW26060506,Kong
6/29/2026 0:00,BP26061995,Tom
6/29/2026 0:00,BP26061996,Tom
6/29/2026 0:00,BP26061997,Tom
6/29/2026 0:00,BP26061998,Tom
6/29/2026 0:00,BP26061999,Tom
6/30/2026 0:00,BP26062000,Tom
7/1/2026 0:00,BP26062001,Tom
7/1/2026 0:00,BP26062002,Tom
7/1/2026 0:00,BP26062003,Tom
7/1/2026 0:00,BP26062004,Tom
7/1/2026 0:00,BSF26071276,Kong
7/1/2026 0:00,BSF26071277,Kong
7/1/2026 0:00,BSF26071278,Kong
7/1/2026 0:00,BSF26071279,Kong
7/1/2026 0:00,BSF26071280,Kong
7/1/2026 0:00,BSF26071281,Kong
7/1/2026 0:00,BSF26071282,Kong
7/1/2026 0:00,BSF26071283,Kong
7/1/2026 0:00,BSF26071284,Kong
7/2/2026 0:00,A204156096620121,Kong
7/2/2026 0:00,A204156096620127,Kong
7/2/2026 0:00,A204156096620130,Kong
7/2/2026 0:00,A204156096620133,Kong
7/2/2026 0:00,A204156096620141,Kong
7/2/2026 0:00,A204156096620270,Kong
7/2/2026 0:00,A204156096620276,Kong
7/2/2026 0:00,A204156096620282,Kong
7/2/2026 0:00,A204156096620288,Kong
7/2/2026 0:00,A204156096620319,Kong
7/2/2026 0:00,A204156096620320,Kong
7/2/2026 0:00,A204156096620321,Kong
7/2/2026 0:00,A204156096620323,Kong
7/3/2026 0:00,A204156096620122,Kong
7/3/2026 0:00,A204156096620124,Kong
7/3/2026 0:00,A204156096620128,Kong
7/3/2026 0:00,A204156096620134,Kong
7/3/2026 0:00,A204156096620136,Kong
7/3/2026 0:00,A204156096620140,Kong
7/3/2026 0:00,A204156096620142,Kong
7/3/2026 0:00,A204156096620268,Kong
7/3/2026 0:00,A204156096620274,Kong
7/3/2026 0:00,A204156096620280,Kong
7/3/2026 0:00,A204156096620286,Kong
7/3/2026 0:00,SC426061881,Kong
7/3/2026 0:00,SC426071882,Kong
7/3/2026 0:00,SC426071883,Kong
7/3/2026 0:00,SC426071884,Kong
7/3/2026 0:00,SC426071885,Kong
7/3/2026 0:00,SC426071886,Kong
7/3/2026 0:00,SC426071887,Kong
7/3/2026 0:00,SC426071888,Kong
7/3/2026 0:00,SC426071889,Kong
7/3/2026 0:00,SC426071890,Kong
7/3/2026 0:00,SC426071891,Kong
7/3/2026 0:00,SC426071892,Kong
7/3/2026 0:00,SC426071893,Kong
7/3/2026 0:00,SC426071894,Kong
7/3/2026 0:00,SC426071895,Kong
7/3/2026 0:00,SC426071896,Kong
7/3/2026 0:00,SC426071897,Kong
7/3/2026 0:00,SC426071898,Kong
7/3/2026 0:00,SC426071899,Kong
7/3/2026 0:00,SC426071900,Kong
7/3/2026 0:00,SC426071901,Kong
7/3/2026 0:00,SC426071902,Kong
7/3/2026 0:00,SC426071903,Kong
7/3/2026 0:00,SC426071904,Kong
7/3/2026 0:00,SC426071905,Kong
7/3/2026 0:00,SC426071906,Kong
7/3/2026 0:00,SC426071907,Kong
7/3/2026 0:00,SC426071908,Kong
7/3/2026 0:00,SC426071909,Kong
7/3/2026 0:00,SC426071910,Kong
7/3/2026 0:00,SC426071911,Kong
7/4/2026 0:00,AA1226060315,Don
7/4/2026 0:00,AA1226060316,Don
7/4/2026 0:00,AA1226060317,Don
7/4/2026 0:00,AA1226060318,Don
7/4/2026 0:00,AA1226060319,Don
7/4/2026 0:00,AA1226060320,Don
7/4/2026 0:00,AA1226060321,Don
7/4/2026 0:00,AA1226060322,Don
7/4/2026 0:00,AA1226060323,Don
7/4/2026 0:00,AA1226060324,Don
7/4/2026 0:00,AA1226060325,Don
7/4/2026 0:00,AA1226060326,Don
7/4/2026 0:00,AA1226060327,Don
7/4/2026 0:00,AA1226060328,Don
7/4/2026 0:00,AA1226060329,Don
7/4/2026 0:00,AA626060439,Don
7/4/2026 0:00,AA626060440,Don
7/4/2026 0:00,AA626060441,Don
7/4/2026 0:00,AA626060442,Don
7/4/2026 0:00,AA626060443,Don
7/6/2026 0:00,CC69071472,Kong
7/6/2026 0:00,CC69071473,Kong
7/6/2026 0:00,CC69071474,Kong
7/6/2026 0:00,CC69071475,Kong
7/6/2026 0:00,CC69071476,Kong
7/6/2026 0:00,QC26070027,Ice
7/6/2026 0:00,QM26070034,Ice
7/6/2026 0:00,QM26070035,Ice
7/6/2026 0:00,RM26070044,Ice
7/6/2026 0:00,RM26070045,Ice
7/7/2026 0:00,BP26072005,Tom
7/7/2026 0:00,BP26072006,Tom
7/7/2026 0:00,BP26072007,Tom
7/7/2026 0:00,SCS26070250,Ice
7/7/2026 0:00,SCS26070251,Ice
7/7/2026 0:00,SCS26070252,Ice
7/7/2026 0:00,SCS26070253,Ice
7/7/2026 0:00,SCS26070254,Ice
7/7/2026 0:00,SCS26070255,Ice
7/8/2026 0:00,BP26072008,Tom
7/8/2026 0:00,BP26072009,Tom
7/8/2026 0:00,BP26072010,Tom
7/8/2026 0:00,BP26072011,Tom
7/8/2026 0:00,BP26072012,Tom
7/8/2026 0:00,BP26072013,Tom
7/8/2026 0:00,BP26072014,Tom
7/8/2026 0:00,MC26071879,Ice
7/8/2026 0:00,MC26071880,Ice
7/8/2026 0:00,MC26071881,Ice
7/8/2026 0:00,MC26071882,Ice
7/8/2026 0:00,MC26071883,Ice
7/8/2026 0:00,MC26071884,Ice
7/8/2026 0:00,MC26071885,Ice
7/8/2026 0:00,MC26071886,Ice
7/8/2026 0:00,MC26071887,Ice
7/8/2026 0:00,MC26071888,Ice
7/8/2026 0:00,MC26071889,Ice
7/8/2026 0:00,MC26071890,Ice
7/8/2026 0:00,MC26071891,Ice
7/8/2026 0:00,MC26071892,Ice
7/8/2026 0:00,MC26071893,Ice
7/8/2026 0:00,MC26071894,Ice
7/8/2026 0:00,MC26071895,Ice
7/8/2026 0:00,MC26071896,Ice
